scenario,model,peak_rank,peak_day,peak_DVOL,days,quotes,equal_date_RMSE_forward,equal_date_RMSE_USD
fixed_28pct,BS_fixed,3,2022-11-09,114.72,1,14,0.0304964512786874,505.18431790959295
fixed_28pct,BS_fixed,8,2021-03-24,95.04,1,13,0.0087853291940435,472.04817361249184
fixed_28pct,DH_PINN,3,2022-11-09,114.72,1,14,0.0301496867588443,499.4183284217648
fixed_28pct,DH_PINN,8,2021-03-24,95.04,1,13,0.0085979941237639,461.9645957083307
fixed_28pct,DH_numerical,3,2022-11-09,114.72,1,14,0.0301491502152502,499.40949158551706
fixed_28pct,DH_numerical,8,2021-03-24,95.04,1,13,0.0085971511938647,461.9190114292472
fixed_28pct,SH_numerical,3,2022-11-09,114.72,1,14,0.0296303126378847,490.8110472945568
fixed_28pct,SH_numerical,8,2021-03-24,95.04,1,13,0.0085080213147307,457.11893533996334
fixed_45pct,BS_fixed,3,2022-11-09,114.72,1,14,0.0249955857420366,414.051046231383
fixed_45pct,BS_fixed,8,2021-03-24,95.04,1,13,0.0069499960319314,373.2511728402632
fixed_45pct,DH_PINN,3,2022-11-09,114.72,1,14,0.0250472704787227,414.8957303779577
fixed_45pct,DH_PINN,8,2021-03-24,95.04,1,13,0.0068968827815456,370.39343932520137
fixed_45pct,DH_numerical,3,2022-11-09,114.72,1,14,0.0250473635421452,414.89744556400785
fixed_45pct,DH_numerical,8,2021-03-24,95.04,1,13,0.0069020496780138,370.6713960208363
fixed_45pct,SH_numerical,3,2022-11-09,114.72,1,14,0.0249453994793818,413.1960813340866
fixed_45pct,SH_numerical,8,2021-03-24,95.04,1,13,0.0068338222767538,366.99872864252706
fixed_60pct,BS_fixed,3,2022-11-09,114.72,1,14,0.0189309867354243,313.578032326818
fixed_60pct,BS_fixed,8,2021-03-24,95.04,1,13,0.0046928212123496,251.83975847208657
fixed_60pct,DH_PINN,3,2022-11-09,114.72,1,14,0.0196456271084383,325.41009822524694
fixed_60pct,DH_PINN,8,2021-03-24,95.04,1,13,0.0048034635328655,257.7865631721449
fixed_60pct,DH_numerical,3,2022-11-09,114.72,1,14,0.0196545219048564,325.5574659050318
fixed_60pct,DH_numerical,8,2021-03-24,95.04,1,13,0.0048078300195173,258.0217881801019
fixed_60pct,SH_numerical,3,2022-11-09,114.72,1,14,0.0197777805177954,327.5903759091743
fixed_60pct,SH_numerical,8,2021-03-24,95.04,1,13,0.0048178943107205,258.558273364012
