date,expiry,strike,call_id,put_id,call_timestamp,put_timestamp,ratio
2022-11-10,2022-11-25,16500.0,234939426,234941168,1668063028318,1668063512421,0.9915807914108735
2022-11-10,2022-11-25,18000.0,234940254,234938853,1668063204812,1668062864345,0.9912315749784437
2022-11-10,2022-11-25,18500.0,234940348,234940975,1668063236824,1668063424057,0.9897964041382089
2022-05-14,2022-05-20,30000.0,214427483,214427495,1652509938650,1652509963632,0.9987667088932949
2022-05-14,2022-05-20,28000.0,214427621,214427226,1652510002664,1652509646402,0.999207663624444
2022-05-14,2022-05-20,31000.0,214427869,214427508,1652510109675,1652509967244,0.9984710459816544
2021-03-26,2021-04-02,54000.0,139046419,139047020,1616741309498,1616741662035,1.0040648324688528
2021-03-26,2021-04-02,56000.0,139047895,139047021,1616741930887,1616741662039,1.0039842083293056
2021-03-26,2021-04-02,58000.0,139046412,139047022,1616741285641,1616741662040,1.0050688530702367
2021-03-27,2021-03-27,55000.0,139271771,139271570,1616826790494,1616826504006,0.9988673288229845
2021-03-27,2021-03-27,56000.0,139273140,139272930,1616828082388,1616827842064,0.999586245371945
2021-03-27,2021-03-27,54000.0,139271594,139271792,1616826530339,1616826857697,0.9990532946084107
2021-03-27,2021-03-28,55000.0,139273748,139273738,1616828340539,1616828336375,1.0007191441584111
2021-03-27,2021-03-28,56000.0,139273037,139273164,1616827984907,1616828113426,1.0006333561241367
2021-03-27,2021-03-28,54000.0,139273496,139273510,1616828202714,1616828208209,1.0002994878197087
