regime,scenario,model,quotes,dates,RMSE_USD,MAE_USD,RMSE_forward,median_date_RMSE_forward,median_date_RMSE_USD,IV_RMSE_vol_points,IV_valid_quotes,model_bound_violations
all,fixed_28pct,BS_fixed,27,2,489.5099570585869,398.11703371602994,0.022790377831466695,0.01964089023636546,488.61624576104236,66.0819267784145,22,0
all,fixed_28pct,DH_PINN,27,2,481.74866947609826,393.67986086398474,0.022515083093890713,0.019373840441304125,480.69146206504774,66.81717735795493,23,0
all,fixed_28pct,DH_numerical,27,2,481.72287309725175,393.66504434879306,0.022514555567023847,0.019373150704557484,480.6642515073821,67.17484967336625,22,0
all,fixed_28pct,SH_numerical,27,2,474.8873999736872,389.5064344761992,0.022137950928345886,0.019069166976307752,473.9649913172601,66.07473153427058,22,0
all,fixed_45pct,BS_fixed,27,2,394.9331616559598,337.96907911446584,0.018633742864904577,0.015972790886984067,393.65110953582314,54.36660620694946,27,0
all,fixed_45pct,DH_PINN,27,2,394.09650246265335,337.9143349895489,0.018660208719617016,0.015972076630134203,392.64458485157957,53.84970114455176,27,0
all,fixed_45pct,DH_numerical,27,2,394.22324726451393,337.9929253654478,0.01866119329738553,0.015974706610079527,392.7844207924221,53.830474782997335,27,0
all,fixed_45pct,SH_numerical,27,2,391.63375235438934,336.6363107127687,0.01857809943478508,0.015889610878067853,390.09740498830683,51.78399384530275,25,0
all,fixed_60pct,BS_fixed,27,2,285.52349480585656,253.66933777850383,0.014015395034111587,0.011811903973886973,282.7088953994523,40.3441571920674,27,0
all,fixed_60pct,DH_PINN,27,2,294.793405772955,262.42111594924637,0.014533819700862328,0.012224545320651946,291.5983306986959,41.024800051352905,27,0
all,fixed_60pct,DH_numerical,27,2,294.9768008313365,262.57394087830284,0.014540748900391209,0.012231175962186858,291.78962704256685,41.07415028461556,27,0
all,fixed_60pct,SH_numerical,27,2,296.3667217074098,264.6625593195612,0.014628746185104709,0.012297837414258009,293.07432463659313,41.71758863663413,27,0
shock,fixed_28pct,BS_fixed,27,2,489.5099570585869,398.11703371602994,0.022790377831466695,0.01964089023636546,488.61624576104236,66.0819267784145,22,0
shock,fixed_28pct,DH_PINN,27,2,481.74866947609826,393.67986086398474,0.022515083093890713,0.019373840441304125,480.69146206504774,66.81717735795493,23,0
shock,fixed_28pct,DH_numerical,27,2,481.72287309725175,393.66504434879306,0.022514555567023847,0.019373150704557484,480.6642515073821,67.17484967336625,22,0
shock,fixed_28pct,SH_numerical,27,2,474.8873999736872,389.5064344761992,0.022137950928345886,0.019069166976307752,473.9649913172601,66.07473153427058,22,0
shock,fixed_45pct,BS_fixed,27,2,394.9331616559598,337.96907911446584,0.018633742864904577,0.015972790886984067,393.65110953582314,54.36660620694946,27,0
shock,fixed_45pct,DH_PINN,27,2,394.09650246265335,337.9143349895489,0.018660208719617016,0.015972076630134203,392.64458485157957,53.84970114455176,27,0
shock,fixed_45pct,DH_numerical,27,2,394.22324726451393,337.9929253654478,0.01866119329738553,0.015974706610079527,392.7844207924221,53.830474782997335,27,0
shock,fixed_45pct,SH_numerical,27,2,391.63375235438934,336.6363107127687,0.01857809943478508,0.015889610878067853,390.09740498830683,51.78399384530275,25,0
shock,fixed_60pct,BS_fixed,27,2,285.52349480585656,253.66933777850383,0.014015395034111587,0.011811903973886973,282.7088953994523,40.3441571920674,27,0
shock,fixed_60pct,DH_PINN,27,2,294.793405772955,262.42111594924637,0.014533819700862328,0.012224545320651946,291.5983306986959,41.024800051352905,27,0
shock,fixed_60pct,DH_numerical,27,2,294.9768008313365,262.57394087830284,0.014540748900391209,0.012231175962186858,291.78962704256685,41.07415028461556,27,0
shock,fixed_60pct,SH_numerical,27,2,296.3667217074098,264.6625593195612,0.014628746185104709,0.012297837414258009,293.07432463659313,41.71758863663413,27,0
