date,regime,instrument,cp,tau,x,index,forward,price_btc,price_usd,scenario,model,prediction_usd,prediction_btc,error_usd,error_fwd,market_iv,model_iv,iv_error_vol_points,model_bound_violation
2022-11-10,shock,BTC-25NOV22-12000-P,P,0.041099627156265854,0.3189312800344587,16653.91,16507.881438849254,0.013,216.50082999999998,fixed_28pct,DH_PINN,0.006146918264806673,3.6909760319388497e-07,-216.49468308173516,-0.01311462551289239,1.3252267928528838,0.38783372608264277,-93.7393066770241,False
2022-11-10,shock,BTC-25NOV22-13000-P,P,0.04110240058980213,0.2387696742936564,16651.93,16505.918800330797,0.0185,308.060705,fixed_28pct,DH_PINN,0.18871073714656098,1.1332664570807166e-05,-307.87199426285343,-0.01865221790965574,1.2026603142734726,0.3660586137673591,-83.66017005061136,False
2022-11-10,shock,BTC-25NOV22-14000-P,P,0.04114935280314561,0.1697508417601584,16736.89,16590.133834940963,0.0285,477.001365,fixed_28pct,DH_PINN,2.8247019788615737,0.00016877101892057449,-474.17666302113844,-0.028581846761384238,1.143918948294966,0.3471184668047182,-79.68004814902478,False
2022-11-10,shock,BTC-25NOV22-14500-P,P,0.04112473484271943,0.13062735860489047,16669.54,16523.374388366166,0.0335,558.4295900000001,fixed_28pct,DH_PINN,11.052264510947762,0.0006630215657389322,-547.3773254890523,-0.033127454031087716,1.0657053627944666,0.3355275259833653,-73.01778368111013,False
2022-11-10,shock,BTC-25NOV22-15000-P,P,0.041134879153982756,0.1037415253603506,16786.9,16639.70532600564,0.039,654.6891,fixed_28pct,DH_PINN,26.406888873891944,0.0015730652397936452,-628.2822111261081,-0.037758013066745054,1.0302173006734103,0.3268275319972738,-70.33897686761365,False
2022-11-10,shock,BTC-25NOV22-15500-P,P,0.041124735698883814,0.06393598410621813,16669.54,16523.374388366166,0.0485,808.4726900000001,fixed_28pct,DH_PINN,83.31062111467112,0.004997775650358145,-725.162068885329,-0.043887044609719886,0.9701728861619495,0.312834950474359,-65.73379356875905,False
2022-11-10,shock,BTC-25NOV22-16000-P,P,0.041139873731608316,0.037748432498570864,16762.5,16615.519275576164,0.057,955.4625000000001,fixed_28pct,DH_PINN,165.26802210674504,0.00985938983485429,-790.194477893255,-0.04755761555131138,0.9404455200063845,0.3031517266857186,-63.72937933206659,False
2022-11-10,shock,BTC-25NOV22-17000-C,C,0.04109744314434297,-0.025594870398801917,16716.99,16570.408326598896,0.059,986.30241,fixed_28pct,DH_PINN,200.44047705757743,0.01199022533707189,-785.8619329424225,-0.047425622679493865,0.8768946263891835,0.2777155082405336,-59.917911814864986,False
2022-11-10,shock,BTC-25NOV22-17500-C,C,0.04120784677828513,-0.05797092784474396,16660.44,16514.35418103386,0.0465,774.7104599999999,fixed_28pct,DH_PINN,64.49674273633865,0.003871250863502924,-710.2137172636612,-0.04300584264320285,0.875476115697883,0.2636130296672279,-61.18630860306551,False
2022-11-10,shock,BTC-25NOV22-19000-C,C,0.041099817034500254,-0.14058663841761682,16654.15,16508.11933442725,0.018,299.7747,fixed_28pct,DH_PINN,0.22060280547505884,1.3246116161740996e-05,-299.55409719452496,-0.01814586453647768,0.7938132231755846,0.22420465070128498,-56.96085724742996,False
2022-11-10,shock,BTC-25NOV22-20000-C,C,0.04114629572552004,-0.18224542361649726,16815.38,16667.935601261022,0.011,184.96918,fixed_28pct,DH_PINN,0.0010063803096376895,5.984879970822482e-08,-184.96817361969036,-0.011097245516457148,0.7886423982847054,0.2057413550917258,-58.29010431929795,False
2022-11-10,shock,BTC-25NOV22-20500-C,C,0.041198447108066964,-0.21461039664872322,16686.86,16540.542519244795,0.008,133.49488,fixed_28pct,DH_PINN,4.158559242249401e-06,2.4921160974859267e-10,-133.49487584144075,-0.008070767671986603,0.8061010590476283,0.1956715967611277,-61.04294622865007,False
2022-11-10,shock,BTC-25NOV22-21000-C,C,0.04110384795154744,-0.23963965380189836,16671.32,16525.13878056963,0.006,100.02792,fixed_28pct,DH_PINN,4.735672793917325e-08,2.840610577877052e-12,-100.02791995264327,-0.0060530759396863155,0.8137431266111594,0.19258996177190585,-62.11531648392536,False
2022-11-10,shock,BTC-25NOV22-21500-C,C,0.041115123192541854,-0.2608921844828007,16709.34,16562.82540505031,0.005,83.5467,fixed_28pct,DH_PINN,1.9173601003703272e-09,1.147478057404019e-13,-83.54669999808264,-0.005044229952010949,0.8318044159825156,,,False
2021-03-26,shock,BTC-2APR21-38000-P,P,0.019243027872907152,0.3296510842462535,52624.44,52838.349532367196,0.0015,78.93666,fixed_28pct,DH_PINN,3.5226097230658e-06,6.693866429867567e-11,-78.93665647739029,-0.001493927368587394,1.2336927374519002,0.42065023039327515,-81.30425070586251,False
2021-03-26,shock,BTC-2APR21-40000-P,P,0.019242049847793,0.27860327302666865,52637.36,52851.322050002695,0.0025,131.5934,fixed_28pct,DH_PINN,6.975810764140595e-05,1.3252584787954022e-09,-131.59333024189237,-0.0024898777388651086,1.1715142797771847,0.39226884233981535,-77.92454374373693,False
2021-03-26,shock,BTC-2APR21-42000-P,P,0.019194412861491626,0.2445364277170207,53418.09,53635.225586656095,0.0035,186.963315,fixed_28pct,DH_PINN,0.0006622724357629291,1.2397905573990556e-08,-186.96265272756423,-0.0034858183345476347,1.1281864153858159,0.37624877427584796,-75.19376411099678,False
2021-03-26,shock,BTC-2APR21-44000-P,P,0.01919294311263318,0.19809447247788894,53422.26,53639.4125370075,0.005,267.1113,fixed_28pct,DH_PINN,0.017132624696102,3.20701982583702e-07,-267.0941673753039,-0.004979438713856669,1.036546083409765,0.3574121545102257,-67.91339288995394,False
2021-03-26,shock,BTC-2APR21-46000-P,P,0.019192243023845763,0.1536983031643372,53425.23,53642.39460955993,0.007,373.97661000000005,fixed_28pct,DH_PINN,0.3684111509134,6.8958271384774565e-06,-373.60819884908665,-0.006964793454289673,0.9375478622006994,0.3418931223832348,-59.56547398174645,False
2021-03-26,shock,BTC-2APR21-48000-P,P,0.01918143959284627,0.11346783125055084,53549.81,53767.481006388894,0.0095,508.723195,fixed_28pct,DH_PINN,4.7543927877823915,8.8784494058567e-05,-503.9688022122176,-0.009373115362282525,0.8361414344105152,0.3287902374666152,-50.73511969439001,False
2021-03-26,shock,BTC-2APR21-50000-P,P,0.019185817383307966,0.0699066915011684,53403.33,53620.40558972886,0.015,801.04995,fixed_28pct,DH_PINN,51.04917647174827,0.0009559174769016889,-750.0007735282517,-0.013987226789495162,0.7487927930507362,0.3135056845964972,-43.5287108454239,False
2021-03-26,shock,BTC-2APR21-52000-P,P,0.019179879724759007,0.0347920742130469,53623.06,53841.02875536724,0.025,1340.5765000000001,fixed_28pct,DH_PINN,245.32746509642652,0.004575036655804919,-1095.2490349035736,-0.020342275402648054,0.7309432449383115,0.29906559379115316,-43.18776511471584,False
2021-03-26,shock,BTC-2APR21-60000-C,C,0.019195049435565704,-0.11274991925337322,53385.44,53602.442869875995,0.01,533.8544,fixed_28pct,DH_PINN,0.07002457727587506,1.311679313233628e-06,-533.7843754227242,-0.009958209865892239,0.8146804842853671,0.22617471523059748,-58.850576905476956,False
2021-03-26,shock,BTC-2APR21-62000-C,C,0.01917901804287164,-0.1408468665765698,53636.56,53854.58363060557,0.007,375.45592,fixed_28pct,DH_PINN,0.00019396959337167902,3.6163690097142516e-09,-375.4557260304066,-0.00697165776279505,0.844550636547436,0.20951780454029026,-63.50328320071458,False
2021-03-26,shock,BTC-2APR21-64000-C,C,0.019208187753678337,-0.18038978176551487,53220.13,53436.46091242057,0.0045,239.49058499999998,fixed_28pct,DH_PINN,5.665834514712985e-09,1.064603659313306e-13,-239.49058499433414,-0.004481782305659166,0.8986061537560681,,,False
2021-03-26,shock,BTC-2APR21-74000-C,C,0.019249938070776258,-0.33875390388314425,52523.18,52736.6779274314,0.001,52.52318,fixed_28pct,DH_PINN,3.3090340649155903e-09,6.300140366435524e-14,-52.52317999669097,-0.0009959516234406304,1.1274739995651861,,,False
2021-03-26,shock,BTC-2APR21-76000-C,C,0.019187969051243023,-0.34770712216101485,53461.92,53679.23374826321,0.001,53.46192,fixed_28pct,DH_PINN,3.785824329414943e-09,7.081347488857383e-14,-53.46191999621418,-0.0009959516234328502,1.1541934408724157,,,False
2022-11-10,shock,BTC-25NOV22-12000-P,P,0.041099627156265854,0.3189312800344587,16653.91,16507.881438849254,0.013,216.50082999999998,fixed_28pct,DH_numerical,0.0070127830159435,4.210892826935837e-07,-216.49381721698404,-0.013114573061294993,1.3252267928528838,0.3905226595366742,-93.47041333162096,False
2022-11-10,shock,BTC-25NOV22-13000-P,P,0.04110240058980213,0.2387696742936564,16651.93,16505.918800330797,0.0185,308.060705,fixed_28pct,DH_numerical,0.20631888567634754,1.2390088456794349e-05,-307.85438611432363,-0.018651151131808177,1.2026603142734726,0.36859689635986786,-83.40634179136049,False
2022-11-10,shock,BTC-25NOV22-14000-P,P,0.04114935280314561,0.1697508417601584,16736.89,16590.133834940963,0.0285,477.001365,fixed_28pct,DH_numerical,2.891372519829269,0.00017275446751632286,-474.1099924801708,-0.02857782807524035,1.143918948294966,0.3480992296244705,-79.58197186704956,False
2022-11-10,shock,BTC-25NOV22-14500-P,P,0.04112473484271943,0.13062735860489047,16669.54,16523.374388366166,0.0335,558.4295900000001,fixed_28pct,DH_numerical,11.080020571214606,0.0006646866422957445,-547.3495694287855,-0.033125774225279625,1.0657053627944666,0.33566745239988377,-73.00379103945829,False
2022-11-10,shock,BTC-25NOV22-15000-P,P,0.041134879153982756,0.1037415253603506,16786.9,16639.70532600564,0.039,654.6891,fixed_28pct,DH_numerical,26.36762143735492,0.0015707260683839731,-628.3214785626451,-0.03776037293044261,1.0302173006734103,0.3267228948782456,-70.34944057951648,False
2022-11-10,shock,BTC-25NOV22-15500-P,P,0.041124735698883814,0.06393598410621813,16669.54,16523.374388366166,0.0485,808.4726900000001,fixed_28pct,DH_numerical,83.27793590582996,0.004995814875865198,-725.1947540941701,-0.043889022729205224,0.9701728861619495,0.31279297702510933,-65.73799091368402,False
2022-11-10,shock,BTC-25NOV22-16000-P,P,0.041139873731608316,0.037748432498570864,16762.5,16615.519275576164,0.057,955.4625000000001,fixed_28pct,DH_numerical,165.2398320977796,0.00985770810426724,-790.2226679022205,-0.047559312158471104,0.9404455200063845,0.30312591659228594,-63.73196034140985,False
2022-11-10,shock,BTC-25NOV22-17000-C,C,0.04109744314434297,-0.025594870398801917,16716.99,16570.408326598896,0.059,986.30241,fixed_28pct,DH_numerical,200.513945512949,0.011994620174621686,-785.788464487051,-0.04742118896525318,0.8768946263891835,0.27777554731454107,-59.91190790746423,False
2022-11-10,shock,BTC-25NOV22-17500-C,C,0.04120784677828513,-0.05797092784474396,16660.44,16514.35418103386,0.0465,774.7104599999999,fixed_28pct,DH_numerical,64.52603167196116,0.003873008856426431,-710.1844283280387,-0.04300406909909077,0.875476115697883,0.2636512952605193,-61.18248204373637,False
2022-11-10,shock,BTC-25NOV22-19000-C,C,0.041099817034500254,-0.14058663841761682,16654.15,16508.11933442725,0.018,299.7747,fixed_28pct,DH_numerical,0.22554463183407975,1.3542848589335375e-05,-299.54915536816594,-0.01814556517915787,0.7938132231755846,0.22461346405149138,-56.91997591240931,False
2022-11-10,shock,BTC-25NOV22-20000-C,C,0.04114629572552004,-0.18224542361649726,16815.38,16667.935601261022,0.011,184.96918,fixed_28pct,DH_numerical,0.0010537991642141867,6.266876896116452e-08,-184.96812620083577,-0.011097242671542473,0.7886423982847054,0.2061765012762139,-58.24658970084915,False
2022-11-10,shock,BTC-25NOV22-20500-C,C,0.041198447108066964,-0.21461039664872322,16686.86,16540.542519244795,0.008,133.49488,fixed_28pct,DH_numerical,3.4393882444789694e-06,2.0611356747039104e-10,-133.49487656061174,-0.008070767715465891,0.8061010590476283,0.1945213093308937,-61.157974971673454,False
2022-11-10,shock,BTC-25NOV22-21000-C,C,0.04110384795154744,-0.23963965380189836,16671.32,16525.13878056963,0.006,100.02792,fixed_28pct,DH_numerical,1.4633937527968334e-08,8.777911723827708e-13,-100.02791998536605,-0.006053075941666497,0.8137431266111594,,,False
2022-11-10,shock,BTC-25NOV22-21500-C,C,0.041115123192541854,-0.2608921844828007,16709.34,16562.82540505031,0.005,83.5467,fixed_28pct,DH_numerical,-5.110383984999492e-10,-3.058399664498713e-14,-83.54670000051104,-0.005044229952157566,0.8318044159825156,,,False
2021-03-26,shock,BTC-2APR21-38000-P,P,0.019243027872907152,0.3296510842462535,52624.44,52838.349532367196,0.0015,78.93666,fixed_28pct,DH_numerical,4.1040181622924544e-07,7.798692322982352e-12,-78.9366595895982,-0.0014939274274879451,1.2336927374519002,0.3967232166345762,-83.6969520817324,False
2021-03-26,shock,BTC-2APR21-40000-P,P,0.019242049847793,0.27860327302666865,52637.36,52851.322050002695,0.0025,131.5934,fixed_28pct,DH_numerical,3.286343615387944e-05,6.243367097795071e-10,-131.59336713656384,-0.0024898784369492824,1.1715142797771847,0.3824559711143393,-78.90583086628453,False
2021-03-26,shock,BTC-2APR21-42000-P,P,0.019194412861491626,0.2445364277170207,53418.09,53635.225586656095,0.0035,186.963315,fixed_28pct,DH_numerical,0.0005141111449377922,9.624289167542161e-09,-186.96280088885504,-0.0034858210969353973,1.1281864153858159,0.37245996291571815,-75.57264524700977,False
2021-03-26,shock,BTC-2APR21-44000-P,P,0.01919294311263318,0.19809447247788894,53422.26,53639.4125370075,0.005,267.1113,fixed_28pct,DH_numerical,0.01780517221476398,3.3329125751632333e-07,-267.09349482778526,-0.004979426175547861,1.036546083409765,0.35814878794634436,-67.83972954634207,False
2021-03-26,shock,BTC-2APR21-46000-P,P,0.019192243023845763,0.1536983031643372,53425.23,53642.39460955993,0.007,373.97661000000005,fixed_28pct,DH_numerical,0.39358242682757105,7.366976741655039e-06,-373.5830275731725,-0.006964324212077475,0.9375478622006994,0.34362076057322305,-59.39271016274763,False
2021-03-26,shock,BTC-2APR21-48000-P,P,0.01918143959284627,0.11346783125055084,53549.81,53767.481006388894,0.0095,508.723195,fixed_28pct,DH_numerical,4.8577560897599,9.071472129891591e-05,-503.8654389102401,-0.009371192949328769,0.8361414344105152,0.32960530187334247,-50.653613253717275,False
2021-03-26,shock,BTC-2APR21-50000-P,P,0.019185817383307966,0.0699066915011684,53403.33,53620.40558972886,0.015,801.04995,fixed_28pct,DH_numerical,50.911983231985324,0.00095334847531016,-750.1379667680146,-0.013989785390801028,0.7487927930507362,0.31333031416114854,-43.54624788895877,False
2021-03-26,shock,BTC-2APR21-52000-P,P,0.019179879724759007,0.0347920742130469,53623.06,53841.02875536724,0.025,1340.5765000000001,fixed_28pct,DH_numerical,245.61506879342988,0.0045804000889436355,-1094.9614312065703,-0.020336933682706,0.7309432449383115,0.29920560148086156,-43.173764345745,False
2021-03-26,shock,BTC-2APR21-60000-C,C,0.019195049435565704,-0.11274991925337322,53385.44,53602.442869875995,0.01,533.8544,fixed_28pct,DH_numerical,0.07010843950782777,1.3132501953309324e-06,-533.7842915604922,-0.009958208301369662,0.8146804842853671,0.22619203517480696,-58.84884491105602,False
2021-03-26,shock,BTC-2APR21-62000-C,C,0.01917901804287164,-0.1408468665765698,53636.56,53854.58363060557,0.007,375.45592,fixed_28pct,DH_numerical,0.00022277865415996112,4.153485125816442e-09,-375.4556972213458,-0.006971657227853383,0.844550636547436,0.21062652624965897,-63.392411029777705,False
2021-03-26,shock,BTC-2APR21-64000-C,C,0.019208187753678337,-0.18038978176551487,53220.13,53436.46091242057,0.0045,239.49058499999998,fixed_28pct,DH_numerical,-4.900623094090573e-11,-9.208213309682958e-16,-239.49058500004898,-0.004481782305766112,0.8986061537560681,,,False
2021-03-26,shock,BTC-2APR21-74000-C,C,0.019249938070776258,-0.33875390388314425,52523.18,52736.6779274314,0.001,52.52318,fixed_28pct,DH_numerical,-2.3909657725232678e-09,-4.5522106097217796e-14,-52.52318000239097,-0.0009959516235487147,1.1274739995651861,,,False
2021-03-26,shock,BTC-2APR21-76000-C,C,0.019187969051243023,-0.34770712216101485,53461.92,53679.23374826321,0.001,53.46192,fixed_28pct,DH_numerical,-2.454735823554477e-09,-4.5915594194044605e-14,-53.46192000245473,-0.0009959516235491066,1.1541934408724157,,,False
2022-11-10,shock,BTC-25NOV22-12000-P,P,0.041099627156265854,0.3189312800344587,16653.91,16507.881438849254,0.013,216.50082999999998,fixed_28pct,SH_numerical,0.015816513390566753,9.49717717374884e-07,-216.4850134866094,-0.013114039756618238,1.3252267928528838,0.40832205193128523,-91.69047409215986,False
2022-11-10,shock,BTC-25NOV22-13000-P,P,0.04110240058980213,0.2387696742936564,16651.93,16505.918800330797,0.0185,308.060705,fixed_28pct,SH_numerical,0.37067696881903156,2.2260300687009346e-05,-307.69002803118093,-0.018641193607775077,1.2026603142734726,0.38649648487208677,-81.61638294013859,False
2022-11-10,shock,BTC-25NOV22-14000-P,P,0.04114935280314561,0.1697508417601584,16736.89,16590.133834940963,0.0285,477.001365,fixed_28pct,SH_numerical,4.318178109008929,0.0002580036141128327,-472.68318689099107,-0.02849182481550928,1.143918948294966,0.3661032704908329,-77.78156778041333,False
2022-11-10,shock,BTC-25NOV22-14500-P,P,0.04112473484271943,0.13062735860489047,16669.54,16523.374388366166,0.0335,558.4295900000001,fixed_28pct,SH_numerical,15.018839433053163,0.000900975037886658,-543.410750566947,-0.0328873956248037,1.0657053627944666,0.3537060388415135,-71.1999323952953,False
2022-11-10,shock,BTC-25NOV22-15000-P,P,0.041134879153982756,0.1037415253603506,16786.9,16639.70532600564,0.039,654.6891,fixed_28pct,SH_numerical,33.596270090027744,0.0020013385491083964,-621.0928299099724,-0.037325951255836674,1.0302173006734103,0.3447835283649925,-68.54337723084178,False
2022-11-10,shock,BTC-25NOV22-15500-P,P,0.041124735698883814,0.06393598410621813,16669.54,16523.374388366166,0.0485,808.4726900000001,fixed_28pct,SH_numerical,97.73068707905202,0.005862830472769615,-710.742002920948,-0.04301433752063197,0.9701728861619495,0.33084502918059305,-63.93278569813565,False
2022-11-10,shock,BTC-25NOV22-16000-P,P,0.041139873731608316,0.037748432498570864,16762.5,16615.519275576164,0.057,955.4625000000001,fixed_28pct,SH_numerical,185.12408483423758,0.01104394242113274,-770.3384151657625,-0.0463625844241964,0.9404455200063845,0.3211404804089283,-61.93050395974562,False
2022-11-10,shock,BTC-25NOV22-17000-C,C,0.04109744314434297,-0.025594870398801917,16716.99,16570.408326598896,0.059,986.30241,fixed_28pct,SH_numerical,222.16150922406655,0.013289564043770232,-764.1409007759335,-0.046114790035036796,0.8768946263891835,0.2953576412292825,-58.1536985159901,False
2022-11-10,shock,BTC-25NOV22-17500-C,C,0.04120784677828513,-0.05797092784474396,16660.44,16514.35418103386,0.0465,774.7104599999999,fixed_28pct,SH_numerical,78.02105929218963,0.004683013131237208,-696.6894007078103,-0.04218689953422053,0.875476115697883,0.2806621094910704,-59.481400620681256,False
2022-11-10,shock,BTC-25NOV22-19000-C,C,0.041099817034500254,-0.14058663841761682,16654.15,16508.11933442725,0.018,299.7747,fixed_28pct,SH_numerical,0.3848643295412845,2.310921479278645e-05,-299.3898356704587,-0.01813591418897058,0.7938132231755846,0.23510147822906302,-55.87117449465215,False
2022-11-10,shock,BTC-25NOV22-20000-C,C,0.04114629572552004,-0.18224542361649726,16815.38,16667.935601261022,0.011,184.96918,fixed_28pct,SH_numerical,0.0010127591107358448,6.022814297005746e-08,-184.96816724088927,-0.01109724513375822,0.7886423982847054,0.20580092031363476,-58.28414779710707,False
2022-11-10,shock,BTC-25NOV22-20500-C,C,0.041198447108066964,-0.21461039664872322,16686.86,16540.542519244795,0.008,133.49488,fixed_28pct,SH_numerical,2.5119056075512234e-07,1.5053195194010277e-11,-133.49487974880944,-0.008070767908216382,0.8061010590476283,0.1804033555738793,-62.5697703473749,False
2022-11-10,shock,BTC-25NOV22-21000-C,C,0.04110384795154744,-0.23963965380189836,16671.32,16525.13878056963,0.006,100.02792,fixed_28pct,SH_numerical,-5.452988391899337e-10,-3.2708798054979076e-14,-100.0279200005453,-0.0060530759425850515,0.8137431266111594,,,False
2022-11-10,shock,BTC-25NOV22-21500-C,C,0.041115123192541854,-0.2608921844828007,16709.34,16562.82540505031,0.005,83.5467,fixed_28pct,SH_numerical,-6.016242696659133e-10,-3.600526829102246e-14,-83.54670000060163,-0.005044229952163036,0.8318044159825156,,,False
2021-03-26,shock,BTC-2APR21-38000-P,P,0.019243027872907152,0.3296510842462535,52624.44,52838.349532367196,0.0015,78.93666,fixed_28pct,SH_numerical,1.133473969865849e-06,2.1538926967505003e-11,-78.93665886652603,-0.001493927413803336,1.2336927374519002,0.4075336759199475,-82.61590615319527,False
2021-03-26,shock,BTC-2APR21-40000-P,P,0.019242049847793,0.27860327302666865,52637.36,52851.322050002695,0.0025,131.5934,fixed_28pct,SH_numerical,7.452535191281376e-05,1.4158261719967294e-09,-131.59332547464808,-0.0024898776486640675,1.1715142797771847,0.3931649454771667,-77.83493343000181,False
2021-03-26,shock,BTC-2APR21-42000-P,P,0.019194412861491626,0.2445364277170207,53418.09,53635.225586656095,0.0035,186.963315,fixed_28pct,SH_numerical,0.0010282057417469498,1.924826854997904e-08,-186.96228679425826,-0.003485811511917507,1.1281864153858159,0.38309347061605553,-74.50929447697602,False
2021-03-26,shock,BTC-2APR21-44000-P,P,0.01919294311263318,0.19809447247788894,53422.26,53639.4125370075,0.005,267.1113,fixed_28pct,SH_numerical,0.030185045240614557,5.65027485557791e-07,-267.0811149547594,-0.004979195377475319,1.036546083409765,0.3686830304888888,-66.78630529208762,False
2021-03-26,shock,BTC-2APR21-46000-P,P,0.019192243023845763,0.1536983031643372,53425.23,53642.39460955993,0.007,373.97661000000005,fixed_28pct,SH_numerical,0.5757218767534219,1.0776217093560886e-05,-373.4008881232466,-0.006960928773614081,0.9375478622006994,0.3540288782229953,-58.35189839777042,False
2021-03-26,shock,BTC-2APR21-48000-P,P,0.01918143959284627,0.11346783125055084,53549.81,53767.481006388894,0.0095,508.723195,fixed_28pct,SH_numerical,6.2968714957520655,0.00011758905392478639,-502.42632350424793,-0.009344427414119463,0.8361414344105152,0.339851148337184,-49.629028607333126,False
2021-03-26,shock,BTC-2APR21-50000-P,P,0.019185817383307966,0.0699066915011684,53403.33,53620.40558972886,0.015,801.04995,fixed_28pct,SH_numerical,59.04609585098376,0.0011056631833817059,-742.0038541490162,-0.013838087310013729,0.7487927930507362,0.3233240010953301,-42.54687919554061,False
2021-03-26,shock,BTC-2APR21-52000-P,P,0.019179879724759007,0.0347920742130469,53623.06,53841.02875536724,0.025,1340.5765000000001,fixed_28pct,SH_numerical,265.71388803874424,0.004955216804836282,-1074.8626119612559,-0.019963634365996512,0.7309432449383115,0.30888070884385993,-42.20625360944516,False
2021-03-26,shock,BTC-2APR21-60000-C,C,0.019195049435565704,-0.11274991925337322,53385.44,53602.442869875995,0.01,533.8544,fixed_28pct,SH_numerical,0.07926028849770647,1.4846798770920773e-06,-533.7751397115023,-0.009958037565699795,0.8146804842853671,0.22798661229247,-58.669387199289716,False
2021-03-26,shock,BTC-2APR21-62000-C,C,0.01917901804287164,-0.1408468665765698,53636.56,53854.58363060557,0.007,375.45592,fixed_28pct,SH_numerical,0.00010880580160109408,2.0285753150667026e-09,-375.4558111941984,-0.00697165934416076,0.844550636547436,0.20505958046962022,-63.949105607781576,False
2021-03-26,shock,BTC-2APR21-64000-C,C,0.019208187753678337,-0.18038978176551487,53220.13,53436.46091242057,0.0045,239.49058499999998,fixed_28pct,SH_numerical,-1.3769272589129706e-09,-2.587230168195701e-14,-239.4905850013769,-0.004481782305790963,0.8986061537560681,,,False
2021-03-26,shock,BTC-2APR21-74000-C,C,0.019249938070776258,-0.33875390388314425,52523.18,52736.6779274314,0.001,52.52318,fixed_28pct,SH_numerical,-2.3920993139819983e-09,-4.5543687834247626e-14,-52.5231800023921,-0.0009959516235487362,1.1274739995651861,,,False
2021-03-26,shock,BTC-2APR21-76000-C,C,0.019187969051243023,-0.34770712216101485,53461.92,53679.23374826321,0.001,53.46192,fixed_28pct,SH_numerical,-2.489489989904247e-09,-4.656566748639493e-14,-53.46192000248949,-0.000995951623549754,1.1541934408724157,,,False
2022-11-10,shock,BTC-25NOV22-12000-P,P,0.041099627156265854,0.3189312800344587,16653.91,16507.881438849254,0.013,216.50082999999998,fixed_28pct,BS_fixed,1.2935298535459133e-06,7.767124078044816e-11,-216.50082870647012,-0.013114997797171127,1.3252267928528838,0.2800000064464632,-104.52267864064207,False
2022-11-10,shock,BTC-25NOV22-13000-P,P,0.04110240058980213,0.2387696742936564,16651.93,16505.918800330797,0.0185,308.060705,fixed_28pct,BS_fixed,0.002335432750668503,1.402499740671804e-07,-308.0583695672493,-0.018663509332244834,1.2026603142734726,0.2800000000009497,-92.26603142725229,False
2022-11-10,shock,BTC-25NOV22-14000-P,P,0.04114935280314561,0.1697508417601584,16736.89,16590.133834940963,0.0285,477.001365,fixed_28pct,BS_fixed,0.3442158565687273,2.0566297356840325e-05,-476.6571491434313,-0.028731362500495915,1.143918948294966,0.28000000000005915,-86.3918948294907,False
2022-11-10,shock,BTC-25NOV22-14500-P,P,0.04112473484271943,0.13062735860489047,16669.54,16523.374388366166,0.0335,558.4295900000001,fixed_28pct,BS_fixed,3.212311424452673,0.00019270546304533137,-555.2172785755474,-0.03360193054552263,1.0657053627944666,0.2799999999999894,-78.57053627944772,False
2022-11-10,shock,BTC-25NOV22-15000-P,P,0.041134879153982756,0.1037415253603506,16786.9,16639.70532600564,0.039,654.6891,fixed_28pct,BS_fixed,11.965426755579484,0.0007127835845557836,-642.7236732444205,-0.03862590476526824,1.0302173006734103,0.27999999999998865,-75.02173006734216,False
2022-11-10,shock,BTC-25NOV22-15500-P,P,0.041124735698883814,0.06393598410621813,16669.54,16523.374388366166,0.0485,808.4726900000001,fixed_28pct,BS_fixed,59.201190987438444,0.00355145918768235,-749.2714990125617,-0.04534615517397653,0.9701728861619495,0.28000000000000275,-69.01728861619468,False
2022-11-10,shock,BTC-25NOV22-16000-P,P,0.041139873731608316,0.037748432498570864,16762.5,16615.519275576164,0.057,955.4625000000001,fixed_28pct,BS_fixed,140.37009349814366,0.008374054794818413,-815.0924065018564,-0.04905608985088984,0.9404455200063845,0.2800000000000013,-66.04455200063832,False
2022-11-10,shock,BTC-25NOV22-17000-C,C,0.04109744314434297,-0.025594870398801917,16716.99,16570.408326598896,0.059,986.30241,fixed_28pct,BS_fixed,203.23824476162363,0.012157586070316702,-783.0641652383764,-0.04725678147480519,0.8768946263891835,0.28000000000000064,-59.68946263891828,False
2022-11-10,shock,BTC-25NOV22-17500-C,C,0.04120784677828513,-0.05797092784474396,16660.44,16514.35418103386,0.0465,774.7104599999999,fixed_28pct,BS_fixed,77.47873844787696,0.004650461719370975,-697.231721552123,-0.04221973889556446,0.875476115697883,0.27999999999999914,-59.54761156978839,False
2022-11-10,shock,BTC-25NOV22-19000-C,C,0.041099817034500254,-0.14058663841761682,16654.15,16508.11933442725,0.018,299.7747,fixed_28pct,BS_fixed,2.164682508013847,0.0001299785643826822,-297.6100174919861,-0.018028099474137447,0.7938132231755846,0.27999999999999997,-51.38132231755846,False
2022-11-10,shock,BTC-25NOV22-20000-C,C,0.04114629572552004,-0.18224542361649726,16815.38,16667.935601261022,0.011,184.96918,fixed_28pct,BS_fixed,0.1859078060437053,1.1055819496419665e-05,-184.7832721939563,-0.011086152275508937,0.7886423982847054,0.2799999999999979,-50.864239828470744,False
2022-11-10,shock,BTC-25NOV22-20500-C,C,0.041198447108066964,-0.21461039664872322,16686.86,16540.542519244795,0.008,133.49488,fixed_28pct,BS_fixed,0.019702406222139274,1.1807138204634828e-06,-133.47517759377786,-0.008069576764999123,0.8061010590476283,0.27999999999999803,-52.610105904763024,False
2022-11-10,shock,BTC-25NOV22-21000-C,C,0.04110384795154744,-0.23963965380189836,16671.32,16525.13878056963,0.006,100.02792,fixed_28pct,BS_fixed,0.0027676050037490135,1.660099502468319e-07,-100.02515239499624,-0.006052908464079376,0.8137431266111594,0.2799999999999995,-53.37431266111599,False
2022-11-10,shock,BTC-25NOV22-21500-C,C,0.041115123192541854,-0.2608921844828007,16709.34,16562.82540505031,0.005,83.5467,fixed_28pct,BS_fixed,0.0004646654393130733,2.7808724899551586e-08,-83.54623533456069,-0.005044201897406098,0.8318044159825156,0.2799999999999975,-55.18044159825182,False
2021-03-26,shock,BTC-2APR21-38000-P,P,0.019243027872907152,0.3296510842462535,52624.44,52838.349532367196,0.0015,78.93666,fixed_28pct,BS_fixed,0.0,0.0,-78.93666,-0.0014939274352550652,1.2336927374519002,,,False
2021-03-26,shock,BTC-2APR21-40000-P,P,0.019242049847793,0.27860327302666865,52637.36,52851.322050002695,0.0025,131.5934,fixed_28pct,BS_fixed,8.801513193268834e-11,1.6721038428349813e-15,-131.59339999991198,-0.0024898790587567768,1.1715142797771847,,,False
2021-03-26,shock,BTC-2APR21-42000-P,P,0.019194412861491626,0.2445364277170207,53418.09,53635.225586656095,0.0035,186.963315,fixed_28pct,BS_fixed,4.0521775947732176e-08,7.585777766994697e-13,-186.96331495947823,-0.0034858306815063124,1.1281864153858159,,,False
2021-03-26,shock,BTC-2APR21-44000-P,P,0.01919294311263318,0.19809447247788894,53422.26,53639.4125370075,0.005,267.1113,fixed_28pct,BS_fixed,5.653091456328004e-05,1.0581902480965808e-09,-267.1112434690855,-0.0049797570636105895,1.036546083409765,0.2800000002959805,-75.65460831137845,False
2021-03-26,shock,BTC-2APR21-46000-P,P,0.019192243023845763,0.1536983031643372,53425.23,53642.39460955993,0.007,373.97661000000005,fixed_28pct,BS_fixed,0.016258221868732967,3.043173023070367e-07,-373.9603517781313,-0.0069713582792123455,0.9375478622006994,0.27999999999833347,-65.7547862202366,False
2021-03-26,shock,BTC-2APR21-48000-P,P,0.01918143959284627,0.11346783125055084,53549.81,53767.481006388894,0.0095,508.723195,fixed_28pct,BS_fixed,0.9752716017183367,1.8212419459907266e-05,-507.7479233982816,-0.00944340173455306,0.8361414344105152,0.2799999999999154,-55.61414344105998,False
2021-03-26,shock,BTC-2APR21-50000-P,P,0.019185817383307966,0.0699066915011684,53403.33,53620.40558972886,0.015,801.04995,fixed_28pct,BS_fixed,28.485073231608087,0.00053339507539339,-772.5648767683919,-0.014408038661243898,0.7487927930507362,0.2800000000000047,-46.879279305073155,False
2021-03-26,shock,BTC-2APR21-52000-P,P,0.019179879724759007,0.0347920742130469,53623.06,53841.02875536724,0.025,1340.5765000000001,fixed_28pct,BS_fixed,207.09448441535986,0.003862041524958849,-1133.4820155846403,-0.021052384060764203,0.7309432449383115,0.27999999999999997,-45.09432449383116,False
2021-03-26,shock,BTC-2APR21-60000-C,C,0.019195049435565704,-0.11274991925337322,53385.44,53602.442869875995,0.01,533.8544,fixed_28pct,BS_fixed,1.165263293772694,2.182736142612469e-05,-532.6891367062274,-0.009937777238984626,0.8146804842853671,0.27999999999999625,-53.46804842853709,False
2021-03-26,shock,BTC-2APR21-62000-C,C,0.01917901804287164,-0.1408468665765698,53636.56,53854.58363060557,0.007,375.45592,fixed_28pct,BS_fixed,0.07681005399115691,1.432046611325501e-06,-375.37910994600884,-0.006970235115376156,0.844550636547436,0.2800000000000015,-56.45506365474344,False
2021-03-26,shock,BTC-2APR21-64000-C,C,0.019208187753678337,-0.18038978176551487,53220.13,53436.46091242057,0.0045,239.49058499999998,fixed_28pct,BS_fixed,0.0007538286611864783,1.416435211989295e-08,-239.4898311713388,-0.004481768198755706,0.8986061537560681,0.2799999999999979,-61.86061537560702,False
2021-03-26,shock,BTC-2APR21-74000-C,C,0.019249938070776258,-0.33875390388314425,52523.18,52736.6779274314,0.001,52.52318,fixed_28pct,BS_fixed,3.778214490051807e-16,7.193422961160781e-21,-52.52318,-0.0009959516235033769,1.1274739995651861,,,False
2021-03-26,shock,BTC-2APR21-76000-C,C,0.019187969051243023,-0.34770712216101485,53461.92,53679.23374826321,0.001,53.46192,fixed_28pct,BS_fixed,4.1930141697786456e-17,7.84299211434727e-22,-53.46192,-0.0009959516235033769,1.1541934408724157,,,False
2022-11-10,shock,BTC-25NOV22-12000-P,P,0.041099627156265854,0.3189312800344587,16653.91,16507.881438849254,0.013,216.50082999999998,fixed_45pct,DH_PINN,0.29400839933301426,1.7654016344090622e-05,-216.20682160066696,-0.013097187691925808,1.3252267928528838,0.49643894534304084,-82.8787847509843,False
2022-11-10,shock,BTC-25NOV22-13000-P,P,0.04110240058980213,0.2387696742936564,16651.93,16505.918800330797,0.0185,308.060705,fixed_45pct,DH_PINN,3.495516233227137,0.00020991658223564098,-304.56518876677285,-0.01845187732055661,1.2026603142734726,0.483410424624508,-71.92498896489646,False
2022-11-10,shock,BTC-25NOV22-14000-P,P,0.04114935280314561,0.1697508417601584,16736.89,16590.133834940963,0.0285,477.001365,fixed_45pct,DH_PINN,22.35618660899348,0.0013357431762408356,-454.64517839100654,-0.02740455157953368,1.143918948294966,0.4723197355756414,-67.15992127193246,False
2022-11-10,shock,BTC-25NOV22-14500-P,P,0.04112473484271943,0.13062735860489047,16669.54,16523.374388366166,0.0335,558.4295900000001,fixed_45pct,DH_PINN,55.67180422265561,0.0033397324834791844,-502.75778577734445,-0.030427064954197725,1.0657053627944666,0.4658994396797684,-59.98059231146981,False
2022-11-10,shock,BTC-25NOV22-15000-P,P,0.041134879153982756,0.1037415253603506,16786.9,16639.70532600564,0.039,654.6891,fixed_45pct,DH_PINN,99.62037522625256,0.005934411667803618,-555.0687247737475,-0.0333580862099913,1.0302173006734103,0.46133246539221395,-56.888483528119636,False
2022-11-10,shock,BTC-25NOV22-15500-P,P,0.041124735698883814,0.06393598410621813,16669.54,16523.374388366166,0.0485,808.4726900000001,fixed_45pct,DH_PINN,213.07291958631572,0.012782171528807377,-595.3997704136843,-0.03603378803986282,0.9701728861619495,0.45468157981670265,-51.54913063452469,False
2022-11-10,shock,BTC-25NOV22-16000-P,P,0.041139873731608316,0.037748432498570864,16762.5,16615.519275576164,0.057,955.4625000000001,fixed_45pct,DH_PINN,336.55037066585083,0.020077576176933683,-618.9121293341493,-0.0372490392306856,0.9404455200063845,0.4505718207601026,-48.98736992462819,False
2022-11-10,shock,BTC-25NOV22-17000-C,C,0.04109744314434297,-0.025594870398801917,16716.99,16570.408326598896,0.059,986.30241,fixed_45pct,DH_PINN,407.78483572751145,0.02439343660117709,-578.5175742724886,-0.034912692727302894,0.8768946263891835,0.44082706920324055,-43.60675571859429,False
2022-11-10,shock,BTC-25NOV22-17500-C,C,0.04120784677828513,-0.05797092784474396,16660.44,16514.35418103386,0.0465,774.7104599999999,fixed_45pct,DH_PINN,231.85368949902065,0.013916420544656723,-542.8567705009792,-0.03287181348722862,0.875476115697883,0.4361194225744596,-43.935669312342334,False
2022-11-10,shock,BTC-25NOV22-19000-C,C,0.041099817034500254,-0.14058663841761682,16654.15,16508.11933442725,0.018,299.7747,fixed_45pct,DH_PINN,32.9599033646179,0.00197908049132606,-266.8147966353821,-0.016162640409252846,0.7938132231755846,0.4252182406987238,-36.859498247686076,False
2022-11-10,shock,BTC-25NOV22-20000-C,C,0.04114629572552004,-0.18224542361649726,16815.38,16667.935601261022,0.011,184.96918,fixed_45pct,DH_PINN,9.073359394518501,0.0005395869373465542,-175.8958206054815,-0.010552945776450804,0.7886423982847054,0.4203692253311359,-36.82731729535695,False
2022-11-10,shock,BTC-25NOV22-20500-C,C,0.041198447108066964,-0.21461039664872322,16686.86,16540.542519244795,0.008,133.49488,fixed_45pct,DH_PINN,2.7887914971891177,0.00016712500117991747,-130.70608850281087,-0.007902164536062546,0.8061010590476283,0.4169111552090585,-38.91899038385698,False
2022-11-10,shock,BTC-25NOV22-21000-C,C,0.04110384795154744,-0.23963965380189836,16671.32,16525.13878056963,0.006,100.02792,fixed_45pct,DH_PINN,0.9980117158130053,5.9863988923072994e-05,-99.02990828418699,-0.005992682397356144,0.8137431266111594,0.4144252221846679,-39.93179044264916,False
2022-11-10,shock,BTC-25NOV22-21500-C,C,0.041115123192541854,-0.2608921844828007,16709.34,16562.82540505031,0.005,83.5467,fixed_45pct,DH_PINN,0.3924488282828243,2.3486794109331923e-05,-83.15425117171718,-0.005020535394061567,0.8318044159825156,0.41243612637292887,-41.93682896095868,False
2021-03-26,shock,BTC-2APR21-38000-P,P,0.019243027872907152,0.3296510842462535,52624.44,52838.349532367196,0.0015,78.93666,fixed_45pct,DH_PINN,0.0008495613488850048,1.6143855381359017e-08,-78.93581043865112,-0.0014939113567560885,1.2336927374519002,0.5067335566457823,-72.69591808061179,False
2021-03-26,shock,BTC-2APR21-40000-P,P,0.019242049847793,0.27860327302666865,52637.36,52851.322050002695,0.0025,131.5934,fixed_45pct,DH_PINN,0.018736056503053888,3.559459764519704e-07,-131.57466394349694,-0.0024895245537853153,1.1715142797771847,0.4968435069656511,-67.46707728115335,False
2021-03-26,shock,BTC-2APR21-42000-P,P,0.019194412861491626,0.2445364277170207,53418.09,53635.225586656095,0.0035,186.963315,fixed_45pct,DH_PINN,0.12737607604454512,2.384511989188403e-06,-186.83593892395544,-0.0034834558236749233,1.1281864153858159,0.4906245545031773,-63.75618608826385,False
2021-03-26,shock,BTC-2APR21-44000-P,P,0.01919294311263318,0.19809447247788894,53422.26,53639.4125370075,0.005,267.1113,fixed_45pct,DH_PINN,1.4109716382725555,2.6411680042599386e-05,-265.7003283617275,-0.0049534533618990064,1.036546083409765,0.48252015364726675,-55.402592976249835,False
2021-03-26,shock,BTC-2APR21-46000-P,P,0.019192243023845763,0.1536983031643372,53425.23,53642.39460955993,0.007,373.97661000000005,fixed_45pct,DH_PINN,10.77742950882089,0.00020172921125132993,-363.19918049117916,-0.006770748829069821,0.9375478622006994,0.4750360416662538,-46.25118205344456,False
2021-03-26,shock,BTC-2APR21-48000-P,P,0.01918143959284627,0.11346783125055084,53549.81,53767.481006388894,0.0095,508.723195,fixed_45pct,DH_PINN,53.20291308679353,0.0009935219767687978,-455.5202819132064,-0.00847204059753291,0.8361414344105152,0.4680751533252682,-36.806628108524706,False
2021-03-26,shock,BTC-2APR21-50000-P,P,0.019185817383307966,0.0699066915011684,53403.33,53620.40558972886,0.015,801.04995,fixed_45pct,DH_PINN,227.4003458510589,0.004258167905466923,-573.6496041489411,-0.010698345113950895,0.7487927930507362,0.4598843473262899,-28.890844572444628,False
2021-03-26,shock,BTC-2APR21-52000-P,P,0.019179879724759007,0.0347920742130469,53623.06,53841.02875536724,0.025,1340.5765000000001,fixed_45pct,DH_PINN,603.4419399862271,0.011253403666001664,-737.134560013773,-0.013690944936491214,0.7309432449383115,0.45346777253127574,-27.74754724070358,False
2021-03-26,shock,BTC-2APR21-60000-C,C,0.019195049435565704,-0.11274991925337322,53385.44,53602.442869875995,0.01,533.8544,fixed_45pct,DH_PINN,37.697265251351304,0.000706133830710233,-496.15713474864873,-0.009256241099927252,0.8146804842853671,0.4293017262068842,-38.53787580784829,False
2021-03-26,shock,BTC-2APR21-62000-C,C,0.01917901804287164,-0.1408468665765698,53636.56,53854.58363060557,0.007,375.45592,fixed_45pct,DH_PINN,9.547945176837528,0.00017801188549074602,-365.9079748231625,-0.006794370138166232,0.844550636547436,0.4255598317005832,-41.89908048468528,False
2021-03-26,shock,BTC-2APR21-64000-C,C,0.019208187753678337,-0.18038978176551487,53220.13,53436.46091242057,0.0045,239.49058499999998,fixed_45pct,DH_PINN,0.934926515859698,1.75671595664967e-05,-238.55565848414028,-0.0044642862646746,0.8986061537560681,0.4208273005140383,-47.77788532420298,False
2021-03-26,shock,BTC-2APR21-74000-C,C,0.019249938070776258,-0.33875390388314425,52523.18,52736.6779274314,0.001,52.52318,fixed_45pct,DH_PINN,4.563697304581418e-07,8.688920405393234e-12,-52.52317954363027,-0.0009959516148496325,1.1274739995651861,0.40496416519034256,-72.25098343748435,False
2021-03-26,shock,BTC-2APR21-76000-C,C,0.019187969051243023,-0.34770712216101485,53461.92,53679.23374826321,0.001,53.46192,fixed_45pct,DH_PINN,1.4711085540475996e-07,2.7516942041131325e-12,-53.461919852889146,-0.0009959516207628226,1.1541934408724157,0.404320092377878,-74.98733484945377,False
2022-11-10,shock,BTC-25NOV22-12000-P,P,0.041099627156265854,0.3189312800344587,16653.91,16507.881438849254,0.013,216.50082999999998,fixed_45pct,DH_numerical,0.30726653751828364,1.8450113968328377e-05,-216.1935634624817,-0.01309638455202961,1.3252267928528838,0.498175783572155,-82.70510092807288,False
2022-11-10,shock,BTC-25NOV22-13000-P,P,0.04110240058980213,0.2387696742936564,16651.93,16505.918800330797,0.0185,308.060705,fixed_45pct,DH_numerical,3.5442066248405912,0.00021284059114112246,-304.5164983751594,-0.01844892744589635,1.2026603142734726,0.4842067522418725,-71.84535620316001,False
2022-11-10,shock,BTC-25NOV22-14000-P,P,0.04114935280314561,0.1697508417601584,16736.89,16590.133834940963,0.0285,477.001365,fixed_45pct,DH_numerical,22.351262867538885,0.0013354489912725056,-454.65010213246114,-0.027404848366859424,1.143918948294966,0.4723005328978534,-67.16184153971128,False
2022-11-10,shock,BTC-25NOV22-14500-P,P,0.04112473484271943,0.13062735860489047,16669.54,16523.374388366166,0.0335,558.4295900000001,fixed_45pct,DH_numerical,55.565218440008486,0.003333338438853651,-502.8643715599916,-0.030433515560480795,1.0657053627944666,0.4656777377792008,-60.00276250152658,False
2022-11-10,shock,BTC-25NOV22-15000-P,P,0.041134879153982756,0.1037415253603506,16786.9,16639.70532600564,0.039,654.6891,fixed_45pct,DH_numerical,99.52357798548225,0.005928645430989774,-555.1655220145178,-0.03336390345488079,1.0302173006734103,0.4611922711037701,-56.90250295696402,False
2022-11-10,shock,BTC-25NOV22-15500-P,P,0.041124735698883814,0.06393598410621813,16669.54,16523.374388366166,0.0485,808.4726900000001,fixed_45pct,DH_numerical,213.0833936198263,0.012782799862493283,-595.3892963801737,-0.036033154147943135,0.9701728861619495,0.45469187899830893,-51.54810071636406,False
2022-11-10,shock,BTC-25NOV22-16000-P,P,0.041139873731608316,0.037748432498570864,16762.5,16615.519275576164,0.057,955.4625000000001,fixed_45pct,DH_numerical,336.48674257575306,0.020073780317718302,-618.975757424247,-0.037252868668035254,0.9404455200063845,0.4505192437651998,-48.99262762411847,False
2022-11-10,shock,BTC-25NOV22-17000-C,C,0.04109744314434297,-0.025594870398801917,16716.99,16570.408326598896,0.059,986.30241,fixed_45pct,DH_numerical,407.84464074316617,0.024397014100215775,-578.4577692568339,-0.03490908358174197,0.8768946263891835,0.44087301784348354,-43.602160854569995,False
2022-11-10,shock,BTC-25NOV22-17500-C,C,0.04120784677828513,-0.05797092784474396,16660.44,16514.35418103386,0.0465,774.7104599999999,fixed_45pct,DH_numerical,231.958350173212,0.0139227025320587,-542.7521098267879,-0.032865475929426236,0.875476115697883,0.43621370841958323,-43.92624072782997,False
2022-11-10,shock,BTC-25NOV22-19000-C,C,0.041099817034500254,-0.14058663841761682,16654.15,16508.11933442725,0.018,299.7747,fixed_45pct,DH_numerical,33.02390857017286,0.0019829236899014872,-266.75079142982713,-0.01615876321377962,0.7938132231755846,0.42538723396256367,-36.84259892130209,False
2022-11-10,shock,BTC-25NOV22-20000-C,C,0.04114629572552004,-0.18224542361649726,16815.38,16667.935601261022,0.011,184.96918,fixed_45pct,DH_numerical,9.099661916939091,0.0005411511316984267,-175.8695180830609,-0.010551367745250671,0.7886423982847054,0.4205439543359502,-36.80984439487552,False
2022-11-10,shock,BTC-25NOV22-20500-C,C,0.041198447108066964,-0.21461039664872322,16686.86,16540.542519244795,0.008,133.49488,fixed_45pct,DH_numerical,2.7991807233193797,0.00016774760040651025,-130.6956992766806,-0.007901536429329156,0.8061010590476283,0.4170847511454796,-38.90163079021487,False
2022-11-10,shock,BTC-25NOV22-21000-C,C,0.04110384795154744,-0.23963965380189836,16671.32,16525.13878056963,0.006,100.02792,fixed_45pct,DH_numerical,1.0023200712590143,6.012241809640834e-05,-99.02559992874097,-0.005992421682120815,0.8137431266111594,0.41459209358508803,-39.91510330260714,False
2022-11-10,shock,BTC-25NOV22-21500-C,C,0.041115123192541854,-0.2608921844828007,16709.34,16562.82540505031,0.005,83.5467,fixed_45pct,DH_numerical,0.39438062621907655,2.36024059728916e-05,-83.15231937378093,-0.0050204187594965685,0.8318044159825156,0.41260022499644355,-41.92041909860721,False
2021-03-26,shock,BTC-2APR21-38000-P,P,0.019243027872907152,0.3296510842462535,52624.44,52838.349532367196,0.0015,78.93666,fixed_45pct,DH_numerical,0.000848968694872855,1.6132593427556757e-08,-78.93581103130514,-0.00149391136797245,1.2336927374519002,0.5067192867247453,-72.69734507271549,False
2021-03-26,shock,BTC-2APR21-40000-P,P,0.019242049847793,0.27860327302666865,52637.36,52851.322050002695,0.0025,131.5934,fixed_45pct,DH_numerical,0.01904068500873803,3.617332823822857e-07,-131.57435931499126,-0.0024895187899085782,1.1715142797771847,0.49726409763072393,-67.42501821464609,False
2021-03-26,shock,BTC-2APR21-42000-P,P,0.019194412861491626,0.2445364277170207,53418.09,53635.225586656095,0.0035,186.963315,fixed_45pct,DH_numerical,0.12874864373423636,2.4102067994987533e-06,-186.83456635626575,-0.0034834302328868795,1.1281864153858159,0.49096138197876443,-63.72250334070515,False
2021-03-26,shock,BTC-2APR21-44000-P,P,0.01919294311263318,0.19809447247788894,53422.26,53639.4125370075,0.005,267.1113,fixed_45pct,DH_numerical,1.406095387834132,2.632040254070367e-05,-265.7052046121659,-0.004953544269875209,1.036546083409765,0.4823733105203326,-55.41727728894325,False
2021-03-26,shock,BTC-2APR21-46000-P,P,0.019192243023845763,0.1536983031643372,53425.23,53642.39460955993,0.007,373.97661000000005,fixed_45pct,DH_numerical,10.633037151304999,0.00019902651146855142,-363.34357284869503,-0.006773440587306321,0.9375478622006994,0.4742276310685495,-46.332023113214994,False
2021-03-26,shock,BTC-2APR21-48000-P,P,0.01918143959284627,0.11346783125055084,53549.81,53767.481006388894,0.0095,508.723195,fixed_45pct,DH_numerical,52.52011102313385,0.0009807711927107463,-456.20308397686614,-0.00848473976161647,0.8361414344105152,0.46694495565318905,-36.91964787573262,False
2021-03-26,shock,BTC-2APR21-50000-P,P,0.019185817383307966,0.0699066915011684,53403.33,53620.40558972886,0.015,801.04995,fixed_45pct,DH_numerical,226.3488352612804,0.004238477923778918,-574.7011147387195,-0.010717955383179815,0.7487927930507362,0.45921231271846685,-28.958048033226934,False
2021-03-26,shock,BTC-2APR21-52000-P,P,0.019179879724759007,0.0347920742130469,53623.06,53841.02875536724,0.025,1340.5765000000001,fixed_45pct,DH_numerical,602.6228768756127,0.011238129209254615,-737.9536231243874,-0.01370615755648657,0.7309432449383115,0.4531409331609868,-27.780231177732475,False
2021-03-26,shock,BTC-2APR21-60000-C,C,0.019195049435565704,-0.11274991925337322,53385.44,53602.442869875995,0.01,533.8544,fixed_45pct,DH_numerical,38.07649988702053,0.0007132375398052452,-495.7779001129795,-0.00924916614932118,0.8146804842853671,0.4300293818675375,-38.465110241782966,False
2021-03-26,shock,BTC-2APR21-62000-C,C,0.01917901804287164,-0.1408468665765698,53636.56,53854.58363060557,0.007,375.45592,fixed_45pct,DH_numerical,9.666311795589142,0.0001802187126763749,-365.78960820441085,-0.006792172245047913,0.844550636547436,0.4262019933094106,-41.83486432380254,False
2021-03-26,shock,BTC-2APR21-64000-C,C,0.019208187753678337,-0.18038978176551487,53220.13,53436.46091242057,0.0045,239.49058499999998,fixed_45pct,DH_numerical,0.9444623483807784,1.7746336741018454e-05,-238.5461226516192,-0.004464107812876741,0.8986061537560681,0.42117835610663085,-47.74277976494373,False
2021-03-26,shock,BTC-2APR21-74000-C,C,0.019249938070776258,-0.33875390388314425,52523.18,52736.6779274314,0.001,52.52318,fixed_45pct,DH_numerical,4.778882610902149e-07,9.098616288850273e-12,-52.52317952211174,-0.0009959516144415952,1.1274739995651861,0.40544082337608106,-72.2033176189105,False
2021-03-26,shock,BTC-2APR21-76000-C,C,0.019187969051243023,-0.34770712216101485,53461.92,53679.23374826321,0.001,53.46192,fixed_45pct,DH_numerical,1.5217368399243916e-07,2.846393919119238e-12,-53.461919847826316,-0.0009959516206685063,1.1541934408724157,0.40465085360594305,-74.95425872664727,False
2022-11-10,shock,BTC-25NOV22-12000-P,P,0.041099627156265854,0.3189312800344587,16653.91,16507.881438849254,0.013,216.50082999999998,fixed_45pct,SH_numerical,0.6241998158025511,3.748067665806715e-05,-215.87663018419744,-0.01307718564516453,1.3252267928528838,0.5284536060075344,-79.67731868453494,False
2022-11-10,shock,BTC-25NOV22-13000-P,P,0.04110240058980213,0.2387696742936564,16651.93,16505.918800330797,0.0185,308.060705,fixed_45pct,SH_numerical,5.358758744555403,0.00032181006913645466,-302.70194625544457,-0.018338994024942015,1.2026603142734726,0.5096056462974593,-69.30546679760134,False
2022-11-10,shock,BTC-25NOV22-14000-P,P,0.04114935280314561,0.1697508417601584,16736.89,16590.133834940963,0.0285,477.001365,fixed_45pct,SH_numerical,27.84699053749816,0.0016638091388243672,-449.15437446250183,-0.027073583548586255,1.143918948294966,0.492393312722159,-65.1525635572807,False
2022-11-10,shock,BTC-25NOV22-14500-P,P,0.04112473484271943,0.13062735860489047,16669.54,16523.374388366166,0.0335,558.4295900000001,fixed_45pct,SH_numerical,63.761591969830256,0.0038250360819692838,-494.6679980301698,-0.029937468364722,1.0657053627944666,0.4821825433586096,-58.3522819435857,False
2022-11-10,shock,BTC-25NOV22-15000-P,P,0.041134879153982756,0.1037415253603506,16786.9,16639.70532600564,0.039,654.6891,fixed_45pct,SH_numerical,109.18524408691384,0.0065041933940700085,-545.5038559130862,-0.032783264200029825,1.0302173006734103,0.47494092729467424,-55.5276373378736,False
2022-11-10,shock,BTC-25NOV22-15500-P,P,0.041124735698883814,0.06393598410621813,16669.54,16523.374388366166,0.0485,808.4726900000001,fixed_45pct,SH_numerical,222.45312604108395,0.013344886903962794,-586.0195639589161,-0.035466094889886585,0.9701728861619495,0.4638616297695026,-50.63112563924469,False
2022-11-10,shock,BTC-25NOV22-16000-P,P,0.041139873731608316,0.037748432498570864,16762.5,16615.519275576164,0.057,955.4625000000001,fixed_45pct,SH_numerical,343.50310121712363,0.020492355031595744,-611.9593987828764,-0.03683059124624656,0.9404455200063845,0.4563108411987043,-48.41346788076802,False
2022-11-10,shock,BTC-25NOV22-17000-C,C,0.04109744314434297,-0.025594870398801917,16716.99,16570.408326598896,0.059,986.30241,fixed_45pct,SH_numerical,402.9097616788532,0.024101812687502545,-583.3926483211468,-0.035206896343325605,0.8768946263891835,0.43708021243464523,-43.98144139545382,False
2022-11-10,shock,BTC-25NOV22-17500-C,C,0.04120784677828513,-0.05797092784474396,16660.44,16514.35418103386,0.0465,774.7104599999999,fixed_45pct,SH_numerical,221.36729313413133,0.013287001611850069,-553.3431668658686,-0.03350680025388842,0.875476115697883,0.4266271542081348,-44.88489614897482,False
2022-11-10,shock,BTC-25NOV22-19000-C,C,0.041099817034500254,-0.14058663841761682,16654.15,16508.11933442725,0.018,299.7747,fixed_45pct,SH_numerical,23.410871081191488,0.001405707951543098,-276.3638289188085,-0.016741084997032883,0.7938132231755846,0.39759441517978045,-39.62188079958041,False
2022-11-10,shock,BTC-25NOV22-20000-C,C,0.04114629572552004,-0.18224542361649726,16815.38,16667.935601261022,0.011,184.96918,fixed_45pct,SH_numerical,4.378463098125921,0.0002603844277159315,-180.59071690187406,-0.01083461810880835,0.7886423982847054,0.38131972230819305,-40.73226759765124,False
2022-11-10,shock,BTC-25NOV22-20500-C,C,0.041198447108066964,-0.21461039664872322,16686.86,16540.542519244795,0.008,133.49488,fixed_45pct,SH_numerical,0.8094306456755992,4.85070675774591e-05,-132.6854493543244,-0.008021831762769927,0.8061010590476283,0.36770872587865805,-43.83923331689702,False
2022-11-10,shock,BTC-25NOV22-21000-C,C,0.04110384795154744,-0.23963965380189836,16671.32,16525.13878056963,0.006,100.02792,fixed_45pct,SH_numerical,0.1611787981929481,9.668028577997908e-06,-99.86674120180705,-0.0060433223906858225,0.8137431266111594,0.3564626809743435,-45.72804456368159,False
2022-11-10,shock,BTC-25NOV22-21500-C,C,0.041115123192541854,-0.2608921844828007,16709.34,16562.82540505031,0.005,83.5467,fixed_45pct,SH_numerical,0.03231241763404567,1.933793772467714e-06,-83.51438758236596,-0.005042279052033048,0.8318044159825156,0.3463777987472041,-48.542661723531154,False
2021-03-26,shock,BTC-2APR21-38000-P,P,0.019243027872907152,0.3296510842462535,52624.44,52838.349532367196,0.0015,78.93666,fixed_45pct,SH_numerical,0.003383870778614829,6.430226675314415e-08,-78.93327612922138,-0.0014938633933080975,1.2336927374519002,0.5373923963381514,-69.63003411137488,False
2021-03-26,shock,BTC-2APR21-40000-P,P,0.019242049847793,0.27860327302666865,52637.36,52851.322050002695,0.0025,131.5934,fixed_45pct,SH_numerical,0.05133269782244016,9.75214141105104e-07,-131.54206730217757,-0.002488907792651345,1.1715142797771847,0.525149583680885,-64.63646960962997,False
2021-03-26,shock,BTC-2APR21-42000-P,P,0.019194412861491626,0.2445364277170207,53418.09,53635.225586656095,0.0035,186.963315,fixed_45pct,SH_numerical,0.276648149958693,5.1789225327729435e-06,-186.6866668500413,-0.0034806727259573053,1.1281864153858159,0.5167204107594887,-61.14660046263272,False
2021-03-26,shock,BTC-2APR21-44000-P,P,0.01919294311263318,0.19809447247788894,53422.26,53639.4125370075,0.005,267.1113,fixed_45pct,SH_numerical,2.316682010841438,4.336548118408765e-05,-264.7946179891586,-0.004936568196127588,1.036546083409765,0.5048224411895452,-53.17236422202198,False
2021-03-26,shock,BTC-2APR21-46000-P,P,0.019192243023845763,0.1536983031643372,53425.23,53642.39460955993,0.007,373.97661000000005,fixed_45pct,SH_numerical,14.339584949491481,0.00026840473966123274,-359.63702505050856,-0.006704343228302032,0.9375478622006994,0.49298283963682643,-44.456502256387296,False
2021-03-26,shock,BTC-2APR21-48000-P,P,0.01918143959284627,0.11346783125055084,53549.81,53767.481006388894,0.0095,508.723195,fixed_45pct,SH_numerical,61.908458596502484,0.001156091097176675,-446.8147364034975,-0.00831012961813117,0.8361414344105152,0.48181399376063533,-35.43274406498799,False
2021-03-26,shock,BTC-2APR21-50000-P,P,0.019185817383307966,0.0699066915011684,53403.33,53620.40558972886,0.015,801.04995,fixed_45pct,SH_numerical,242.1325541886131,0.004534034753799306,-558.9173958113869,-0.010423595078483498,0.7487927930507362,0.4691799261923171,-27.961286685841912,False
2021-03-26,shock,BTC-2APR21-52000-P,P,0.019179879724759007,0.0347920742130469,53623.06,53841.02875536724,0.025,1340.5765000000001,fixed_45pct,SH_numerical,616.1671462144823,0.011490712134191564,-724.4093537855179,-0.013454597182326384,0.7309432449383115,0.45853650525931117,-27.240673967900037,False
2021-03-26,shock,BTC-2APR21-60000-C,C,0.019195049435565704,-0.11274991925337322,53385.44,53602.442869875995,0.01,533.8544,fixed_45pct,SH_numerical,27.53020326240154,0.0005156874844976746,-506.3241967375985,-0.009445916447627937,0.8146804842853671,0.40782672366552764,-40.685376061983945,False
2021-03-26,shock,BTC-2APR21-62000-C,C,0.01917901804287164,-0.1408468665765698,53636.56,53854.58363060557,0.007,375.45592,fixed_45pct,SH_numerical,5.210422826685708,9.714312078712184e-05,-370.2454971733143,-0.006874911515663519,0.844550636547436,0.3966906993318883,-44.785993721554775,False
2021-03-26,shock,BTC-2APR21-64000-C,C,0.019208187753678337,-0.18038978176551487,53220.13,53436.46091242057,0.0045,239.49058499999998,fixed_45pct,SH_numerical,0.24083572585076207,4.525275038801335e-06,-239.24974927414922,-0.004477275350743502,0.8986061537560681,0.37988854048159076,-51.87176132744773,False
2021-03-26,shock,BTC-2APR21-74000-C,C,0.019249938070776258,-0.33875390388314425,52523.18,52736.6779274314,0.001,52.52318,fixed_45pct,SH_numerical,-2.3615974154275928e-09,-4.4962955697419554e-14,-52.5231800023616,-0.0009959516235481577,1.1274739995651861,,,False
2021-03-26,shock,BTC-2APR21-76000-C,C,0.019187969051243023,-0.34770712216101485,53461.92,53679.23374826321,0.001,53.46192,fixed_45pct,SH_numerical,-2.433641586086599e-09,-4.5521028539315445e-14,-53.461920002433644,-0.0009959516235487137,1.1541934408724157,,,False
2022-11-10,shock,BTC-25NOV22-12000-P,P,0.041099627156265854,0.3189312800344587,16653.91,16507.881438849254,0.013,216.50082999999998,fixed_45pct,BS_fixed,0.07623716135954939,4.577733478777619e-06,-216.42459283864042,-0.013110379647464147,1.3252267928528838,0.4500000000005281,-87.52267928523557,False
2022-11-10,shock,BTC-25NOV22-13000-P,P,0.04110240058980213,0.2387696742936564,16651.93,16505.918800330797,0.0185,308.060705,fixed_45pct,BS_fixed,1.8503558392183508,0.00011111960230545953,-306.2103491607816,-0.018551548257625308,1.2026603142734726,0.44999999999999385,-75.26603142734788,False
2022-11-10,shock,BTC-25NOV22-14000-P,P,0.04114935280314561,0.1697508417601584,16736.89,16590.133834940963,0.0285,477.001365,fixed_45pct,BS_fixed,17.055590827640252,0.0010190418188588354,-459.9457741723598,-0.027724054474090775,1.143918948294966,0.4500000000000051,-69.39189482949611,False
2022-11-10,shock,BTC-25NOV22-14500-P,P,0.04112473484271943,0.13062735860489047,16669.54,16523.374388366166,0.0335,558.4295900000001,fixed_45pct,BS_fixed,48.27668987661686,0.002896102104594179,-510.15290012338323,-0.03087461968316674,1.0657053627944666,0.44999999999999934,-61.57053627944673,False
2022-11-10,shock,BTC-25NOV22-15000-P,P,0.041134879153982756,0.1037415253603506,16786.9,16639.70532600564,0.039,654.6891,fixed_45pct,BS_fixed,91.91409462546086,0.00547534652767699,-562.7750053745392,-0.0338212122359521,1.0302173006734103,0.4499999999999987,-58.02173006734117,False
2022-11-10,shock,BTC-25NOV22-15500-P,P,0.041124735698883814,0.06393598410621813,16669.54,16523.374388366166,0.0485,808.4726900000001,fixed_45pct,BS_fixed,208.32372114328072,0.012497268739466159,-600.1489688567193,-0.036321211076550695,0.9701728861619495,0.45000000000000145,-52.01728861619481,False
2022-11-10,shock,BTC-25NOV22-16000-P,P,0.041139873731608316,0.037748432498570864,16762.5,16615.519275576164,0.057,955.4625000000001,fixed_45pct,BS_fixed,335.85842687642196,0.020036296905379385,-619.6040731235781,-0.037290683658280824,0.9404455200063845,0.4500000000000014,-49.044552000638305,False
2022-11-10,shock,BTC-25NOV22-17000-C,C,0.04109744314434297,-0.025594870398801917,16716.99,16570.408326598896,0.059,986.30241,fixed_45pct,BS_fixed,419.7336633275604,0.02510820807618838,-566.5687466724396,-0.03419159839066735,0.8768946263891835,0.4499999999999995,-42.6894626389184,False
2022-11-10,shock,BTC-25NOV22-17500-C,C,0.04120784677828513,-0.05797092784474396,16660.44,16514.35418103386,0.0465,774.7104599999999,fixed_45pct,BS_fixed,247.36276271654359,0.014847312719024444,-527.3476972834563,-0.03193268664959942,0.875476115697883,0.45000000000000173,-42.547611569788124,False
2022-11-10,shock,BTC-25NOV22-19000-C,C,0.041099817034500254,-0.14058663841761682,16654.15,16508.11933442725,0.018,299.7747,fixed_45pct,BS_fixed,43.061636365040656,0.002585639997540592,-256.7130636349593,-0.01555071528345394,0.7938132231755846,0.4500000000000001,-34.38132231755844,False
2022-11-10,shock,BTC-25NOV22-20000-C,C,0.04114629572552004,-0.18224542361649726,16815.38,16667.935601261022,0.011,184.96918,fixed_45pct,BS_fixed,14.270597367919734,0.0008486633883932289,-170.69858263208027,-0.010241135238077473,0.7886423982847054,0.4499999999999995,-33.86423982847059,False
2022-11-10,shock,BTC-25NOV22-20500-C,C,0.041198447108066964,-0.21461039664872322,16686.86,16540.542519244795,0.008,133.49488,fixed_45pct,BS_fixed,5.315395300928872,0.00031853777768429,-128.1794846990711,-0.007749412363586942,0.8061010590476283,0.4499999999999999,-35.61010590476284,False
2022-11-10,shock,BTC-25NOV22-21000-C,C,0.04110384795154744,-0.23963965380189836,16671.32,16525.13878056963,0.006,100.02792,fixed_45pct,BS_fixed,2.282720253861132,0.00013692498577563936,-97.74519974613887,-0.005914939719663253,0.8137431266111594,0.4499999999999996,-36.37431266111598,False
2022-11-10,shock,BTC-25NOV22-21500-C,C,0.041115123192541854,-0.2608921844828007,16709.34,16562.82540505031,0.005,83.5467,fixed_45pct,BS_fixed,1.0716103895978653,6.413241873095318e-05,-82.47508961040214,-0.00497953021863371,0.8318044159825156,0.4500000000000003,-38.180441598251534,False
2021-03-26,shock,BTC-2APR21-38000-P,P,0.019243027872907152,0.3296510842462535,52624.44,52838.349532367196,0.0015,78.93666,fixed_45pct,BS_fixed,3.194460150774449e-05,6.070297661646278e-10,-78.9366280553985,-0.0014939268306827843,1.2336927374519002,0.44999999955461123,-78.3692737897289,False
2021-03-26,shock,BTC-2APR21-40000-P,P,0.019242049847793,0.27860327302666865,52637.36,52851.322050002695,0.0025,131.5934,fixed_45pct,BS_fixed,0.0023828881247096355,4.52699019234558e-08,-131.5910171118753,-0.0024898339721261256,1.1715142797771847,0.44999999998232215,-72.15142797948626,False
2021-03-26,shock,BTC-2APR21-42000-P,P,0.019194412861491626,0.2445364277170207,53418.09,53635.225586656095,0.0035,186.963315,fixed_45pct,BS_fixed,0.029737151905311506,5.566869183325631e-07,-186.93357784809467,-0.0034852762490217223,1.1281864153858159,0.45000000000237217,-67.81864153834437,False
2021-03-26,shock,BTC-2APR21-44000-P,P,0.01919294311263318,0.19809447247788894,53422.26,53639.4125370075,0.005,267.1113,fixed_45pct,BS_fixed,0.6094315715310231,1.1407820850915388e-05,-266.501868428469,-0.004968396479819779,1.036546083409765,0.45000000000010815,-58.654608340965694,False
2021-03-26,shock,BTC-2APR21-46000-P,P,0.019192243023845763,0.1536983031643372,53425.23,53642.39460955993,0.007,373.97661000000005,fixed_45pct,BS_fixed,6.901604170731792,0.00012918248869928667,-367.07500582926826,-0.006843001855175377,0.9375478622006994,0.45000000000004253,-48.75478622006569,False
2021-03-26,shock,BTC-2APR21-48000-P,P,0.01918143959284627,0.11346783125055084,53549.81,53767.481006388894,0.0095,508.723195,fixed_45pct,BS_fixed,42.8894825433099,0.0008009268855166788,-465.8337124566901,-0.008663855991344241,0.8361414344105152,0.44999999999999873,-38.61414344105165,False
2021-03-26,shock,BTC-2APR21-50000-P,P,0.019185817383307966,0.0699066915011684,53403.33,53620.40558972886,0.015,801.04995,fixed_45pct,BS_fixed,212.12378776234775,0.003972107877211922,-588.9261622376522,-0.010983247063510886,0.7487927930507362,0.4499999999999942,-29.879279305074203,False
2021-03-26,shock,BTC-2APR21-52000-P,P,0.019179879724759007,0.0347920742130469,53623.06,53841.02875536724,0.025,1340.5765000000001,fixed_45pct,BS_fixed,594.7609417926684,0.011091514393111256,-745.8155582073317,-0.013852178820654199,0.7309432449383115,0.44999999999999957,-28.094324493831195,False
2021-03-26,shock,BTC-2APR21-60000-C,C,0.019195049435565704,-0.11274991925337322,53385.44,53602.442869875995,0.01,533.8544,fixed_45pct,BS_fixed,49.39087731306245,0.0009251750535925609,-484.4635226869376,-0.009038086638383434,0.8146804842853671,0.45000000000000234,-36.46804842853648,False
2021-03-26,shock,BTC-2APR21-62000-C,C,0.01917901804287164,-0.1408468665765698,53636.56,53854.58363060557,0.007,375.45592,fixed_45pct,BS_fixed,14.805804594324194,0.00027603941405496914,-360.6501154056758,-0.00669673946194467,0.844550636547436,0.45000000000000373,-39.45506365474323,False
2021-03-26,shock,BTC-2APR21-64000-C,C,0.019208187753678337,-0.18038978176551487,53220.13,53436.46091242057,0.0045,239.49058499999998,fixed_45pct,BS_fixed,2.027217394129204,3.8091177043896814e-05,-237.4633676058708,-0.004443845336147172,0.8986061537560681,0.44999999999999774,-44.86061537560704,False
2021-03-26,shock,BTC-2APR21-74000-C,C,0.019249938070776258,-0.33875390388314425,52523.18,52736.6779274314,0.001,52.52318,fixed_45pct,BS_fixed,1.9521963420037617e-05,3.7168281547380826e-10,-52.52316047803658,-0.0009959512533252732,1.1274739995651861,0.4499999999999942,-67.74739995651919,False
2021-03-26,shock,BTC-2APR21-76000-C,C,0.019187969051243023,-0.34770712216101485,53461.92,53679.23374826321,0.001,53.46192,fixed_45pct,BS_fixed,8.189271300733053e-06,1.5317952106346074e-10,-53.4619118107287,-0.0009959514709439842,1.1541934408724157,0.4500000000000004,-70.41934408724153,False
2022-11-10,shock,BTC-25NOV22-12000-P,P,0.041099627156265854,0.3189312800344587,16653.91,16507.881438849254,0.013,216.50082999999998,fixed_60pct,DH_PINN,3.1082226335726544,0.0001866362093690103,-213.3926073664273,-0.012926710684039337,1.3252267928528838,0.6190629082630345,-70.61638845898493,False
2022-11-10,shock,BTC-25NOV22-13000-P,P,0.04110240058980213,0.2387696742936564,16651.93,16505.918800330797,0.0185,308.060705,fixed_60pct,DH_PINN,18.3021408677397,0.0010991002765288888,-289.7585641322603,-0.017554827915817278,1.2026603142734726,0.6091594652103342,-59.350084906313846,False
2022-11-10,shock,BTC-25NOV22-14000-P,P,0.04114935280314561,0.1697508417601584,16736.89,16590.133834940963,0.0285,477.001365,fixed_60pct,DH_PINN,68.86476895426362,0.0041145498927377564,-408.1365960457364,-0.02460116356542875,1.143918948294966,0.6003011474212188,-54.36178008737473,False
2022-11-10,shock,BTC-25NOV22-14500-P,P,0.04112473484271943,0.13062735860489047,16669.54,16523.374388366166,0.0335,558.4295900000001,fixed_60pct,DH_PINN,132.57745876431795,0.00795327638101099,-425.8521312356821,-0.025772709691521456,1.0657053627944666,0.5951482291436875,-47.055713365077914,False
2022-11-10,shock,BTC-25NOV22-15000-P,P,0.041134879153982756,0.1037415253603506,16786.9,16639.70532600564,0.039,654.6891,fixed_60pct,DH_PINN,202.89479991749238,0.012086496012813109,-451.7943000825077,-0.02715158058576996,1.0302173006734103,0.5916780889129979,-43.85392117604125,False
2022-11-10,shock,BTC-25NOV22-15500-P,P,0.041124735698883814,0.06393598410621813,16669.54,16523.374388366166,0.0485,808.4726900000001,fixed_60pct,DH_PINN,354.99950319085815,0.021296298709553962,-453.4731868091419,-0.0274443449715952,0.9701728861619495,0.5868788206468489,-38.32940655151006,False
2022-11-10,shock,BTC-25NOV22-16000-P,P,0.041139873731608316,0.037748432498570864,16762.5,16615.519275576164,0.057,955.4625000000001,fixed_60pct,DH_PINN,501.0046111364792,0.029888418263175492,-454.4578888635209,-0.02735141052928435,0.9404455200063845,0.5838798275156609,-35.656569249072355,False
2022-11-10,shock,BTC-25NOV22-17000-C,C,0.04109744314434297,-0.025594870398801917,16716.99,16570.408326598896,0.059,986.30241,fixed_60pct,DH_PINN,586.1487868450193,0.03506305781393775,-400.15362315498066,-0.024148688147452118,0.8768946263891835,0.5765935053510047,-30.030112103817874,False
2022-11-10,shock,BTC-25NOV22-17500-C,C,0.04120784677828513,-0.05797092784474396,16660.44,16514.35418103386,0.0465,774.7104599999999,fixed_60pct,DH_PINN,391.57296679627046,0.023503158787899388,-383.13749320372943,-0.02320027104927597,0.875476115697883,0.5728369851477274,-30.263913055015557,False
2022-11-10,shock,BTC-25NOV22-19000-C,C,0.041099817034500254,-0.14058663841761682,16654.15,16508.11933442725,0.018,299.7747,fixed_60pct,DH_PINN,106.80313036496135,0.006413003987892588,-192.97156963503863,-0.011689494467888991,0.7938132231755846,0.5640439699886531,-22.97692531869314,False
2022-11-10,shock,BTC-25NOV22-20000-C,C,0.04114629572552004,-0.18224542361649726,16815.38,16667.935601261022,0.011,184.96918,fixed_60pct,DH_PINN,47.567837774125245,0.0028288291893567223,-137.40134222587474,-0.008243452909398064,0.7886423982847054,0.5597902958508197,-22.885210243388563,False
2022-11-10,shock,BTC-25NOV22-20500-C,C,0.041198447108066964,-0.21461039664872322,16686.86,16540.542519244795,0.008,133.49488,fixed_60pct,DH_PINN,22.99496703993783,0.0013780284031829732,-110.49991296006216,-0.006680549494159358,0.8061010590476283,0.5566160959301782,-24.948496311745004,False
2022-11-10,shock,BTC-25NOV22-21000-C,C,0.04110384795154744,-0.23963965380189836,16671.32,16525.13878056963,0.006,100.02792,fixed_60pct,DH_PINN,12.363573741653344,0.0007416073677221326,-87.66434625834665,-0.005304908323155688,0.8137431266111594,0.5543197129398583,-25.94234136713012,False
2022-11-10,shock,BTC-25NOV22-21500-C,C,0.041115123192541854,-0.2608921844828007,16709.34,16562.82540505031,0.005,83.5467,fixed_60pct,DH_PINN,7.096578453530524,0.0004247072866750287,-76.45012154646948,-0.004615765708860182,0.8318044159825156,0.5524310591148035,-27.937335686771213,False
2021-03-26,shock,BTC-2APR21-38000-P,P,0.019243027872907152,0.3296510842462535,52624.44,52838.349532367196,0.0015,78.93666,fixed_60pct,DH_PINN,0.08543188855083907,1.6234260839799731e-06,-78.85122811144916,-0.0014923105814110876,1.2336927374519002,0.6349041146511647,-59.878862280073555,False
2021-03-26,shock,BTC-2APR21-40000-P,P,0.019242049847793,0.27860327302666865,52637.36,52851.322050002695,0.0025,131.5934,fixed_60pct,DH_PINN,0.7410983236288694,1.40793216762556e-05,-130.85230167637113,-0.002475856735477149,1.1715142797771847,0.6276502298134127,-54.3864049963772,False
2021-03-26,shock,BTC-2APR21-42000-P,P,0.019194412861491626,0.2445364277170207,53418.09,53635.225586656095,0.0035,186.963315,fixed_60pct,DH_PINN,2.7918320397280616,5.226379377712797e-05,-184.17148296027193,-0.003433778471999043,1.1281864153858159,0.6231223529687769,-50.50640624170389,False
2021-03-26,shock,BTC-2APR21-44000-P,P,0.01919294311263318,0.19809447247788894,53422.26,53639.4125370075,0.005,267.1113,fixed_60pct,DH_PINN,14.438920282750441,0.0002702790986893935,-252.67237971724958,-0.004710573210378153,1.036546083409765,0.6170287175105442,-41.951736589922085,False
2021-03-26,shock,BTC-2APR21-46000-P,P,0.019192243023845763,0.1536983031643372,53425.23,53642.39460955993,0.007,373.97661000000005,fixed_60pct,DH_PINN,57.64835530033462,0.0010790473957778865,-316.3282546996654,-0.005896982358861561,0.9375478622006994,0.6110136081756093,-32.65342540250901,False
2021-03-26,shock,BTC-2APR21-48000-P,P,0.01918143959284627,0.11346783125055084,53549.81,53767.481006388894,0.0095,508.723195,fixed_60pct,DH_PINN,172.67467805555677,0.00322456191825063,-336.04851694444324,-0.006250032745713202,0.8361414344105152,0.6052319244564641,-23.090950995405112,False
2021-03-26,shock,BTC-2APR21-50000-P,P,0.019185817383307966,0.0699066915011684,53403.33,53620.40558972886,0.015,801.04995,fixed_60pct,DH_PINN,478.5718466812579,0.008961460768106744,-322.47810331874206,-0.006014092951592922,0.7487927930507362,0.5990140268312759,-14.977876621946029,False
2021-03-26,shock,BTC-2APR21-52000-P,P,0.019179879724759007,0.0347920742130469,53623.06,53841.02875536724,0.025,1340.5765000000001,fixed_60pct,DH_PINN,969.8540109122152,0.018086509999843636,-370.7224890877849,-0.006885501589730095,0.7309432449383115,0.5944404070625777,-13.65028378757338,False
2021-03-26,shock,BTC-2APR21-60000-C,C,0.019195049435565704,-0.11274991925337322,53385.44,53602.442869875995,0.01,533.8544,fixed_60pct,DH_PINN,160.3759091675881,0.0030041132782194562,-373.4784908324119,-0.0069675647384030495,0.8146804842853671,0.5752737690728755,-23.940671521249158,False
2021-03-26,shock,BTC-2APR21-62000-C,C,0.01917901804287164,-0.1408468665765698,53636.56,53854.58363060557,0.007,375.45592,fixed_60pct,DH_PINN,69.04111680919115,0.001287202550073889,-306.4148031908088,-0.00568966989499986,0.844550636547436,0.5720535036370162,-27.249713291041978,False
2021-03-26,shock,BTC-2APR21-64000-C,C,0.019208187753678337,-0.18038978176551487,53220.13,53436.46091242057,0.0045,239.49058499999998,fixed_60pct,DH_PINN,17.25896595683779,0.0003242939458591663,-222.2316190431622,-0.004158801223894442,0.8986061537560681,0.567953168706251,-33.06529850498171,False
2021-03-26,shock,BTC-2APR21-74000-C,C,0.019249938070776258,-0.33875390388314425,52523.18,52736.6779274314,0.001,52.52318,fixed_60pct,DH_PINN,0.0053890030925284604,1.0260237656075775e-07,-52.51779099690747,-0.0009958494364998658,1.1274739995651861,0.5547683608824121,-57.2705638682774,False
2021-03-26,shock,BTC-2APR21-76000-C,C,0.019187969051243023,-0.34770712216101485,53461.92,53679.23374826321,0.001,53.46192,fixed_60pct,DH_PINN,0.0029334693934845134,5.4870258933545846e-08,-53.458986530606516,-0.0009958969753799099,1.1541934408724157,0.5541002885485086,-60.00931523239071,False
2022-11-10,shock,BTC-25NOV22-12000-P,P,0.041099627156265854,0.3189312800344587,16653.91,16507.881438849254,0.013,216.50082999999998,fixed_60pct,DH_numerical,3.113020601505039,0.00018692430795561155,-213.38780939849494,-0.012926420036935398,1.3252267928528838,0.6191694957848971,-70.60572970679867,False
2022-11-10,shock,BTC-25NOV22-13000-P,P,0.04110240058980213,0.2387696742936564,16651.93,16505.918800330797,0.0185,308.060705,fixed_60pct,DH_numerical,18.216113808083673,0.0010939340850029799,-289.8445911919163,-0.01756003980742396,1.2026603142734726,0.6086872562786716,-59.39730579948011,False
2022-11-10,shock,BTC-25NOV22-14000-P,P,0.04114935280314561,0.1697508417601584,16736.89,16590.133834940963,0.0285,477.001365,fixed_60pct,DH_numerical,68.64360328475907,0.004101335629544023,-408.35776171524094,-0.024614494721868174,1.143918948294966,0.5998260954961727,-54.40928527987934,False
2022-11-10,shock,BTC-25NOV22-14500-P,P,0.04112473484271943,0.13062735860489047,16669.54,16523.374388366166,0.0335,558.4295900000001,fixed_60pct,DH_numerical,132.42524592284008,0.007944145184740554,-426.00434407716,-0.02578192166226667,1.0657053627944666,0.5949294468073297,-47.07759159871369,False
2022-11-10,shock,BTC-25NOV22-15000-P,P,0.041134879153982756,0.1037415253603506,16786.9,16639.70532600564,0.039,654.6891,fixed_60pct,DH_numerical,202.82632686496007,0.01208241705526095,-451.86277313504,-0.02715569562574157,1.0302173006734103,0.591600110549814,-43.861719012359636,False
2022-11-10,shock,BTC-25NOV22-15500-P,P,0.041124735698883814,0.06393598410621813,16669.54,16523.374388366166,0.0485,808.4726900000001,fixed_60pct,DH_numerical,354.8730499200976,0.021288712821115496,-453.59964007990243,-0.02745199796473016,0.9701728861619495,0.5867657885011995,-38.340709766075,False
2022-11-10,shock,BTC-25NOV22-16000-P,P,0.041139873731608316,0.037748432498570864,16762.5,16615.519275576164,0.057,955.4625000000001,fixed_60pct,DH_numerical,500.6970936327416,0.029870072699939843,-454.7654063672585,-0.02736991837719673,0.9404455200063845,0.583634162358319,-35.68113576480655,False
2022-11-10,shock,BTC-25NOV22-17000-C,C,0.04109744314434297,-0.025594870398801917,16716.99,16570.408326598896,0.059,986.30241,fixed_60pct,DH_numerical,585.7764301571774,0.03504078366722582,-400.5259798428226,-0.0241711593310526,0.8768946263891835,0.5763120507161751,-30.05825756730084,False
2022-11-10,shock,BTC-25NOV22-17500-C,C,0.04120784677828513,-0.05797092784474396,16660.44,16514.35418103386,0.0465,774.7104599999999,fixed_60pct,DH_numerical,391.3384857360195,0.02348908466619246,-383.3719742639804,-0.023214469670528762,0.875476115697883,0.5726437983208623,-30.283231737702067,False
2022-11-10,shock,BTC-25NOV22-19000-C,C,0.041099817034500254,-0.14058663841761682,16654.15,16508.11933442725,0.018,299.7747,fixed_60pct,DH_numerical,106.70352890574507,0.006407023408924807,-193.0711710942549,-0.011695527951001058,0.7938132231755846,0.5638956380011838,-22.991758517440076,False
2022-11-10,shock,BTC-25NOV22-20000-C,C,0.04114629572552004,-0.18224542361649726,16815.38,16667.935601261022,0.011,184.96918,fixed_60pct,DH_numerical,47.53491958662672,0.0028268715655921377,-137.43426041337327,-0.008245427850283727,0.7886423982847054,0.5597093790937282,-22.89330191909772,False
2022-11-10,shock,BTC-25NOV22-20500-C,C,0.041198447108066964,-0.21461039664872322,16686.86,16540.542519244795,0.008,133.49488,fixed_60pct,DH_numerical,22.986821739412612,0.0013775402765656697,-110.50805826058738,-0.0066810419387400444,0.8061010590476283,0.5565828538165526,-24.95182052310757,False
2022-11-10,shock,BTC-25NOV22-21000-C,C,0.04110384795154744,-0.23963965380189836,16671.32,16525.13878056963,0.006,100.02792,fixed_60pct,DH_numerical,12.359424395951809,0.000741358476470478,-87.66849560404819,-0.005305159416096971,0.8137431266111594,0.5542929198014362,-25.94502068097232,False
2022-11-10,shock,BTC-25NOV22-21500-C,C,0.041115123192541854,-0.2608921844828007,16709.34,16562.82540505031,0.005,83.5467,fixed_60pct,DH_numerical,7.090639528551389,0.00042435186120764725,-76.45606047144861,-0.004616124278417845,0.8318044159825156,0.5523723447106897,-27.94320712718259,False
2021-03-26,shock,BTC-2APR21-38000-P,P,0.019243027872907152,0.3296510842462535,52624.44,52838.349532367196,0.0015,78.93666,fixed_60pct,DH_numerical,0.08294585128257598,1.5761849680980163e-06,-78.85371414871743,-0.0014923576312771466,1.2336927374519002,0.6337847342502325,-59.99080032016677,False
2021-03-26,shock,BTC-2APR21-40000-P,P,0.019242049847793,0.27860327302666865,52637.36,52851.322050002695,0.0025,131.5934,fixed_60pct,DH_numerical,0.7264278286058918,1.3800612884192744e-05,-130.8669721713941,-0.0024761343159510887,1.1715142797771847,0.6266769775973824,-54.48373021798023,False
2021-03-26,shock,BTC-2APR21-42000-P,P,0.019194412861491626,0.2445364277170207,53418.09,53635.225586656095,0.0035,186.963315,fixed_60pct,DH_numerical,2.73877739514276,5.127059756615709e-05,-184.22453760485723,-0.0034347676473778167,1.1281864153858159,0.621995882894793,-50.619053249102286,False
2021-03-26,shock,BTC-2APR21-44000-P,P,0.01919294311263318,0.19809447247788894,53422.26,53639.4125370075,0.005,267.1113,fixed_60pct,DH_numerical,14.184838945121838,0.00026552300380256914,-252.9264610548782,-0.004715310050802222,1.036546083409765,0.6156317313127483,-42.09143520970168,False
2021-03-26,shock,BTC-2APR21-46000-P,P,0.019192243023845763,0.1536983031643372,53425.23,53642.39460955993,0.007,373.97661000000005,fixed_60pct,DH_numerical,56.917792228911274,0.0010653729001992367,-317.0588177710888,-0.0059106014949337074,0.9375478622006994,0.60962368144756,-32.79241807531395,False
2021-03-26,shock,BTC-2APR21-48000-P,P,0.01918143959284627,0.11346783125055084,53549.81,53767.481006388894,0.0095,508.723195,fixed_60pct,DH_numerical,171.5898830282024,0.003204304236153264,-337.1333119717976,-0.006270208417086489,0.8361414344105152,0.6042635667307069,-23.187786767980832,False
2021-03-26,shock,BTC-2APR21-50000-P,P,0.019185817383307966,0.0699066915011684,53403.33,53620.40558972886,0.015,801.04995,fixed_60pct,DH_numerical,477.64333998484113,0.008944074086481894,-323.40661001515883,-0.006031409245384527,0.7487927930507362,0.598550712870503,-15.024208018023321,False
2021-03-26,shock,BTC-2APR21-52000-P,P,0.019179879724759007,0.0347920742130469,53623.06,53841.02875536724,0.025,1340.5765000000001,fixed_60pct,DH_numerical,968.7790253940346,0.018066462924608083,-371.7974746059655,-0.006905467506857439,0.7309432449383115,0.5940379781320914,-13.690526680622018,False
2021-03-26,shock,BTC-2APR21-60000-C,C,0.019195049435565704,-0.11274991925337322,53385.44,53602.442869875995,0.01,533.8544,fixed_60pct,DH_numerical,161.35903672273196,0.0030225289277887746,-372.4953632772681,-0.006949223642316618,0.8146804842853671,0.5761262763885473,-23.85542078968198,False
2021-03-26,shock,BTC-2APR21-62000-C,C,0.01917901804287164,-0.1408468665765698,53636.56,53854.58363060557,0.007,375.45592,fixed_60pct,DH_numerical,69.63510220023163,0.0012982768134315779,-305.82081779976835,-0.005678640464429667,0.844550636547436,0.5729556164223423,-27.159502012509375,False
2021-03-26,shock,BTC-2APR21-64000-C,C,0.019208187753678337,-0.18038978176551487,53220.13,53436.46091242057,0.0045,239.49058499999998,fixed_60pct,DH_numerical,17.413924406919097,0.00032720559695962974,-222.07666059308087,-0.004155901360253861,0.8986061537560681,0.5686138457246436,-32.99923080314245,False
2021-03-26,shock,BTC-2APR21-74000-C,C,0.019249938070776258,-0.33875390388314425,52523.18,52736.6779274314,0.001,52.52318,fixed_60pct,DH_numerical,0.005040264348056655,9.59626653994799e-08,-52.51813973565195,-0.0009958560493309766,1.1274739995651861,0.5530985428190611,-57.4375456746125,False
2021-03-26,shock,BTC-2APR21-76000-C,C,0.019187969051243023,-0.34770712216101485,53461.92,53679.23374826321,0.001,53.46192,fixed_60pct,DH_numerical,0.0027229509792658243,5.093253252531567e-08,-53.45919704902073,-0.000995900897164919,1.1541934408724157,0.5523369459237916,-60.18564949486242,False
2022-11-10,shock,BTC-25NOV22-12000-P,P,0.041099627156265854,0.3189312800344587,16653.91,16507.881438849254,0.013,216.50082999999998,fixed_60pct,SH_numerical,4.33085110155712,0.0002600501084464321,-212.16997889844285,-0.012852647366313589,1.3252267928528838,0.6430955894418802,-68.21312034110036,False
2022-11-10,shock,BTC-25NOV22-13000-P,P,0.04110240058980213,0.2387696742936564,16651.93,16505.918800330797,0.0185,308.060705,fixed_60pct,SH_numerical,21.70948613460768,0.0013037219189972382,-286.3512188653923,-0.017348396192258832,1.2026603142734726,0.6268681248165701,-57.57921894569026,False
2022-11-10,shock,BTC-25NOV22-14000-P,P,0.04114935280314561,0.1697508417601584,16736.89,16590.133834940963,0.0285,477.001365,fixed_60pct,SH_numerical,74.5452412247757,0.004453948208106506,-402.45612377522434,-0.024258762935811872,1.143918948294966,0.6122636096888301,-53.1655338606136,False
2022-11-10,shock,BTC-25NOV22-14500-P,P,0.04112473484271943,0.13062735860489047,16669.54,16523.374388366166,0.0335,558.4295900000001,fixed_60pct,SH_numerical,138.60681848051897,0.008314975607036484,-419.8227715194811,-0.025407810877605685,1.0657053627944666,0.6037408403021395,-46.19645224923271,False
2022-11-10,shock,BTC-25NOV22-15000-P,P,0.041134879153982756,0.1037415253603506,16786.9,16639.70532600564,0.039,654.6891,fixed_60pct,SH_numerical,208.23923978014778,0.012404865685751852,-446.44986021985227,-0.02683039461775268,1.0302173006734103,0.5977412098685958,-43.24760908048145,False
2022-11-10,shock,BTC-25NOV22-15500-P,P,0.041124735698883814,0.06393598410621813,16669.54,16523.374388366166,0.0485,808.4726900000001,fixed_60pct,SH_numerical,357.00697902726,0.021416726497987346,-451.46571097274006,-0.02732285188009839,0.9701728861619495,0.5886724045917919,-38.15004815701576,False
2022-11-10,shock,BTC-25NOV22-16000-P,P,0.041139873731608316,0.037748432498570864,16762.5,16615.519275576164,0.057,955.4625000000001,fixed_60pct,SH_numerical,499.34461340748425,0.02978938782445842,-456.11788659251584,-0.02745131699031413,0.9404455200063845,0.5825535917094793,-35.78919282969052,False
2022-11-10,shock,BTC-25NOV22-17000-C,C,0.04109744314434297,-0.025594870398801917,16716.99,16570.408326598896,0.059,986.30241,fixed_60pct,SH_numerical,573.855476255383,0.03432767957960033,-412.446933744617,-0.024890571530609498,0.8768946263891835,0.5672980200255232,-30.959660636366028,False
2022-11-10,shock,BTC-25NOV22-17500-C,C,0.04120784677828513,-0.05797092784474396,16660.44,16514.35418103386,0.0465,774.7104599999999,fixed_60pct,SH_numerical,374.9807796015001,0.022507255486739854,-399.7296803984998,-0.02420498410150213,0.875476115697883,0.5591262514185193,-31.63498642793636,False
2022-11-10,shock,BTC-25NOV22-19000-C,C,0.041099817034500254,-0.14058663841761682,16654.15,16508.11933442725,0.018,299.7747,fixed_60pct,SH_numerical,89.58189016628853,0.005378953003683077,-210.19280983371146,-0.012732692657204135,0.7938132231755846,0.5374329982160374,-25.638022495954715,False
2022-11-10,shock,BTC-25NOV22-20000-C,C,0.04114629572552004,-0.18224542361649726,16815.38,16667.935601261022,0.011,184.96918,fixed_60pct,SH_numerical,34.81870876882439,0.002070646560995017,-150.1504712311756,-0.009008342414030918,0.7886423982847054,0.5257800675030938,-26.28623307816116,False
2022-11-10,shock,BTC-25NOV22-20500-C,C,0.041198447108066964,-0.21461039664872322,16686.86,16540.542519244795,0.008,133.49488,fixed_60pct,SH_numerical,14.3944941170931,0.0008626244911920576,-119.10038588290689,-0.007200512664220929,0.8061010590476283,0.5163680307009294,-28.97330283466989,False
2022-11-10,shock,BTC-25NOV22-21000-C,C,0.04110384795154744,-0.23963965380189836,16671.32,16525.13878056963,0.006,100.02792,fixed_60pct,SH_numerical,6.579459417507505,0.00039465737671087265,-93.44846058249249,-0.005654927430465506,0.8137431266111594,0.5089223873389788,-30.482073927218067,False
2022-11-10,shock,BTC-25NOV22-21500-C,C,0.041115123192541854,-0.2608921844828007,16709.34,16562.82540505031,0.005,83.5467,fixed_60pct,SH_numerical,3.179611063448764,0.00019028944670757575,-80.36708893655124,-0.004852257206795517,0.8318044159825156,0.5023826577940673,-32.94217581884483,False
2021-03-26,shock,BTC-2APR21-38000-P,P,0.019243027872907152,0.3296510842462535,52624.44,52838.349532367196,0.0015,78.93666,fixed_60pct,SH_numerical,0.16181553000770232,3.074912151230537e-06,-78.7748444699923,-0.0014908649715059171,1.2336927374519002,0.6604984173547362,-57.3194320097164,False
2021-03-26,shock,BTC-2APR21-40000-P,P,0.019242049847793,0.27860327302666865,52637.36,52851.322050002695,0.0025,131.5934,fixed_60pct,SH_numerical,1.1492309045680291,2.1832989051275162e-05,-130.44416909543196,-0.0024681344578668927,1.1715142797771847,0.6500550970437955,-52.14591827333892,False
2021-03-26,shock,BTC-2APR21-42000-P,P,0.019194412861491626,0.2445364277170207,53418.09,53635.225586656095,0.0035,186.963315,fixed_60pct,SH_numerical,3.8591653920998716,7.22445409804033e-05,-183.10414960790013,-0.0034138786143831303,1.1281864153858159,0.642953485974101,-48.52329294117149,False
2021-03-26,shock,BTC-2APR21-44000-P,P,0.01919294311263318,0.19809447247788894,53422.26,53639.4125370075,0.005,267.1113,fixed_60pct,SH_numerical,17.567871944203723,0.0003288492838791119,-249.5434280557963,-0.00465224013934956,1.036546083409765,0.632996555812053,-40.3549527597712,False
2021-03-26,shock,BTC-2APR21-46000-P,P,0.019192243023845763,0.1536983031643372,53425.23,53642.39460955993,0.007,373.97661000000005,fixed_60pct,SH_numerical,64.29561851757782,0.001203469194565523,-309.6809914824222,-0.005773064266359804,0.9375478622006994,0.6232110507781978,-31.43368114225016,False
2021-03-26,shock,BTC-2APR21-48000-P,P,0.01918143959284627,0.11346783125055084,53549.81,53767.481006388894,0.0095,508.723195,fixed_60pct,SH_numerical,182.7641039629594,0.0034129739015499668,-325.9590910370406,-0.006062383525058737,0.8361414344105152,0.6141067643968664,-22.203467001364885,False
2021-03-26,shock,BTC-2APR21-50000-P,P,0.019185817383307966,0.0699066915011684,53403.33,53620.40558972886,0.015,801.04995,fixed_60pct,SH_numerical,488.50297792292673,0.009147425411915825,-312.54697207707324,-0.00582888116267704,0.7487927930507362,0.6039538537553292,-14.483893929540702,False
2021-03-26,shock,BTC-2APR21-52000-P,P,0.019179879724759007,0.0347920742130469,53623.06,53841.02875536724,0.025,1340.5765000000001,fixed_60pct,SH_numerical,972.8001193525806,0.018141451072590423,-367.7763806474195,-0.006830782939130914,0.7309432449383115,0.5955430582679324,-13.540018667037913,False
2021-03-26,shock,BTC-2APR21-60000-C,C,0.019195049435565704,-0.11274991925337322,53385.44,53602.442869875995,0.01,533.8544,fixed_60pct,SH_numerical,140.52924145306392,0.0026323514698588964,-393.3251585469361,-0.0073378215149963,0.8146804842853671,0.5574827824721225,-25.719770181324463,False
2021-03-26,shock,BTC-2APR21-62000-C,C,0.01917901804287164,-0.1408468665765698,53636.56,53854.58363060557,0.007,375.45592,fixed_60pct,SH_numerical,55.24050175521216,0.0010299038893473436,-320.2154182447878,-0.005945926913875708,0.844550636547436,0.5496611234625473,-29.488951308488875,False
2021-03-26,shock,BTC-2APR21-64000-C,C,0.019208187753678337,-0.18038978176551487,53220.13,53436.46091242057,0.0045,239.49058499999998,fixed_60pct,SH_numerical,11.22627927804446,0.00021094047079637837,-228.2643057219555,-0.004271695801412976,0.8986061537560681,0.5382400201941401,-36.0366133561928,False
2021-03-26,shock,BTC-2APR21-74000-C,C,0.019249938070776258,-0.33875390388314425,52523.18,52736.6779274314,0.001,52.52318,fixed_60pct,SH_numerical,0.00020781861857956368,3.95670289916878e-09,-52.52297218138143,-0.0009959476828187007,1.1274739995651861,0.48683645468999165,-64.06375448751945,False
2021-03-26,shock,BTC-2APR21-76000-C,C,0.019187969051243023,-0.34770712216101485,53461.92,53679.23374826321,0.001,53.46192,fixed_60pct,SH_numerical,8.09935883547079e-05,1.5149771716898292e-09,-53.461839006411644,-0.000995950114659403,1.1541934408724157,0.48361668876120095,-67.05767521112148,False
2022-11-10,shock,BTC-25NOV22-12000-P,P,0.041099627156265854,0.3189312800344587,16653.91,16507.881438849254,0.013,216.50082999999998,fixed_60pct,BS_fixed,2.332768736255352,0.00014007333630693044,-214.16806126374462,-0.0129736854518307,1.3252267928528838,0.6000000000000345,-72.52267928528494,False
2022-11-10,shock,BTC-25NOV22-13000-P,P,0.04110240058980213,0.2387696742936564,16651.93,16505.918800330797,0.0185,308.060705,fixed_60pct,BS_fixed,16.67778534936007,0.0010015526938535095,-291.3829196506399,-0.017653238403475015,1.2026603142734726,0.6000000000000058,-60.26603142734669,False
2022-11-10,shock,BTC-25NOV22-14000-P,P,0.04114935280314561,0.1697508417601584,16736.89,16590.133834940963,0.0285,477.001365,fixed_60pct,BS_fixed,68.7245270107726,0.004106170681098615,-408.27683798922743,-0.024609616899493824,1.143918948294966,0.6000000000000065,-54.39189482949595,False
2022-11-10,shock,BTC-25NOV22-14500-P,P,0.04112473484271943,0.13062735860489047,16669.54,16523.374388366166,0.0335,558.4295900000001,fixed_60pct,BS_fixed,135.9696835989362,0.008156774787962727,-422.4599064010639,-0.025567411139610256,1.0657053627944666,0.6000000000000008,-46.570536279446586,False
2022-11-10,shock,BTC-25NOV22-15000-P,P,0.041134879153982756,0.1037415253603506,16786.9,16639.70532600564,0.039,654.6891,fixed_60pct,BS_fixed,210.24047396705328,0.01252407972687353,-444.4486260329468,-0.02671012601036467,1.0302173006734103,0.6000000000000001,-43.021730067341025,False
2022-11-10,shock,BTC-25NOV22-15500-P,P,0.041124735698883814,0.06393598410621813,16669.54,16523.374388366166,0.0485,808.4726900000001,fixed_60pct,BS_fixed,369.7248902541484,0.02217966964020293,-438.74779974585164,-0.02655315975015168,0.9701728861619495,0.6000000000000006,-37.01728861619489,False
2022-11-10,shock,BTC-25NOV22-16000-P,P,0.041139873731608316,0.037748432498570864,16762.5,16615.519275576164,0.057,955.4625000000001,fixed_60pct,BS_fixed,521.2104352764069,0.031093836556385198,-434.2520647235932,-0.026135329117394374,0.9404455200063845,0.6000000000000006,-34.04455200063838,False
2022-11-10,shock,BTC-25NOV22-17000-C,C,0.04109744314434297,-0.025594870398801917,16716.99,16570.408326598896,0.059,986.30241,fixed_60pct,BS_fixed,617.1420671040233,0.03691705666534605,-369.16034289597667,-0.022278288839955668,0.8768946263891835,0.5999999999999995,-27.689462638918393,False
2022-11-10,shock,BTC-25NOV22-17500-C,C,0.04120784677828513,-0.05797092784474396,16660.44,16514.35418103386,0.0465,774.7104599999999,fixed_60pct,BS_fixed,424.72698383779374,0.025493143268592772,-349.98347616220616,-0.02119268318491979,0.875476115697883,0.6000000000000009,-27.54761156978821,False
2022-11-10,shock,BTC-25NOV22-19000-C,C,0.041099817034500254,-0.14058663841761682,16654.15,16508.11933442725,0.018,299.7747,fixed_60pct,BS_fixed,132.07579541742223,0.007930503533198765,-167.69890458257777,-0.010158571136134574,0.7938132231755846,0.6000000000000008,-19.38132231755838,False
2022-11-10,shock,BTC-25NOV22-20000-C,C,0.04114629572552004,-0.18224542361649726,16815.38,16667.935601261022,0.011,184.96918,fixed_60pct,BS_fixed,65.42219783801511,0.0038906166758060244,-119.54698216198489,-0.0071722728610098836,0.7886423982847054,0.6000000000000009,-18.864239828470453,False
2022-11-10,shock,BTC-25NOV22-20500-C,C,0.041198447108066964,-0.21461039664872322,16686.86,16540.542519244795,0.008,133.49488,fixed_60pct,BS_fixed,35.138119685210185,0.0021057358715306645,-98.35676031478981,-0.005946404732514213,0.8061010590476283,0.6000000000000009,-20.610105904762744,False
2022-11-10,shock,BTC-25NOV22-21000-C,C,0.04110384795154744,-0.23963965380189836,16671.32,16525.13878056963,0.006,100.02792,fixed_60pct,BS_fixed,20.813206107222868,0.0012484438009241542,-79.21471389277713,-0.0047935884197183466,0.8137431266111594,0.6000000000000028,-21.374312661115667,False
2022-11-10,shock,BTC-25NOV22-21500-C,C,0.041115123192541854,-0.2608921844828007,16709.34,16562.82540505031,0.005,83.5467,fixed_60pct,BS_fixed,13.105575979905286,0.0007843263695577016,-70.44112402009472,-0.004252965439013559,0.8318044159825156,0.6,-23.180441598251566,False
2021-03-26,shock,BTC-2APR21-38000-P,P,0.019243027872907152,0.3296510842462535,52624.44,52838.349532367196,0.0015,78.93666,fixed_60pct,BS_fixed,0.0316788752484136,6.019802823253529e-07,-78.90498112475159,-0.0014933278920155663,1.2336927374519002,0.6000000000040172,-63.3692737447883,False
2021-03-26,shock,BTC-2APR21-40000-P,P,0.019242049847793,0.27860327302666865,52637.36,52851.322050002695,0.0025,131.5934,fixed_60pct,BS_fixed,0.40604607024037387,7.714028025728757e-06,-131.18735392975964,-0.002482196260022467,1.1715142797771847,0.599999999998907,-57.15142797782777,False
2021-03-26,shock,BTC-2APR21-42000-P,P,0.019194412861491626,0.2445364277170207,53418.09,53635.225586656095,0.0035,186.963315,fixed_60pct,BS_fixed,1.84809544608885,3.4596808798084135e-05,-185.11521955391115,-0.0034513739343713314,1.1281864153858159,0.6000000000003554,-52.81864153854605,False
2021-03-26,shock,BTC-2APR21-44000-P,P,0.01919294311263318,0.19809447247788894,53422.26,53639.4125370075,0.005,267.1113,fixed_60pct,BS_fixed,11.548562431963317,0.0002161751006408811,-255.5627375680367,-0.004764458175072593,1.036546083409765,0.5999999999999723,-43.65460834097927,False
2021-03-26,shock,BTC-2APR21-46000-P,P,0.019192243023845763,0.1536983031643372,53425.23,53642.39460955993,0.007,373.97661000000005,fixed_60pct,BS_fixed,52.009918279443646,0.0009735085516607723,-321.9666917205564,-0.006002093942002671,0.9375478622006994,0.599999999999989,-33.75478622007104,False
2021-03-26,shock,BTC-2APR21-48000-P,P,0.01918143959284627,0.11346783125055084,53549.81,53767.481006388894,0.0095,508.723195,fixed_60pct,BS_fixed,166.85165501428682,0.0031158216063565274,-341.8715399857132,-0.006358332835884398,0.8361414344105152,0.5999999999999972,-23.614143441051805,False
2021-03-26,shock,BTC-2APR21-50000-P,P,0.019185817383307966,0.0699066915011684,53403.33,53620.40558972886,0.015,801.04995,fixed_60pct,BS_fixed,480.5494832941477,0.008998492852302425,-320.50046670585226,-0.005977210787216519,0.7487927930507362,0.5999999999999962,-14.879279305074,False
2021-03-26,shock,BTC-2APR21-52000-P,P,0.019179879724759007,0.0347920742130469,53623.06,53841.02875536724,0.025,1340.5765000000001,fixed_60pct,BS_fixed,984.718103670372,0.018363705906943244,-355.85839632962814,-0.006609427876025749,0.7309432449383115,0.6000000000000011,-13.094324493831044,False
2021-03-26,shock,BTC-2APR21-60000-C,C,0.019195049435565704,-0.11274991925337322,53385.44,53602.442869875995,0.01,533.8544,fixed_60pct,BS_fixed,190.0541429317195,0.0035600370237974903,-343.80025706828053,-0.006413891581450528,0.8146804842853671,0.5999999999999973,-21.468048428536978,False
2021-03-26,shock,BTC-2APR21-62000-C,C,0.01917901804287164,-0.1408468665765698,53636.56,53854.58363060557,0.007,375.45592,fixed_60pct,BS_fixed,88.81476174766387,0.0016558623772229962,-286.64115825233614,-0.0053225025416302335,0.844550636547436,0.6000000000000019,-24.455063654743412,False
2021-03-26,shock,BTC-2APR21-64000-C,C,0.019208187753678337,-0.18038978176551487,53220.13,53436.46091242057,0.0045,239.49058499999998,fixed_60pct,BS_fixed,25.907096216353494,0.0004867912990132398,-213.5834887836465,-0.0039969617212056415,0.8986061537560681,0.6000000000000001,-29.860615375606802,False
2021-03-26,shock,BTC-2APR21-74000-C,C,0.019249938070776258,-0.33875390388314425,52523.18,52736.6779274314,0.001,52.52318,fixed_60pct,BS_fixed,0.02725068062512189,5.188315068722399e-07,-52.49592931937488,-0.0009954348924217826,1.1274739995651861,0.5999999999999917,-52.747399956519445,False
2021-03-26,shock,BTC-2APR21-76000-C,C,0.019187969051243023,-0.34770712216101485,53461.92,53679.23374826321,0.001,53.46192,fixed_60pct,BS_fixed,0.016540159719422864,3.093820745574208e-07,-53.44537984028057,-0.0009956434939239385,1.1541934408724157,0.6000000000000061,-55.419344087240965,False
