ticker,surfaces,median_relative,median_slots,all_valid
IDEA,60,0.06270314790060155,12.0,True
BSE,60,0.07040619226651013,20.0,True
VEDL,60,0.07432338070442246,19.0,True
INFY,60,0.07681558311779177,20.0,True
SUZLON,60,0.0773340453653073,18.0,True
ADANIGREEN,60,0.08086201635509674,15.0,True
HINDZINC,60,0.08178048369001736,19.0,True
ADANIPOWER,60,0.08199121818577096,18.0,True
MCX,60,0.08374102431908576,20.0,True
JIOFIN,60,0.08552775485481255,19.0,True
UNIONBANK,60,0.08624005995734253,17.0,True
ATHERENERG,22,0.08787904826638168,17.0,True
ASHOKLEY,60,0.08817770241484946,19.0,True
KALYANKJIL,60,0.08840609710274584,18.5,True
BEL,60,0.08872645853455567,19.0,True
MUTHOOTFIN,60,0.09028076506257948,18.0,True
TMPV,60,0.0906820856929099,19.0,True
ETERNAL,60,0.09090654476937905,19.0,True
COFORGE,60,0.09094757058473141,18.0,True
SWIGGY,60,0.09110288197734137,18.0,True
NATIONALUM,60,0.09170396182164851,18.0,True
RVNL,60,0.09195740117011035,18.0,True
PERSISTENT,60,0.09200078603385141,17.0,True
ADANIENT,60,0.0926096239748639,18.0,True
ANGELONE,60,0.09322917102286046,17.0,True
LTF,60,0.09399608385000605,18.0,True
VBL,60,0.09400345677519573,18.0,True
WAAREEENER,60,0.0953916042019943,16.0,True
BHEL,60,0.09543069420663462,19.0,True
MAZDOCK,60,0.0956508195333011,16.5,True
KPITTECH,60,0.09574913159303206,18.0,True
CDSL,60,0.09583907385672455,18.0,True
CANBK,60,0.09593704625078711,19.0,True
SHRIRAMFIN,60,0.09618410862963617,17.5,True
FORCEMOT,60,0.09641894497005986,14.0,True
PRESTIGE,60,0.09743107992461217,11.0,True
CHOLAFIN,60,0.09763026910903214,14.0,True
INOXWIND,60,0.09861039421523937,14.0,True
ADANIENSOL,60,0.09889157385480779,13.0,True
MPHASIS,60,0.09911136836718813,15.0,True
PATANJALI,60,0.09931053540306346,13.0,True
TRENT,60,0.10018758206772807,18.0,True
AMBER,60,0.10021439016930259,12.5,True
CAMS,60,0.10072626097670705,14.0,True
BANKBARODA,60,0.10076403630060363,18.0,True
CGPOWER,60,0.10129492745617347,16.0,True
360ONE,60,0.10158795832676963,11.5,True
JUBLFOOD,60,0.10162560247072036,16.0,True
IRFC,60,0.10185737750070194,16.0,True
SOLARINDS,60,0.10222597748216974,15.0,True
PAYTM,60,0.10232406918308683,18.0,True
LAURUSLABS,60,0.10262025899950766,18.0,True
TATASTEEL,60,0.10292076679765882,20.0,True
VOLTAS,60,0.10357255611616659,17.0,True
MOTILALOFS,60,0.10367729494866657,11.0,True
MOTHERSON,60,0.10409654432187351,16.0,True
NBCC,60,0.10456141018674998,13.0,True
CROMPTON,60,0.10471778150666523,14.5,True
BANKINDIA,60,0.10530137033428383,16.0,True
BPCL,60,0.10569134371308583,17.0,True
AUBANK,60,0.10632533535136102,14.0,True
GODFRYPHLP,59,0.10657137824982019,11.0,True
RECLTD,60,0.10684470426640039,18.0,True
APLAPOLLO,60,0.1068753763172197,12.0,True
LTM,60,0.10701258382558496,17.0,True
SIEMENS,60,0.10707429083277564,15.0,True
HDFCBANK,60,0.10709405450502368,20.0,True
HINDALCO,60,0.1073855032845637,18.0,True
KEI,60,0.10739524610942164,14.0,True
INDIGO,60,0.10747331645865421,16.0,True
GODREJPROP,60,0.10760868079552746,16.0,True
IEX,60,0.10780176556492388,16.0,True
KFINTECH,60,0.10791812073946065,13.5,True
COCHINSHIP,60,0.10875038342747008,15.0,True
PREMIERENE,60,0.10879762525228111,11.0,True
GMRAIRPORT,60,0.10882935375932129,15.0,True
RBLBANK,60,0.10905569709778387,15.0,True
POWERINDIA,60,0.10977428360082547,17.0,True
TECHM,60,0.10984128952255215,17.0,True
PGEL,60,0.10999551782530088,13.5,True
POLICYBZR,60,0.11016883724823263,13.0,True
TCS,60,0.11033524951490438,20.0,True
NAM-INDIA,60,0.1108518405299847,10.0,True
HAL,60,0.11171842157774947,19.0,True
TATAELXSI,60,0.11205950150994161,17.0,True
BDL,60,0.11301642973184212,18.0,True
YESBANK,60,0.11384951422195402,17.0,True
BIOCON,60,0.11445506619925899,17.0,True
HAVELLS,60,0.11447909680244324,16.5,True
OIL,60,0.11462532164475878,14.5,True
SUPREMEIND,60,0.1147342982825234,12.0,True
HINDPETRO,60,0.1148363267042525,17.0,True
MFSL,60,0.11496359559927224,11.0,True
VMM,60,0.11527185617698665,12.0,True
ABB,60,0.11588653236060012,15.0,True
SONACOMS,60,0.11648638164323494,13.0,True
HDFCAMC,60,0.11656704392991296,14.0,True
DIXON,60,0.11682611537621657,19.0,True
UNOMINDA,60,0.11683367042627184,12.0,True
PNBHOUSING,60,0.11708762599761355,13.0,True
TIINDIA,60,0.11715746419930534,11.0,True
GLENMARK,60,0.11767970535997144,12.0,True
MANAPPURAM,59,0.11773235441937163,11.0,True
SBICARD,60,0.11777659969263508,19.0,True
OFSS,60,0.11779108422075069,15.0,True
PFC,60,0.11826167385966446,19.0,True
GVT&D,60,0.11867743372197538,16.0,True
PAGEIND,60,0.11869189515326001,13.0,True
BAJFINANCE,60,0.11878298880512642,18.5,True
MAHABANK,22,0.11958157258787583,12.0,True
PNB,60,0.11973074822017873,18.0,True
RADICO,60,0.1204388735666661,11.0,True
JSWENERGY,60,0.1207603614098776,13.0,True
SBIN,60,0.1217032265100711,20.0,True
DELHIVERY,60,0.12219117587577341,15.0,True
ASTRAL,60,0.12229684373833392,15.0,True
JINDALSTEL,60,0.12240877508253224,14.0,True
TVSMOTOR,60,0.12279273197563273,18.0,True
INDUSINDBK,60,0.1233381029350283,17.0,True
GODREJCP,60,0.12414025233697329,16.0,True
CONCOR,60,0.12533768889705516,14.0,True
ABCAPITAL,60,0.12562044246796403,16.0,True
DMART,60,0.12584323332710046,17.0,True
INDIANB,60,0.1261226982009347,15.0,True
HDFCLIFE,60,0.12655898670660687,18.0,True
NMDC,60,0.12674839338774763,17.0,True
MAXHEALTH,60,0.1268438985261808,14.0,True
BANDHANBNK,60,0.12780986904554187,15.5,True
ADANIPORTS,60,0.1280007808618862,17.0,True
RELIANCE,60,0.12860074716972564,20.0,True
WIPRO,60,0.1293358951693756,20.0,True
BHARATFORG,60,0.12992055139939535,14.5,True
POLYCAB,60,0.13262484035669903,16.0,True
SAGILITY,22,0.1337132392221062,14.5,True
ICICIGI,60,0.13383805626008222,14.0,True
NAUKRI,60,0.13386783651713782,14.0,True
MANKIND,60,0.13398133282143518,11.0,True
M&M,60,0.13456132149286115,18.0,True
ASIANPAINT,60,0.1351409311559929,17.0,True
TATAPOWER,60,0.13580203214049408,19.0,True
OBEROIRLTY,60,0.1372832963349529,14.0,True
BLUESTARCO,60,0.13739315577898326,14.0,True
UPL,60,0.13781479611815425,17.0,True
IOC,60,0.13785785908272133,18.0,True
AMBUJACEM,60,0.13935286428469562,16.0,True
HCLTECH,60,0.13989406667168236,19.0,True
FEDERALBNK,60,0.1402488215485022,17.5,True
INDUSTOWER,60,0.14107240436875307,15.0,True
ICICIPRULI,60,0.14277442914378033,15.0,True
IDFCFIRSTB,60,0.1428679465202996,18.0,True
COLPAL,60,0.14288554274240955,16.0,True
AUROPHARMA,60,0.1429267226675503,15.0,True
SHREECEM,60,0.14354552972803625,12.0,True
DLF,60,0.1463239723993794,18.0,True
DABUR,60,0.1471199711558583,18.0,True
BOSCHLTD,60,0.14733000480929387,12.0,True
NYKAA,60,0.14753036485753213,14.0,True
LT,60,0.14920338527857807,19.0,True
ONGC,60,0.1505781519563751,19.0,True
EICHERMOT,60,0.15106896289475324,15.0,True
SRF,60,0.15221581900139708,14.0,True
MARUTI,60,0.15322970094453847,18.0,True
CUMMINSIND,60,0.15407195420055475,14.0,True
PHOENIXLTD,60,0.15412666536233427,9.0,True
ZYDUSLIFE,60,0.1542051585066262,14.0,True
HINDUNILVR,60,0.15431859961344244,19.0,True
NHPC,60,0.15468962657229457,15.0,True
PIIND,60,0.15579663098503244,17.0,True
FORTIS,60,0.1559271946742586,13.0,True
AXISBANK,60,0.15665315837590543,18.0,True
HYUNDAI,60,0.15692121482281904,14.0,True
TATACONSUM,60,0.15798320590931633,15.0,True
KAYNES,60,0.15977600710277534,13.0,True
DRREDDY,60,0.16032135830352087,18.0,True
LODHA,60,0.16042924499821684,13.0,True
TITAN,60,0.16147985625038108,17.0,True
UNITDSPR,60,0.16325470818973561,13.0,True
GAIL,60,0.1659752986109226,18.0,True
KOTAKBANK,60,0.16850869304099358,18.0,True
ITC,60,0.17155214586186857,19.0,True
COALINDIA,60,0.17435745195880664,19.0,True
JSWSTEEL,60,0.17512486852570386,14.5,True
NTPC,60,0.1756662295432813,18.0,True
LUPIN,60,0.17945590707545236,15.0,True
DIVISLAB,60,0.18049822817484507,17.0,True
LICI,60,0.18091334460290626,17.5,True
INDHOTEL,60,0.1833499981358882,15.0,True
SBILIFE,60,0.18636547972490075,13.0,True
BAJAJHLDNG,59,0.18687825712545877,9.0,True
HEROMOTOCO,60,0.1874726340936958,18.0,True
BAJAJ-AUTO,60,0.18812102717180856,17.0,True
PETRONET,60,0.18843752713556766,12.5,True
ICICIBANK,60,0.18903901057095918,19.0,True
BAJAJFINSV,60,0.1890948396257491,17.0,True
ULTRACEMCO,60,0.18988186313870853,14.5,True
GRASIM,60,0.19101219283511725,14.0,True
SAIL,57,0.19885610609292195,12.0,True
POWERGRID,60,0.21022286319248518,17.0,True
TORNTPHARM,60,0.21258007325527875,11.0,True
CIPLA,60,0.21433047773737524,14.0,True
NESTLEIND,60,0.21732496575672802,14.0,True
IREDA,60,0.22011340138705776,18.0,True
PIDILITIND,60,0.22033601831762467,13.5,True
BHARTIARTL,60,0.2304935322726954,19.0,True
BRITANNIA,60,0.2316075446834601,15.0,True
ALKEM,60,0.24595380884073173,10.0,True
SUNPHARMA,60,0.25195776924998325,16.0,True
LICHSGFIN,60,0.2561879262208352,17.0,True
MARICO,60,0.25652392889279646,12.0,True
APOLLOHOSP,60,0.28876512566056955,14.0,True
