date,regime,stage,peak_rank,peak_day,peak_DVOL,offset,already_in_original_option_archive,scored_quotes
2021-05-24,shock,retrospective_peak_stress,1,2021-05-23,156.2,1,True,27
2021-05-25,shock,retrospective_peak_stress,1,2021-05-23,156.2,2,False,21
2021-05-26,shock,retrospective_peak_stress,1,2021-05-23,156.2,3,False,36
2022-06-17,shock,retrospective_peak_stress,2,2022-06-16,119.65,1,False,106
2022-06-18,shock,retrospective_peak_stress,2,2022-06-16,119.65,2,False,60
2022-06-19,shock,retrospective_peak_stress,2,2022-06-16,119.65,3,False,23
2022-11-10,shock,retrospective_peak_stress,3,2022-11-09,114.72,1,True,60
2022-11-11,shock,retrospective_peak_stress,3,2022-11-09,114.72,2,False,43
2022-11-12,shock,retrospective_peak_stress,3,2022-11-09,114.72,3,False,21
2022-05-13,shock,retrospective_peak_stress,4,2022-05-12,114.58,1,True,54
2022-05-14,shock,retrospective_peak_stress,4,2022-05-12,114.58,2,False,9
2022-05-15,shock,retrospective_peak_stress,4,2022-05-12,114.58,3,False,12
2021-06-23,shock,retrospective_peak_stress,5,2021-06-22,107.01,1,False,31
2021-06-24,shock,retrospective_peak_stress,5,2021-06-22,107.01,2,False,23
2021-06-25,shock,retrospective_peak_stress,5,2021-06-22,107.01,3,False,49
2021-08-10,shock,retrospective_peak_stress,6,2021-08-09,106.97,1,False,40
2021-08-11,shock,retrospective_peak_stress,6,2021-08-09,106.97,2,False,38
2021-08-12,shock,retrospective_peak_stress,6,2021-08-09,106.97,3,False,35
2021-10-15,shock,retrospective_peak_stress,7,2021-10-14,97.87,1,False,51
2021-10-16,shock,retrospective_peak_stress,7,2021-10-14,97.87,2,False,15
2021-10-17,shock,retrospective_peak_stress,7,2021-10-14,97.87,3,False,14
2021-03-25,shock,retrospective_peak_stress,8,2021-03-24,95.04,1,False,47
2021-03-26,shock,retrospective_peak_stress,8,2021-03-24,95.04,2,False,61
2021-03-27,shock,retrospective_peak_stress,8,2021-03-24,95.04,3,False,25
2021-12-15,shock,retrospective_peak_stress,9,2021-12-14,92.34,1,False,28
2021-12-16,shock,retrospective_peak_stress,9,2021-12-14,92.34,2,False,31
2021-12-17,shock,retrospective_peak_stress,9,2021-12-14,92.34,3,False,55
2021-09-09,shock,retrospective_peak_stress,10,2021-09-08,92.31,1,False,37
2021-09-10,shock,retrospective_peak_stress,10,2021-09-08,92.31,2,False,36
2021-09-11,shock,retrospective_peak_stress,10,2021-09-08,92.31,3,False,14
