scenario,model,peak_rank,peak_day,peak_DVOL,days,quotes,RMSE_forward,RMSE_USD
fixed_28pct,BS_fixed,1,2021-05-23,156.2,3,84,0.08024012207536578,3169.4957655657877
fixed_28pct,BS_fixed,2,2022-06-16,119.65,3,189,0.061042193244565265,1194.7042620890247
fixed_28pct,BS_fixed,3,2022-11-09,114.72,3,124,0.04680534620862019,782.1684819170887
fixed_28pct,BS_fixed,4,2022-05-12,114.58,3,75,0.052810738414767036,1596.7932840869146
fixed_28pct,BS_fixed,5,2021-06-22,107.01,3,103,0.06522362424862257,2253.219252977417
fixed_28pct,BS_fixed,6,2021-08-09,106.97,3,113,0.07173121192153835,3383.7926468847054
fixed_28pct,BS_fixed,7,2021-10-14,97.87,3,80,0.05652489870109427,3595.547900992565
fixed_28pct,BS_fixed,8,2021-03-24,95.04,3,133,0.0560427541004892,3236.733946661217
fixed_28pct,BS_fixed,9,2021-12-14,92.34,3,114,0.04239703623730213,2096.4699961153765
fixed_28pct,BS_fixed,10,2021-09-08,92.31,3,87,0.05283959763649043,2501.22761554423
fixed_28pct,DH_PINN,1,2021-05-23,156.2,3,84,0.07702012188690249,3040.172972559281
fixed_28pct,DH_PINN,2,2022-06-16,119.65,3,189,0.059192499619765346,1157.270594041043
fixed_28pct,DH_PINN,3,2022-11-09,114.72,3,124,0.045466466616002836,759.7393704304612
fixed_28pct,DH_PINN,4,2022-05-12,114.58,3,75,0.04857527579546034,1467.3071282695896
fixed_28pct,DH_PINN,5,2021-06-22,107.01,3,103,0.06181854165040204,2134.1825174010855
fixed_28pct,DH_PINN,6,2021-08-09,106.97,3,113,0.06893379810815684,3249.8891405429417
fixed_28pct,DH_PINN,7,2021-10-14,97.87,3,80,0.05406100012821922,3428.2011346632094
fixed_28pct,DH_PINN,8,2021-03-24,95.04,3,133,0.05224789754935059,2998.910997389798
fixed_28pct,DH_PINN,9,2021-12-14,92.34,3,114,0.04047114391482046,1997.5337431222576
fixed_28pct,DH_PINN,10,2021-09-08,92.31,3,87,0.050857902481603996,2403.778662003623
fixed_28pct,DH_numerical,1,2021-05-23,156.2,3,84,0.07702053207054353,3040.1901542214
fixed_28pct,DH_numerical,2,2022-06-16,119.65,3,189,0.05918873624530454,1157.2022123431177
fixed_28pct,DH_numerical,3,2022-11-09,114.72,3,124,0.04546299373298138,759.6813297069743
fixed_28pct,DH_numerical,4,2022-05-12,114.58,3,75,0.0485757085174338,1467.32026020373
fixed_28pct,DH_numerical,5,2021-06-22,107.01,3,103,0.061816612104983015,2134.117529015456
fixed_28pct,DH_numerical,6,2021-08-09,106.97,3,113,0.06893110840519291,3249.7642845953974
fixed_28pct,DH_numerical,7,2021-10-14,97.87,3,80,0.054056187718562125,3427.8918142738153
fixed_28pct,DH_numerical,8,2021-03-24,95.04,3,133,0.05224676852571609,2998.847726727315
fixed_28pct,DH_numerical,9,2021-12-14,92.34,3,114,0.040470854053987274,1997.5204135232361
fixed_28pct,DH_numerical,10,2021-09-08,92.31,3,87,0.05085764165104642,2403.768271029831
fixed_28pct,SH_numerical,1,2021-05-23,156.2,3,84,0.07344554936741739,2895.147141080235
fixed_28pct,SH_numerical,2,2022-06-16,119.65,3,189,0.05647572382814222,1103.1157718467675
fixed_28pct,SH_numerical,3,2022-11-09,114.72,3,124,0.04254178760541039,711.0174269814257
fixed_28pct,SH_numerical,4,2022-05-12,114.58,3,75,0.04360758405367798,1315.7813038054617
fixed_28pct,SH_numerical,5,2021-06-22,107.01,3,103,0.05789258671112511,1997.2688892318406
fixed_28pct,SH_numerical,6,2021-08-09,106.97,3,113,0.06502545560539826,3063.984880805038
fixed_28pct,SH_numerical,7,2021-10-14,97.87,3,80,0.05074653565163675,3211.432813568542
fixed_28pct,SH_numerical,8,2021-03-24,95.04,3,133,0.047588329429310794,2719.411961896842
fixed_28pct,SH_numerical,9,2021-12-14,92.34,3,114,0.03806143355975608,1876.1970299814197
fixed_28pct,SH_numerical,10,2021-09-08,92.31,3,87,0.047619745365715144,2248.245465352316
fixed_45pct,BS_fixed,1,2021-05-23,156.2,3,84,0.0664426014677801,2617.1462714075724
fixed_45pct,BS_fixed,2,2022-06-16,119.65,3,189,0.04889681842757348,955.544348284202
fixed_45pct,BS_fixed,3,2022-11-09,114.72,3,124,0.03361743688750237,561.8279972763121
fixed_45pct,BS_fixed,4,2022-05-12,114.58,3,75,0.034564962414409914,1043.1387690800116
fixed_45pct,BS_fixed,5,2021-06-22,107.01,3,103,0.050758795226758364,1751.9858261808477
fixed_45pct,BS_fixed,6,2021-08-09,106.97,3,113,0.05713168924575069,2695.0736042191925
fixed_45pct,BS_fixed,7,2021-10-14,97.87,3,80,0.04301830241391395,2736.2205772311004
fixed_45pct,BS_fixed,8,2021-03-24,95.04,3,133,0.039486555366515984,2269.576499111626
fixed_45pct,BS_fixed,9,2021-12-14,92.34,3,114,0.031399967315370654,1551.1109663776676
fixed_45pct,BS_fixed,10,2021-09-08,92.31,3,87,0.03967563212275926,1876.4105707997624
fixed_45pct,DH_PINN,1,2021-05-23,156.2,3,84,0.06775018494790853,2671.0099763799726
fixed_45pct,DH_PINN,2,2022-06-16,119.65,3,189,0.049817427688919655,973.86977092025
fixed_45pct,DH_PINN,3,2022-11-09,114.72,3,124,0.03510975823427059,586.5159989489056
fixed_45pct,DH_PINN,4,2022-05-12,114.58,3,75,0.036537314330044715,1103.2393167227651
fixed_45pct,DH_PINN,5,2021-06-22,107.01,3,103,0.052080095950077565,1798.6894616180607
fixed_45pct,DH_PINN,6,2021-08-09,106.97,3,113,0.05874223607854452,2771.808077637578
fixed_45pct,DH_PINN,7,2021-10-14,97.87,3,80,0.044218031997077606,2813.088483056968
fixed_45pct,DH_PINN,8,2021-03-24,95.04,3,133,0.04114229036236854,2365.8601566560246
fixed_45pct,DH_PINN,9,2021-12-14,92.34,3,114,0.03250792005639412,1607.0171622807165
fixed_45pct,DH_PINN,10,2021-09-08,92.31,3,87,0.04121622203610323,1950.2578915635268
fixed_45pct,DH_numerical,1,2021-05-23,156.2,3,84,0.067753360862354,2671.1397212018005
fixed_45pct,DH_numerical,2,2022-06-16,119.65,3,189,0.04982180327917682,973.9568640090882
fixed_45pct,DH_numerical,3,2022-11-09,114.72,3,124,0.03511602524804478,586.6199916875183
fixed_45pct,DH_numerical,4,2022-05-12,114.58,3,75,0.036538516736942965,1103.2769303825673
fixed_45pct,DH_numerical,5,2021-06-22,107.01,3,103,0.05208164340705045,1798.7446853818403
fixed_45pct,DH_numerical,6,2021-08-09,106.97,3,113,0.058745180042588364,2771.9427883791936
fixed_45pct,DH_numerical,7,2021-10-14,97.87,3,80,0.044222274311227903,2813.3501929606905
fixed_45pct,DH_numerical,8,2021-03-24,95.04,3,133,0.04114944434695218,2366.2688499014475
fixed_45pct,DH_numerical,9,2021-12-14,92.34,3,114,0.03250896826149093,1607.0632834251176
fixed_45pct,DH_numerical,10,2021-09-08,92.31,3,87,0.04122255144685232,1950.551674336049
fixed_45pct,SH_numerical,1,2021-05-23,156.2,3,84,0.06801526534521533,2683.056082831021
fixed_45pct,SH_numerical,2,2022-06-16,119.65,3,189,0.04996943732075941,976.8730582002772
fixed_45pct,SH_numerical,3,2022-11-09,114.72,3,124,0.03602831114139647,601.613492084548
fixed_45pct,SH_numerical,4,2022-05-12,114.58,3,75,0.037357339732448376,1128.0498633702996
fixed_45pct,SH_numerical,5,2021-06-22,107.01,3,103,0.05230788487807917,1807.5102902413491
fixed_45pct,SH_numerical,6,2021-08-09,106.97,3,113,0.059362988478919,2801.5283809796297
fixed_45pct,SH_numerical,7,2021-10-14,97.87,3,80,0.04439883543887451,2821.8245506547955
fixed_45pct,SH_numerical,8,2021-03-24,95.04,3,133,0.04140649445228415,2376.290090406707
fixed_45pct,SH_numerical,9,2021-12-14,92.34,3,114,0.033064398478393126,1635.31799429835
fixed_45pct,SH_numerical,10,2021-09-08,92.31,3,87,0.04201207408529151,1988.2450938505103
fixed_60pct,BS_fixed,1,2021-05-23,156.2,3,84,0.05250979603098698,2059.419447020055
fixed_60pct,BS_fixed,2,2022-06-16,119.65,3,189,0.036652190324189274,714.3794799959401
fixed_60pct,BS_fixed,3,2022-11-09,114.72,3,124,0.019957654552124903,333.8648483275678
fixed_60pct,BS_fixed,4,2022-05-12,114.58,3,75,0.01717969685437229,516.2943422053227
fixed_60pct,BS_fixed,5,2021-06-22,107.01,3,103,0.036169914268297416,1247.1823860612003
fixed_60pct,BS_fixed,6,2021-08-09,106.97,3,113,0.0419083668927761,1976.5608011829343
fixed_60pct,BS_fixed,7,2021-10-14,97.87,3,80,0.028806897523111035,1831.158639048875
fixed_60pct,BS_fixed,8,2021-03-24,95.04,3,133,0.022513689864341806,1280.5528332893407
fixed_60pct,BS_fixed,9,2021-12-14,92.34,3,114,0.019863333404454342,980.981498449061
fixed_60pct,BS_fixed,10,2021-09-08,92.31,3,87,0.02625369960247524,1241.5818311603198
fixed_60pct,DH_PINN,1,2021-05-23,156.2,3,84,0.05953945496174236,2346.3287976112856
fixed_60pct,DH_PINN,2,2022-06-16,119.65,3,189,0.04119486653824822,805.2805706398736
fixed_60pct,DH_PINN,3,2022-11-09,114.72,3,124,0.025842759030248835,431.45289052211274
fixed_60pct,DH_PINN,4,2022-05-12,114.58,3,75,0.02663619595159871,804.601281392144
fixed_60pct,DH_PINN,5,2021-06-22,107.01,3,103,0.04372786211910866,1512.3218000900656
fixed_60pct,DH_PINN,6,2021-08-09,106.97,3,113,0.05008229144262464,2366.826730049513
fixed_60pct,DH_PINN,7,2021-10-14,97.87,3,80,0.03555420775719564,2274.959579663468
fixed_60pct,DH_PINN,8,2021-03-24,95.04,3,133,0.03156771543956347,1823.619486194921
fixed_60pct,DH_PINN,9,2021-12-14,92.34,3,114,0.025448300230031657,1263.248573339872
fixed_60pct,DH_PINN,10,2021-09-08,92.31,3,87,0.03307942940283622,1569.433320036092
fixed_60pct,DH_numerical,1,2021-05-23,156.2,3,84,0.05954717447106001,2346.622662070812
fixed_60pct,DH_numerical,2,2022-06-16,119.65,3,189,0.04120377621136667,805.4502174393684
fixed_60pct,DH_numerical,3,2022-11-09,114.72,3,124,0.025849983258707264,431.5749463829143
fixed_60pct,DH_numerical,4,2022-05-12,114.58,3,75,0.026639939389239885,804.7139854102571
fixed_60pct,DH_numerical,5,2021-06-22,107.01,3,103,0.04373207341731914,1512.4670062978767
fixed_60pct,DH_numerical,6,2021-08-09,106.97,3,113,0.05008578788737815,2366.983906653295
fixed_60pct,DH_numerical,7,2021-10-14,97.87,3,80,0.03556146379558324,2275.40273796038
fixed_60pct,DH_numerical,8,2021-03-24,95.04,3,133,0.031574427079542285,1824.011007151578
fixed_60pct,DH_numerical,9,2021-12-14,92.34,3,114,0.02545265464670448,1263.4519705900707
fixed_60pct,DH_numerical,10,2021-09-08,92.31,3,87,0.033085513055434924,1569.7132258343609
fixed_60pct,SH_numerical,1,2021-05-23,156.2,3,84,0.06226114052889377,2458.600767273244
fixed_60pct,SH_numerical,2,2022-06-16,119.65,3,189,0.04296121533086899,840.6264914432227
fixed_60pct,SH_numerical,3,2022-11-09,114.72,3,124,0.028985943832598296,483.48805406270066
fixed_60pct,SH_numerical,4,2022-05-12,114.58,3,75,0.031115657003568793,940.7378751151543
fixed_60pct,SH_numerical,5,2021-06-22,107.01,3,103,0.04664064495251878,1615.2956937499703
fixed_60pct,SH_numerical,6,2021-08-09,106.97,3,113,0.0535600586466617,2532.743905037433
fixed_60pct,SH_numerical,7,2021-10-14,97.87,3,80,0.03791976107415671,2426.2274471851742
fixed_60pct,SH_numerical,8,2021-03-24,95.04,3,133,0.03499167848985121,2022.2503664889157
fixed_60pct,SH_numerical,9,2021-12-14,92.34,3,114,0.027978550387262328,1391.1332747657284
fixed_60pct,SH_numerical,10,2021-09-08,92.31,3,87,0.03626089500410227,1721.902140334789
