tau_days,C_BS20,C_BS_TERM,C_SH,C_DH,C_PINN
7.0,1.104914741549372,1.0915164971556202,1.0549638050484034,1.101666055672501,1.1021586734343503
8.205,1.1962354020734196,1.184173559605095,1.1428500708120792,1.1922067422342697,1.1925724121188668
9.41,1.2810609131827775,1.2824154421192946,1.2246304665238128,1.2762264452765848,1.2765247352271718
10.615,1.3606066163784547,1.3595268204162847,1.301455694270065,1.3549480913451428,1.355209696559384
11.82,1.4357503407713494,1.4270784954590943,1.374156298948448,1.4292558679714573,1.4294902249390784
13.025,1.5071506536734205,1.493688709897456,1.443354922331408,1.4998137619577356,1.5000178837118072
14.23,1.5753166412404838,1.5615915442381612,1.5095325262698078,1.5671355364733741,1.5673010131372678
15.435,1.6406514934729017,1.6281683994634644,1.5730697439632346,1.6316284561912808,1.6317460581752012
16.64,1.7034809953656804,1.6924855124894833,1.6342739032539633,1.6936218819738058,1.6936836557092105
17.845,1.764072860141468,1.7517972062251586,1.693397358595372,1.7533866828448152,1.7533862304957766
19.05,1.822650264337227,1.8089553035071593,1.7506503214964053,1.8111488324271119,1.8110808311740778
20.255000000000003,1.8794015782375197,1.8640428715435198,1.8062100817446358,1.8670991881737709,1.8669588836697004
21.46,1.9344875224652327,1.9174469271459937,1.8602277875339746,1.9214006874695655,1.9211836507376123
22.665,1.9880465369481541,1.9695648793289777,1.9128335305383937,1.974193749086428,1.9738959053654914
23.87,2.040198879492422,2.0208253073661364,1.9641402266451002,2.0256003988383897,2.0252182225737743
25.075000000000003,2.091049803116192,2.07081617936018,2.0142466235388734,2.0757274697617123,2.0752582259453174
26.28,2.1406920532549165,2.1196226099110707,2.063239663805727,2.124669118801392,2.124111062622322
27.485,2.1892078547407294,2.1673204315146686,2.1111963646601395,2.1725088305618923,2.1718613203314057
28.69,2.23667051046602,2.213989908934777,2.158185329872836,2.2193210305332056,2.2185845451724724
29.895000000000003,2.2831457006430966,2.259694758270908,2.204267978176433,2.265172397093318,2.2643484727378316
31.1,2.3286925484690997,2.3044044968965895,2.249499550516881,2.3101229384010935,2.309214049142802
32.305,2.3733645015645024,2.348261239738769,2.2939299429289575,2.3542268837904223,2.35323629253861
33.510000000000005,2.4172100666770717,2.3913128721092027,2.3376044005539995,2.397533427351606,2.3964650282893714
34.715,2.460273426446264,2.433609636226275,2.380564100074678,2.440087352652376,2.438945520243463
35.92,2.502594960574193,2.4752428965063134,2.4228466417285324,2.481929561072993,2.480719014312871
37.125,2.544211688911318,2.5161865104551984,2.464486467478244,2.5230975213692775,2.52182320707845
38.33,2.5851576502970346,2.5564736137318524,2.505515218440552,2.563625654391699,2.5622926500694447
39.535000000000004,2.62546422818653,2.596134769948333,2.545962042015021,2.603545664064777,2.6021590989392025
40.74,2.6651604319239866,2.6352699183719963,2.58585385709742,2.64288682354904,2.6414518155888245
41.945,2.7042731408300043,2.6738741009370237,2.625215584159296,2.681676223805296,2.6801978302283063
43.150000000000006,2.7428273169410033,2.711927998802288,2.664070345716474,2.7199389904436932,2.718422169377313
44.355000000000004,2.7808461911853044,2.7494544607710116,2.7024396417116128,2.7576984736804144,2.756148054906471
45.56,2.818351426940467,2.786474796451338,2.7403435035411263,2.7949764153796464,2.7933970784201874
46.765,2.8553632642428113,2.823077260653778,2.7778006298188886,2.8317930964801175,2.8301893545885415
47.97,2.891900647374733,2.8592973188291015,2.814828506453276,2.868167467557192,2.8665436564492497
49.175000000000004,2.9279813381135824,2.895063497721817,2.8514435131957283,2.9041172648255786,2.9024775352092025
50.38,2.9636220165633844,2.9303924165297257,2.8876610184766283,2.9396591135238404,2.938007426668457
51.585,2.9988383711941893,2.9652997040104934,2.9234954640633024,2.9748086203221558,2.973148746053833
52.790000000000006,3.033645179468138,2.9998000792038235,2.9589604408428505,3.009580456147809,3.007915972772052
53.995000000000005,3.0680563802278797,3.0339986099879868,2.994068756839985,3.043988430617528,3.0423227263642243
55.2,3.1020851388531696,3.067930142187403,3.0288324984197814,3.0780455590947997,3.076381834753683
56.405,3.1357439060495764,3.101489747839908,3.0632630854908918,3.1117641232470516,3.110105395721796
57.61,3.169044471013919,3.134689372386612,3.097371321411746,3.145155725857096,3.143504832415167
58.815000000000005,3.201998009620077,3.167540334966051,3.1311674382076493,3.1782313405417373,3.176590943576904
60.02,3.2346151281837194,3.2000533734468206,3.164661137625285,3.2110013569440654,3.209373949102096
61.225,3.2669059032918,3.2322386853805396,3.197861628483273,3.2434756218928884,3.2418635314386157
62.43000000000001,3.2988799181208677,3.264235778729896,3.230777660718492,3.2756634769602,3.274068873287819
63.635000000000005,3.3305462956153065,3.2960476740135416,3.2634175564783097,3.3075737927939053,3.3059986920020683
64.84,3.361913728850972,3.3275547709752384,3.2957892385653498,3.339215000557394,3.3376612710274367
66.045,3.3929905088707812,3.3587656471768366,3.327900256505223,3.3705951207674167,3.369064488697357
67.25,3.4237845502448607,3.3896884850854017,3.3597578104748447,3.401721789788059,3.4002158446465174
68.45500000000001,3.4543034145783764,3.4203310970929213,3.391368773302017,3.432602284208497,3.431122484082663
69.66,3.4845543321652244,3.4507009485350846,3.4227397107226167,3.463243543306671,3.4617912201261536
70.86500000000001,3.5145442219629075,3.4808051789012584,3.453876900060843,3.4936521897783956,3.492228554403451
72.07000000000001,3.5442797100453163,3.5107984265518866,3.4847863474797904,3.523834548892124,3.5224406960594257
73.275,3.573767146672594,3.540691890955067,3.515473803933611,3.5537966662117615,3.552433579335215
74.48,3.60301262210276,3.5703344216833743,3.5459447799385977,3.5835443240157083,3.5822128798423893
75.685,3.6320219812567203,3.5997322178092652,3.576204559268048,3.613083056526323,3.6117840296500585
76.89,3.6608008373365237,3.6288912271675358,3.60625821166517,3.6424181640525854,3.641152231289513
78.095,3.6893545844868214,3.657817160384563,3.63611060465846,3.6715547261384596,3.670322470769824
79.30000000000001,3.7176884095804894,3.6865155039160102,3.66576641455576,3.7004976138002132,3.6992995296888043
80.50500000000001,3.7458073032012607,3.7149915321773417,3.6952301366854625,3.729251500927888,3.728087996514981
81.71000000000001,3.7737160698893604,3.7432503188433444,3.7245060949469777,3.7578208749187603,3.7566922771088085
82.915,3.801419337709511,3.7713704021105245,3.7535984507262365,3.7862100466044324,3.7851166045450606
84.12,3.8289215671954366,3.7995501797931155,3.782511211227091,3.814423159527325,3.813365048291803
85.325,3.8562270597198136,3.8275218685659915,3.8112482372646026,3.842464198617135,3.841441522796618
86.53,3.8833399653341942,3.8552899977540687,3.8398132505620186,3.870336998313517,3.869349795525734
87.735,3.9102642901190663,3.8828589346218854,3.8682098405893317,3.8980452501768292,3.89709349449725
88.94,3.937003903081333,3.910232892377935,3.896441470978218,3.9255925100251443,3.9246761153462124
90.14500000000001,3.963562542632623,3.937415937677735,3.9245114855447625,3.9529822046327823,3.9521010279554956
91.35000000000001,3.9899438226791304,3.964411997663464,3.9524231139488943,3.980217638021899,3.9793714826836024
92.555,4.016151238351114,3.991224866574755,3.9801794770169874,4.007301997376789,4.006490616217473
93.76,4.042188171397832,4.017858211962033,4.007783591751446,4.034238358607456,4.03346145707634
94.965,4.068057895271451,4.044315580531293,4.035238376049804,4.06102969158707,4.06028693079008
96.17,4.093763579921415,4.070790015717579,4.062546653153376,4.087678865086142,4.0869698647737485
97.375,4.119308296319588,4.097286657384092,4.089711155844039,4.1141886514238895,4.113512992918414
98.58000000000001,4.14469502073387,4.123612450300379,4.116734530406674,4.140561730856184,4.1399189599165025
99.78500000000001,4.169926638767642,4.149770646031764,4.14361934037254,4.166800695717576,4.166190325338845
100.99000000000001,4.195005949180228,4.175764394225134,4.170368070058528,4.192908054333744,4.192329567479233
102.19500000000001,4.219935667502945,4.201596747026554,4.196983127915571,4.218886234719332,4.218339086981157
103.4,4.244718429463674,4.2272706632555614,4.2234668496984815,4.244737588075187,4.244221210260535
104.605,4.269356794232522,4.252789012352531,4.2498215014689755,4.270464392097606,4.269978192737176
105.81,4.293853247499591,4.27815457811393,4.276049282442068,4.296068854111823,4.29561222188698
107.015,4.318210204395477,4.303370062229189,4.302152327686088,4.321553114040533,4.321125420126207
108.22,4.342430012264259,4.328438087632014,4.328132710684985,4.346919247217674,4.346519847538133
109.42500000000001,4.366514953297894,4.353361201677752,4.353992445771754,4.37216926705708,4.371797504452155
110.63000000000001,4.390467247040334,4.3781836795522775,4.379733490440463,4.397305127584938,4.396960333884409
111.83500000000001,4.4142890527693766,4.403257490506135,4.40535774754442,4.422328725843794,4.422010223848688
113.04,4.437982471763213,4.428188753528667,4.430867067387117,4.447241904176458,4.44694900954569
114.245,4.461549549458653,4.452979862918727,4.456263249712217,4.472046452396105,4.4717784754382235
115.45,4.4849922775070326,4.477633146637561,4.481548045598621,4.496744109850049,4.496500357219391
116.655,4.508312595733898,4.502150868854171,4.506723159265869,4.521336567382606,4.521116343680593
117.86000000000001,4.531512394007905,4.526535232366347,4.531790249795092,4.545825469203358,4.54562807848532
119.06500000000001,4.5545935140237646,4.550788380904924,4.556750932770343,4.570212414665987,4.570037161854742
120.27000000000001,4.577557751004321,4.574912401327924,4.581606781844528,4.594498959962734,4.594345152170335
121.47500000000001,4.600406855326071,4.598909325710987,4.606359330234361,4.618686619739187,4.618553567498792
122.68,4.623142534072272,4.62278113334007,4.6310100721480785,4.6427768686338355,4.64266388704371
123.885,4.645766452517542,4.646529752611922,4.6555604641495325,4.66677114274664,4.6666775525287
125.09,4.6682802355477335,4.670157062847391,4.680011926462174,4.6906708410401565,4.690595969515768
126.295,4.690685469018291,4.693664896022631,4.704365844216079,4.714477326677247,4.714420508662942
127.5,4.712983701054476,4.717055038422418,4.728623568641005,4.738191928298486,4.738152506924662
128.705,4.735176443296467,4.740665159932167,4.752786418208254,4.761815941242576,4.761793268698256
129.91000000000003,4.757265172092033,4.76426248930466,4.776855679724113,4.785350628712759,4.785344066919528
131.115,4.779251329639592,4.787742964646546,4.8008326093771645,4.80879722289208,4.808806144110386
132.32,4.801136325084144,4.811108296879879,4.824718433742076,4.832156926010045,4.832180713381207
133.525,4.822921535568298,4.834360155540529,4.848514350741656,4.855430911363278,4.855468959390405
134.73000000000002,4.844608307240762,4.85750017016644,4.872221530569732,4.878620324292515,4.878672039263518
135.935,4.86619795622439,4.880529931626754,4.89584111657636,4.901726283118024,4.901791083473975
137.14000000000001,4.887691769545597,4.903450993394465,4.919374226117523,4.924749880035694,4.9248271966877475
138.345,4.909091006027168,4.926264872765867,4.942821951370801,4.947692181975672,4.947781458573441
139.55,4.93039689714611,4.9489730520293485,4.966185360118897,4.970554231425373,4.970654924579954
140.755,4.9516106478583595,4.971576979585918,4.989465496502227,4.993337047218693,4.993448626683159
141.96,4.972733437391547,4.994078071024255,5.012663381742433,5.016041625293011,5.0161635741031745
143.16500000000002,4.993766420007816,5.016477710152162,5.035780014837815,5.038668939415503,5.038800753993808
144.37,5.014710725737643,5.03877724998667,5.058816373232239,5.061219941880369,5.061361132105338
145.57500000000002,5.035567461086167,5.060978013704975,5.081773413458624,5.083695564178193,5.083845653422092
146.78,5.056337709713361,5.083081295557834,5.104652071758142,5.106096717638875,5.106255242775948
147.985,5.077022533088986,5.105166837658221,5.127453264676463,5.128424294049427,5.128590805436864
149.19,5.0976229711237195,5.1274978036056185,5.150177889637653,5.150679166247452,5.150853227681599
150.395,5.118140042777327,5.149731403628826,5.172826825497223,5.172862188692029,5.17304337734148
151.60000000000002,5.138574746644984,5.171868893454773,5.195400933074845,5.194974198012475,5.195162104330292
152.805,5.158928061522559,5.193911502019527,5.21790105566785,5.217016013536274,5.217210241153183
154.01000000000002,5.179200946952122,5.21586043226197,5.240328019546281,5.2389884377971265,5.239188603397249
155.215,5.199394343747969,5.2377168618873595,5.262682634430282,5.260892257023886,5.2610979902048545
156.42000000000002,5.21950917450458,5.259481944102301,5.284965693950644,5.282728241611384,5.282939184730232
157.625,5.239546344086811,5.281156808322485,5.307177976093142,5.304497146573778,5.304712954580193
158.83,5.2595067401034115,5.302742560854323,5.329320243627428,5.326199711981333,5.326420052239575
160.035,5.279391233364223,5.324240285551612,5.35139324452103,5.347836663381361,5.348061215482048
161.24,5.299200678322109,5.345651044448552,5.373397712339234,5.36940871220385,5.369637167766964
162.44500000000002,5.318935913499921,5.366975878369784,5.395334366631244,5.390916556152653,5.391148618622724
163.65,5.338597761903266,5.388215807518915,5.417203913303354,5.41236087958274,5.412596264017333
164.85500000000002,5.358187031419725,5.40937183204599,5.439007044979505,5.433742353864024,5.433980786716486
166.06,5.377704515204712,5.430444932595191,5.460744441349913,5.4550616377326335,5.45530285662994
167.26500000000001,5.397150992055089,5.451436070833404,5.482416769508047,5.476319377629723,5.476563131146328
168.47,5.41652722677042,5.472346189960447,5.50402468427661,5.497516208028808,5.497762255457167
169.675,5.435833970502777,5.4931762152019505,5.52556882852287,5.518652751751629,5.5189008628702405
170.88,5.455071961095243,5.513937362892479,5.547049833463646,5.539729620273515,5.53997957511301
172.085,5.474241923409913,5.535104160419224,5.568468318960685,5.560747414018169,5.560999002626121
173.29000000000002,5.493344569645345,5.5561898047407245,5.589824893806361,5.581706722642754,5.581959744847728
174.495,5.512380599644203,5.577195216315567,5.611120156000488,5.602608125313418,5.60286239048875
175.70000000000002,5.531350701191414,5.598121298311076,5.632354693018243,5.623452190971601,5.623707517799503
176.905,5.550255550303028,5.6189689370546745,5.6535290820698245,5.644239478591762,5.644495694827972
178.11,5.569095811506244,5.639739002470351,5.674643890351916,5.664970537430575,5.665227479670095
179.315,5.5878721381110665,5.660432348500599,5.695699675291427,5.685645907268045,5.685903420712307
180.52,5.606585172473594,5.68104981351456,5.716696984781761,5.7062661186410235,5.706524056866661
181.72500000000002,5.6252355462514885,5.701592220702789,5.737636357411774,5.7268316930690455,5.72708991779878
182.93,5.643823880651844,5.722060378459376,5.758518322687939,5.747343143273148,5.747601524148871
184.13500000000002,5.662350786671695,5.742455080751641,5.779343401249609,5.767800973387777,5.768059387746128
185.34,5.680816865331465,5.762777107478084,5.8001121050780755,5.788205679166025,5.788464011816713
186.54500000000002,5.699222707901569,5.783027224815079,5.820824937699193,5.8085577481785275,5.80881589118547
187.75,5.717568896122515,5.803206185552545,5.841482394380105,5.828857660006214,5.829115512471803
188.955,5.735856002418572,5.823314729419166,5.862084962320202,5.849105886427164,5.8493633542796575
190.16000000000003,5.75408459010535,5.8433535833975645,5.882633120836483,5.8693028915977274,5.869559887382025
191.365,5.772255213591514,5.863323462029752,5.903127341543462,5.889449132228252,5.88970557490007
192.57000000000002,5.790368418574673,5.883225067713144,5.923568088528014,5.909545057753513,5.909800872477064
193.775,5.808424742231956,5.903059090987711,5.943955818519131,5.929591110498017,5.929846228447292
194.98000000000002,5.826424713405046,5.922826210814369,5.964290981052795,5.94958772583642,5.949842084000223
196.185,5.8443688527801925,5.94252709484504,5.984574018632322,5.969535332349324,5.9697888733398905
197.39000000000001,5.8622576730633185,5.962162399684706,6.004805366884014,5.989434351974415,5.989687023839874
198.595,5.880091679150141,5.982209967915564,6.024985454708565,6.009285200153242,6.009536956193837
199.8,5.897871368291845,6.002267729374894,6.045114704428239,6.029088285973783,6.029339084561958
201.00500000000002,5.915597230256168,6.022258182549583,6.065193531929963,6.048844012308957,6.049093816713161
202.21,5.933269747484111,6.042181995517843,6.08522234680442,6.068552775951153,6.068801554163583
203.41500000000002,5.950889395242555,6.062039825362403,6.105201552481477,6.088214967742955,6.088462692311025
204.62,5.968456641772775,6.081832318422337,6.125131546361773,6.107830972704237,6.108077620565972
205.82500000000002,5.985971948434944,6.101560110537335,6.145012719944881,6.1274011701556885,6.127646722478786
207.03,6.003435769848998,6.121223827285127,6.164845458953938,6.146925933838965,6.147170375863728
208.235,6.020848554031659,6.140824084211788,6.184630143456927,6.166405632033422,6.166648952919426
209.44,6.038210742530012,6.160361487055671,6.204367147984885,6.185840627669808,6.186082820346242
210.645,6.055522770551484,6.179836631964775,6.224056841646747,6.20523127844076,6.205472339460519
211.85000000000002,6.07278506709072,6.199250105708076,6.243699588241386,6.2245779369083545,6.224817866305707
213.055,6.089998055052945,6.218602485880837,6.263295746366598,6.2438809506087765,6.244119751760683
214.26000000000002,6.107162151374396,6.237894341104205,6.282845669525283,6.263140662154215,6.2633783416451845
215.465,6.124277767139567,6.257126231219296,6.302349706228933,6.282357409332024,6.282593976822481
216.67000000000002,6.141345307695666,6.276298707475786,6.32180820009835,6.301531525201326,6.301766993299437
217.875,6.158365172764043,6.295412312715487,6.341221489961857,6.320663338186999,6.320897722323951
219.08,6.1753377565489345,6.314467581550831,6.360589909951026,6.339753172171409,6.33998649047994
220.28500000000003,6.192263447843558,6.3334650405384885,6.379913789593939,6.358801346583509,6.3590336197798525
221.49,6.209142630133485,6.352405208348322,6.39919345390611,6.37780817648591,6.378039427754914
222.69500000000002,6.2259756816976335,6.371288595927882,6.418429223479116,6.396773972659576,6.397004227543049
223.9,6.242762975706633,6.390115706662414,6.437621414567074,6.415699041686423,6.4159283279745765
225.10500000000002,6.259504880318985,6.408887036530642,6.456770339170931,6.434583686029832,6.434812033655815
226.31,6.276201758774789,6.427603074256577,6.475876305120643,6.45342820411316,6.453655645050629
227.51500000000001,6.292853969487268,6.446264301457122,6.494939616155393,6.4722328903963176,6.472459458559888
228.72000000000003,6.309461866132104,6.464968723548736,6.513960572001892,6.490998035450351,6.491223766599028
229.925,6.3260257977346726,6.483935690554032,6.532939468450588,6.509723926030375,6.509948857673736
231.13000000000002,6.342546108755272,6.502846848800009,6.551876597430306,6.5284108451465155,6.5286350164537845
232.335,6.3590231391722085,6.521702683790381,6.570772247080842,6.547059072133332,6.547282523844999
233.54000000000002,6.3754572245630925,6.540503674018078,6.589626701824009,6.5656688827173575,6.565891657059655
234.745,6.391848696184191,6.559250291106128,6.608440242432856,6.584240549083237,6.584462689685047
235.95000000000002,6.408197881047954,6.5779429999450745,6.62721314609932,6.602774339938122,6.602995891750507
237.155,6.424505101998747,6.596582258826733,6.645945686500276,6.6212705205746065,6.621491529792806
238.36,6.4407706777868725,6.615168519574649,6.6646381338620495,6.639729352932178,6.639949866920008
239.56500000000003,6.45699492314094,6.633702227671217,6.683290755023319,6.658151095657205,6.658371162873911
240.77,6.473178148838471,6.652183822381591,6.7019038134967515,6.676536004161587,6.676755674090851
241.97500000000002,6.489320661775167,6.67061373687452,6.720477569529015,6.694884330679956,6.695103653761336
243.18,6.505422765032314,6.688992398340238,6.739012280159562,6.713196324325654,6.713415351888083
244.38500000000002,6.521484757942943,6.707320228105279,6.75750819927795,6.731472231145341,6.731691015342875
245.59,6.537506936156362,6.725597641744679,6.775965577679932,6.7497122941724275,6.749930887922018
246.79500000000002,6.5534895917014,6.74382504919126,6.7943846631222655,6.76791675347928,6.768135210400647
248.0,6.569433013048112,6.762002854842314,6.812765700376272,6.786085846228246,6.786304220585674
249.205,6.585337485168289,6.780131457663785,6.831108931280139,6.8042198067215125,6.804438153367662
250.41000000000003,6.601203289594508,6.798211251291825,6.849414594790165,6.822318866449894,6.822537240771445
251.615,6.617030704478026,6.816242624131985,6.8676829270308275,6.840383254140519,6.840601712005697
252.82000000000002,6.632820004645396,6.834225959456025,6.885914161343609,6.858413195803492,6.85863179351135
254.025,6.6485714616537805,6.852161635496468,6.90410852833499,6.876408914777504,6.876627709008962
255.23000000000002,6.664285343845194,6.870050025538871,6.922266255923148,6.8943706317744375,6.894589679545055
256.435,6.679961916399606,6.8878914980119665,6.940387569383804,6.912298564923031,6.9125179235374175
257.64,6.695601441386813,6.905686416575696,6.958472691395029,6.930192929811662,6.930412656819457
258.845,6.711204177817294,6.923435140207235,6.976521842080974,6.948053939530063,6.948274092683526
260.05,6.726770381692006,6.941138023284954,6.994535239054844,6.965881804710311,6.966102441923419
261.255,6.742300306051135,6.958795415670549,7.012513097460793,6.983676733566796,6.9838979128758725
262.46000000000004,6.757794201021781,6.976407662789219,7.030455630015014,7.0014389319355,7.0016607114611915
263.665,6.773252313864781,6.9939751057080555,7.048363047045919,7.019168603312326,7.019391041223056
264.87,6.788674889020413,7.011697168435465,7.066235556533451,7.03686594889068,7.037089103367436
266.075,6.804062168153308,7.029503850241259,7.0840733641476135,7.054531167598327,7.05475509680078
267.28000000000003,6.819414390196371,7.047265072401565,7.101876673286178,7.0721644561333115,7.072389218167219
268.485,6.834731791393828,7.064981177783186,7.119645685111564,7.089766008999376,7.089991661885237
269.69,6.850014605343375,7.082652504955861,7.13738059858699,7.107336018540444,7.107562620183372
270.89500000000004,6.865263063037588,7.100279388267294,7.155081610511899,7.124874674974546,7.12510228313534
272.1,6.880477392904339,7.117862157916499,7.1727489155565705,7.142382166426992,7.142610838694274
273.305,6.895657820846537,7.135401140025577,7.190382706296111,7.159858678962861,7.160088472726475
274.51,6.91080457028108,7.152896656709845,7.207983173243704,7.177304396618888,7.177535369044219
275.71500000000003,6.925917862176917,7.1703490261464555,7.22555050488316,7.1947195014347205,7.194951709438158
276.92,6.940997915092517,7.187758562641427,7.243084887700912,7.212104173483446,7.212337673708857
278.125,6.956044945212497,7.205125576695398,7.2605865062172095,7.229458590901689,7.229693439697845
279.33000000000004,6.971059166383583,7.222450375067741,7.27805554301677,7.246782929918938,7.24701918331796
280.535,6.986040790149879,7.2397332608394205,7.2954921787789,7.264077364886479,7.264315078583117
281.74,7.000990025787374,7.256974533474486,7.312896592306828,7.281342068305552,7.281581297637496
282.945,7.015907080337939,7.274174488880214,7.330268960556602,7.298577210855206,7.298818010784156
284.15000000000003,7.030792158642569,7.291333419466012,7.34760945866536,7.315782961419387,7.316025386513034
285.355,7.045645463373923,7.308451614201012,7.36491825997907,7.332959487113689,7.333203591528495
286.56,7.0604671950684335,7.325529358670524,7.3821955360796725,7.350106953311447,7.350352790776271
287.76500000000004,7.075257552157687,7.342566935131245,7.399441456811773,7.367225523669463,7.36747314746988
288.97,7.090016730999167,7.359564622565373,7.416656190308735,7.3843153601531375,7.384564823116574
290.175,7.104744925906552,7.376522696733523,7.433839903018324,7.401376623061184,7.40162797754276
291.38,7.119442329179378,7.393441430226622,7.450992759727837,7.418409471049875,7.418662768918957
292.58500000000004,7.134109131132156,7.410321092516647,7.46811492358872,7.435414061156837,7.435669353784255
293.79,7.148745520122908,7.427161950006456,7.4852065561408,7.452390548824361,7.452647887070299
294.995,7.163351682581265,7.443964266078434,7.502267817335939,7.469339087922361,7.469598522124898
296.20000000000005,7.1779278030359706,7.460728301142305,7.519298865561364,7.486259830770803,7.486521410735087
297.40500000000003,7.192474064141948,7.477454312681853,7.5362998576623985,7.50315292816186,7.503416703149793
298.61,7.2069906467067995,7.494142555300809,7.553270948964963,7.520018529381501,7.520284548102155
299.815,7.2214777297169235,7.510793280767714,7.570212293297468,7.5368567822308385,7.537125092831301
301.02000000000004,7.23593549036304,7.527406738059983,7.587124043012416,7.5536678330469895,7.553938483103822
302.225,7.250364104065326,7.543983173407026,7.604006349007575,7.570451826723568,7.5707248632347985
303.43,7.264763744498154,7.560522830332528,7.620859360746691,7.58720890673088,7.587484376108463
304.635,7.279134583614251,7.577025949695959,7.637683226279929,7.603939215135719,7.604217163198482
305.84000000000003,7.293476791668539,7.593660301185068,7.654478092263889,7.620642892620733,7.620923364587903
307.045,7.307790537241559,7.610576980141448,7.671244103981195,7.637320078503556,7.63760311898862
308.25,7.322075987262345,7.627455683507933,7.6879814053598565,7.6539709107556035,7.654256563760672
309.45500000000004,7.336333307031097,7.6442966628492535,7.70469013899212,7.670595526020402,7.670883834931039
310.66,7.35056266024128,7.66110016695834,7.721370446153131,7.68719405963178,7.687485067212174
311.865,7.364764209001443,7.677866441898984,7.738022466819166,7.703766645631605,7.704060394020196
313.07,7.37893811385662,7.69459573104751,7.754646339685545,7.7203134167872385,7.720609947492766
314.27500000000003,7.393084533809386,7.711288275133743,7.771242202184264,7.736834504608803,7.737133858506609
315.48,7.40720362634049,7.727944312281165,7.7878101905012596,7.753330039365952,7.753632256694787
316.685,7.421295547429189,7.744564078046179,7.804350439593454,7.7698001501044995,7.770105270463601
317.89000000000004,7.435360451573274,7.76114780545682,7.820863083205365,7.786244964662769,7.786553027009272
319.095,7.449398491808637,7.777695725050471,7.837348253885534,7.802664609687538,7.802975652334307
320.3,7.463409819728568,7.794208064911085,7.853806083002645,7.81905921064987,7.8193732712634825
321.505,7.4773945855028074,7.810685050705546,7.870236700761312,7.835428891860552,7.835746007459762
322.71000000000004,7.4913529378960675,7.827126905719428,7.886640236217635,7.851773776485333,7.852093983439717
323.915,7.505285024286515,7.843533850892004,7.903016817294478,7.868093986559932,7.868417320588864
325.12,7.519190990683718,7.859906104850656,7.919366570796527,7.884389643004708,7.884716139176573
326.32500000000005,7.53307098174637,7.876243883944572,7.935689622424902,7.900660865639175,7.900990558370885
327.53000000000003,7.546925140799772,7.8925474022779385,7.951986096791829,7.916907773196252,7.917240696252989
328.735,7.560753609852995,7.908816871742341,7.968256117434774,7.933130483336187,7.933466669831427
329.94,7.574556529615677,7.925052502048735,7.984499806830464,7.9493291126604415,7.949668595056178
331.14500000000004,7.588334039514663,7.9412545007586655,8.000717286408705,7.96550377672518,7.965846586832326
332.35,7.602086277710349,7.957423073315067,8.016908676565865,7.981654590054554,7.982000759033733
333.555,7.6158133811126305,7.973558423072413,8.033074096678195,7.9977816661539025,7.99813122451625
334.76,7.629515485396851,7.989660751326277,8.04921366511494,8.013885117522602,8.01423809513089
335.96500000000003,7.643192725019205,8.005730257342474,8.065327499251124,8.029965055666732,8.03032148173668
337.17,7.656845233232062,8.021767138385577,8.081415715480317,8.046021591111607,8.046381494213298
338.375,7.670473142099063,8.037771589746962,8.097478429226967,8.062054833414011,8.062418241473631
339.58000000000004,7.684076582509817,8.053743804772346,8.113515754958678,8.078064891174364,8.078431831475937
340.785,7.6976556841945865,8.069683974888807,8.129527806198244,8.094051872048514,8.094422371235968
341.99,7.711210575738519,8.085592289631377,8.14551469553544,8.110015882759559,8.110389966838834
343.195,7.724741384595774,8.101468936669114,8.161476534638718,8.125957029109255,8.126334723450638
344.40000000000003,7.738248237103477,8.117314101830697,8.177413434266628,8.141875415989436,8.14225674533002
345.605,7.751731258495269,8.133127969129683,8.193325504279041,8.157771147393161,8.1581561358394
346.81,7.76519057291484,8.148910720789154,8.209212853648278,8.1736443264257,8.174032997456171
348.01500000000004,7.778626303429164,8.164662537266082,8.225075590470016,8.189495055315321,8.18988743178358
349.22,7.792038572041491,8.180383597275176,8.240913821973939,8.205323435423995,8.205719539561535
350.425,7.805427499704194,8.196074077812398,8.256727654534352,8.221129567257845,8.221529420677232
351.63,7.818793206331442,8.211734154177957,8.272517193680567,8.236913550477471,8.237317174175526
352.83500000000004,7.832135810811565,8.227363999999039,8.288282544107062,8.252675483908135,8.253082898269264
354.04,7.845455431019403,8.243329414582433,8.304023809683597,8.268415465549744,8.268826690349362
355.245,7.858752183828223,8.259400015980777,8.319741093465078,8.284133592586706,8.284548646994796
356.45000000000005,7.872026185121761,8.275438960864129,8.33543449770126,8.299829961397709,8.300248863982365
357.65500000000003,7.885277549805792,8.291446432954363,8.351104123846415,8.315504667565143,8.315927436296356
358.86,7.898506391819687,8.30742261419824,8.366750072568696,8.33115780588466,8.331584458138039
360.065,7.911712824147806,8.323367684791272,8.382372443759456,8.346789470374327,8.347220022935039
361.27000000000004,7.924896958830594,8.339281823201272,8.397971336542376,8.362399754283883,8.362834223350529
362.475,7.938058906975627,8.355165206191483,8.413546849282472,8.377988750103583,8.37842715129229
363.68,7.951198778768465,8.37101800884325,8.429099079594959,8.393556549573223,8.393998897921692
364.88500000000005,7.964316683483325,8.386840404578377,8.444628124353947,8.40910324369074,8.409549553662444
366.09000000000003,7.977412729493565,8.4026325651811,8.460134079701104,8.424628922720911,8.425079208209265
367.295,7.990487024282125,8.418394660819617,8.475617041054019,8.440133676203764,8.440587950536449
368.5,8.003539674451659,8.434126860067298,8.491077103114586,8.45561759296295,8.45607586890624
369.70500000000004,8.016570785734658,8.449829329923602,8.506514359877226,8.471080761113997,8.4715430508771
370.91,8.029580463003356,8.465502235834526,8.52192890463691,8.486523268072377,8.486989583311951
372.115,8.042568810279477,8.48114574171277,8.537320829997148,8.501945200561495,8.502415552386072
373.32000000000005,8.055535930743858,8.49676000995761,8.552690227877823,8.517346644620627,8.517821043595161
374.52500000000003,8.068481926746003,8.51234520147437,8.568037189522926,8.53272768561259,8.533206141763014
375.73,8.081406899813352,8.527901475693579,8.583361805508094,8.548088408231457,8.548570931049296
376.935,8.094310950660557,8.543428990589863,8.598664165748193,8.563428896510066,8.563915494957092
378.14000000000004,8.107194179198537,8.558927902700503,8.613944359504632,8.578749233827448,8.579239916340306
379.345,8.120056684543428,8.574398367143681,8.629202475392622,8.594049502916162,8.594544277411131
380.55,8.132898565025457,8.589840537636405,8.64443860138841,8.609329785869518,8.609828659747192
381.755,8.145719918197578,8.605254566512215,8.659652824836272,8.62459016414866,8.625093144298726
382.96000000000004,8.158520840844083,8.620640604738528,8.674845232455459,8.63983071858962,8.640337811395652
384.165,8.171301428989068,8.635998801933752,8.690015910347103,8.655051529410212,8.65556274075446
385.37,8.184061777904759,8.651329306384103,8.70516494400093,8.670252676216867,8.670768011485052
386.57500000000005,8.196801982119723,8.666632265060192,8.720292418301929,8.685434238011325,8.685953702097516
387.78000000000003,8.209522135426937,8.681907823633228,8.73539841753686,8.700596293197316,8.701119890508746
388.985,8.22222233089191,8.69715612649118,8.7504830254008,8.715738919587046,8.71626665404901
390.19,8.2349026608604,8.712377316754443,8.765546325003465,8.730862194407646,8.731394069468356
391.39500000000004,8.24756321696627,8.727571536291418,8.78058839887546,8.74596619430758,8.746502212943064
392.6,8.260204090139183,8.742738925733784,8.795609328974512,8.761050995362861,8.761591160081833
393.805,8.272825370612068,8.757879624491599,8.810609196691576,8.776116673083223,8.776660985932017
395.01000000000005,8.28542714792863,8.772993770768029,8.825588082856783,8.791163302418276,8.791711764985743
396.21500000000003,8.298009510950749,8.788081501573973,8.840546067745441,8.806190957763476,8.806743571185871
397.42,8.310572547865561,8.803142952742443,8.855483231083856,8.821199712966067,8.821756477931977
398.625,8.323116346192833,8.818178258942638,8.870399652055061,8.836189641330899,8.83675055808617
399.83000000000004,8.335640992791824,8.833187553693932,8.885295409304522,8.851160815626274,8.85172588397889
401.035,8.348146573868405,8.848170969379531,8.900170580945776,8.866113308089558,8.866682527414579
402.24,8.360633174981785,8.863128637259992,8.915025244565872,8.881047190432845,8.881620559677273
403.44500000000005,8.373100881051371,8.878060687486483,8.929859477230911,8.895962533848484,8.896540051536197
404.65000000000003,8.385549776363398,8.89296724911392,8.944673355491311,8.91085940901452,8.911441073251181
405.855,8.397979944577592,8.907848450113804,8.959466955387214,8.92573788610015,8.92632369457803
407.06,8.410391468733586,8.922704417386962,8.97424035245365,8.940598034770941,8.94118798477386
408.26500000000004,8.422784431257384,8.937535276776032,8.98899362172566,8.955439924194181,8.956034012602357
409.47,8.43515891396774,8.952574554057847,9.00372683774347,8.970263623044005,8.970861846338915
410.675,8.44751499808227,8.967608460083776,9.018440074557416,8.985069199506501,8.98567155377572
411.88,8.459852764223776,8.982616777917475,9.033133405732908,8.999856721284798,9.000463202226832
413.08500000000004,8.472172292426222,8.997599635617698,9.047806904355365,9.014626255603986,9.015236858533134
414.29,8.484473662140772,9.012557160175167,9.062460643034948,9.029377869216033,9.02999258906716
415.495,8.496756952241768,9.027489477524963,9.077094693911336,9.044111628404705,9.044730459738037
416.70000000000005,8.509022241032476,9.042396712558826,9.091709128658449,9.058827598990266,9.059450535996188
417.90500000000003,8.521269606250947,9.057278989137153,9.106304018488986,9.073525846334206,9.07415288283803
419.11,8.533499125075657,9.072136430100947,9.120879434159068,9.08820643534397,9.088837564810653
420.315,8.545710874131196,9.086969157283509,9.135435445972668,9.102869430477483,9.103504646016392
421.52000000000004,8.557904929493759,9.101777291521968,9.14997212378611,9.117514895747703,9.1181541901173
422.725,8.570081366696641,9.116560952668667,9.164489537012383,9.132142894727169,9.132786260339707
423.93,8.582240260735702,9.131320259602388,9.178987754625522,9.146753490552307,9.147400919478512
425.13500000000005,8.594381686074605,9.146055330239333,9.19346684516482,9.161346745927917,9.16199822990163
426.34000000000003,8.606505716650219,9.160766281544069,9.207926876739092,9.175922723131414,9.176578253554235
427.545,8.618612425877679,9.175453229540215,9.222367917030795,9.190481484017067,9.191141051962951
428.75,8.630701886655665,9.190116289321026,9.236790033300107,9.205023090020282,9.20568668624015
429.95500000000004,8.642774171371386,9.20475557505982,9.251193292389036,9.21954760216166,9.220215217087938
431.16,8.654829351905612,9.219371200020188,9.265577760725364,9.23405508105119,9.234726704802354
432.365,8.666867499637675,9.233963276566199,9.279943504326576,9.248545586892194,9.24922120927732
433.57000000000005,8.67888868545026,9.248531916172304,9.294290588803838,9.263019179485376,9.263698790008611
434.77500000000003,8.690892979734329,9.263077229433225,9.308619079365727,9.277475918232764,9.278159506097804
435.98,8.70288045239382,9.27759932607361,9.322929040822093,9.291915862141591,9.292603416256128
437.185,8.71485117285036,9.292098314957592,9.337220537587804,9.306339069828152,9.307030578808305
438.39000000000004,8.726805210047957,9.306574304098264,9.351493633686413,9.32074559952159,9.321441051696308
439.595,8.73874263245753,9.321027400666871,9.365748392753808,9.33513550906766,9.335834892483058
440.8,8.750663508081516,9.335457711002082,9.379984878041848,9.34950885593241,9.350212158356156
442.00500000000005,8.762567904458237,9.349865340618951,9.394203152421898,9.363865697205858,9.364572906131524
443.21000000000004,8.77445588866648,9.36425039421786,9.408403278388345,9.378206089605634,9.378917192256864
444.415,8.786327527329696,9.378612975693251,9.42258531806205,9.392530089480461,9.393245072815393
445.62,8.798182886620467,9.392953188142371,9.43674933319384,9.40683775281379,9.4075566035292
446.82500000000005,8.81002203226462,9.40727113387374,9.450895385167785,9.42112913522718,9.421851839762732
448.03000000000003,8.82184502954562,9.421566914415619,9.465023535004635,9.435404291983835,9.43613083652624
449.235,8.833651943308546,9.435840630524295,9.479133843365107,9.449663277991899,9.450393648479128
450.44000000000005,8.845442837964328,9.450092382192299,9.493226370553048,9.46390614780791,9.46464032993326
451.64500000000004,8.857217777493759,9.464322268656499,9.507301176518801,9.478132955640051,9.478870934856287
452.85,8.868976825451476,9.478530388406025,9.521358320862273,9.492343755351445,9.493085516874858
454.055,8.880720044970047,9.492716839190196,9.535397862836136,9.506538600463388,9.507284129277881
455.26000000000005,8.892447498763715,9.50688171802625,9.549419861348868,9.520717544158575,9.521466825019619
456.46500000000003,8.90415924913244,9.521025121207005,9.56342437496791,9.534880639284204,9.535633656722876
457.67,8.915855357965569,9.535147144308425,9.577411461922624,9.549027938355142,9.549784676682071
458.875,8.92753588674573,9.549247882197049,9.591381180107279,9.563159493557,9.563919936866295
460.08000000000004,8.939200896552506,9.563327429037383,9.605333587084026,9.577275356749155,9.578039488922338
461.285,8.950850448066163,9.577385878299104,9.619268740085863,9.591375579467831,9.592143384177634
462.49,8.962484601571248,9.591423322764287,9.633186696019447,9.605460212928957,9.60623167364328
463.69500000000005,8.974103416960276,9.605439854534398,9.64708751146796,9.619529308031227,9.620304408016867
464.90000000000003,8.985706953737179,9.619435565037326,9.660971242693956,9.633582915358918,9.634361637685407
466.105,8.997295271020938,9.633410545034232,9.674837945642139,9.647621085184849,9.648403412728157
467.31,9.008868427549004,9.647364884626336,9.688687675942054,9.661643867473096,9.662429782919437
468.51500000000004,9.020426481680715,9.661298673261642,9.702520488910892,9.67565131188195,9.67644079773142
469.72,9.031969491400773,9.675211999741574,9.71633643955611,9.68964346776653,9.69043650633681
470.925,9.043497514322532,9.689104952227407,9.730135582578104,9.703620384181683,9.704416957611642
472.13000000000005,9.055010607691358,9.70297761824681,9.743917972372845,9.717582109884527,9.7183822001379
473.33500000000004,9.066508828387924,9.717014359186976,9.75768366303445,9.731528693337266,9.732332282206169
474.54,9.0779922329314,9.731039631955941,9.771432708357752,9.74546018270977,9.746267251818304
475.745,9.089460877482729,9.74504431573784,9.785165161840837,9.759376625882183,9.760187156689923
476.95000000000005,9.100914817847759,9.759028499183508,9.798881076687543,9.77327807044755,9.774092044253054
478.15500000000003,9.112354109480364,9.772992270306952,9.812580505809908,9.78716456371434,9.787981961658598
479.36,9.123778807485621,9.78693571649183,9.82626350183068,9.801036152708964,9.801856955778888
480.56500000000005,9.135188966622792,9.800858924497668,9.839930117085654,9.814892884178327,9.815717073210095
481.77000000000004,9.146584641308394,9.81476198046618,9.853580403626122,9.828734804592209,9.829562360274679
482.975,9.157965885619205,9.828644969927325,9.867214413221198,9.842561960145812,9.843392863023839
484.18,9.16933275329523,9.842507977805436,9.880832197360196,9.85637439676207,9.857208627239885
485.38500000000005,9.18068529774257,9.856351088425196,9.894433807254865,9.870172160094121,9.87100969843854
486.59000000000003,9.192023572036383,9.870174385517515,9.908019293841752,9.883955295527592,9.884796121871355
487.795,9.203347628923773,9.88397795222542,9.921588707784423,9.897723848183016,9.898567942527956
489.0,9.214657520826542,9.897761871109822,9.93514209947568,9.911477862918034,9.912325205138329
490.20500000000004,9.225953299844065,9.911526224155164,9.948679519039771,9.925217384329766,9.926067954175089
491.41,9.237235017755985,9.925271092775079,9.96220101633461,9.938942456757033,9.939796233855692
492.615,9.248502726025066,9.93899655781793,9.975706640953902,9.952653124282573,9.953510088144657
493.82000000000005,9.25975647579979,9.952702699572292,9.989196442229254,9.96634943073526,9.967209560755713
495.02500000000003,9.270996317917096,9.966389597772384,10.002670469232344,9.980031419692292,9.98089469515395
496.23,9.282222302905055,9.980057331603387,10.01612877077696,9.993699134481338,9.994565534557982
497.435,9.293434480985411,9.993705979706746,10.02957139542106,10.007352618182647,10.008222121942046
498.64000000000004,9.304632902076236,10.007335620185387,10.042998391468855,10.020991913631223,10.021864500038044
499.845,9.315817615794515,10.02094633060886,10.056409806972788,10.034617063418844,10.035492711337627
501.05,9.32698867145865,10.034538188018406,10.069805689735546,10.048228109896156,10.049106798094233
502.25500000000005,9.338146118090918,10.048111268932058,10.083186087312034,10.061825095174715,10.062706802325094
503.46000000000004,9.349290004420084,10.0616656493495,10.096551047011326,10.075408061128977,10.076292765813252
504.665,9.360420378883731,10.075201404757067,10.109900615898576,10.088977049398352,10.089864730109452
505.87,9.37153728963078,10.088718610132542,10.123234840796979,10.1025321013891,10.103422736534185
507.07500000000005,9.382640784523865,10.102217339949938,10.136553768289591,10.11607325827637,10.116966826179553
508.28000000000003,9.393730911141638,10.115697668184248,10.149857444721277,10.129600561006058,10.13049703991119
509.485,9.404807716781256,10.129159668316106,10.163145916200472,10.143114050296752,10.144013418370138
510.69000000000005,9.415871248460654,10.142603413336415,10.17641922860112,10.156613766641643,10.157516001974734
511.89500000000004,9.426921552920774,10.15602897575088,10.189677427564364,10.170099750310335,10.171004830922431
513.1,9.437958676627971,10.16943642758456,10.202920558500427,10.183572041350752,10.184479945191626
514.3050000000001,9.448982665776185,10.182825840386256,10.21614866659034,10.197030679590958,10.19794138454346
515.51,9.459993566289171,10.196197285232977,10.229361796787728,10.210475704640936,10.2113891885236
516.715,9.470991423822753,10.209550832734248,10.242559993820489,10.223907155894418,10.224823396464048
517.9200000000001,9.481976283766997,10.222886553036387,10.25574330219256,10.237325072530629,10.238244047484818
519.125,9.492948191248303,10.23620451582683,10.268911766185617,10.25072949351607,10.251651180495713
520.33,9.503907191131717,10.249504790338221,10.28206542986071,10.264120457606207,10.26504483419799
521.5350000000001,9.514853328022795,10.26278744535265,10.295204337059971,10.277498003347246,10.278425047086111
522.74,9.525786646269957,10.276052549205694,10.308328531408234,10.29086216907777,10.291791857449372
523.945,9.536707189966378,10.289300169790488,10.321438056314685,10.3042129929305,10.30514530337356
525.15,9.547615002952114,10.302530374561725,10.33453295497444,10.31755051283384,10.318485422742615
526.355,9.558510128816117,10.315743230539615,10.347613270370172,10.33087476651367,10.331812253240225
527.5600000000001,9.569392610898262,10.328938804313786,10.360679045273685,10.344185791494837,10.34512583235144
528.765,9.580262492291347,10.34211716204716,10.373730322247448,10.357483625102864,10.358426197364267
529.97,9.591119815842994,10.355278369479775,10.38676714364618,10.370768304465482,10.371713385371226
531.1750000000001,9.601964624157652,10.368422491932533,10.399789551618344,10.38403986651426,10.384987433270897
532.38,9.61279695959854,10.381549594310997,10.412797588107702,10.397298347986117,10.398248377769503
533.585,9.623616864289538,10.394659741109002,10.425791294854792,10.410543785424931,10.41149625538236
534.7900000000001,9.63442438011704,10.407752996412366,10.438770713398377,10.42377621518295,10.42473110243545
535.995,9.645219548731866,10.420829423902484,10.451735885076985,10.436995673422478,10.437952955066866
537.2,9.65600241155115,10.433889086859866,10.464686851030308,10.450202196117248,10.451161849228296
538.4050000000001,9.666773009760057,10.446932048167689,10.477623652200702,10.463395819053895,10.464357820686503
539.61,9.677531384313738,10.459958370315281,10.4905463293345,10.476576577833535,10.477540905024737
540.815,9.688277575938997,10.47296811540157,10.503454922983552,10.48974450787311,10.490711137644215
542.02,9.699011625136158,10.48596134513849,10.516349473506553,10.502899644406893,10.50386855376546
543.225,9.709733572180838,10.498938120854323,10.529230021070429,10.516042022487875,10.5170131884298
544.4300000000001,9.720443457125569,10.511898503497097,10.542096605651707,10.529171676989169,10.530145076500622
545.635,9.731141319801665,10.524842553637814,10.55494926703791,10.542288642605435,10.543264252664898
546.84,9.741827199820854,10.53801954668847,10.567788044828818,10.555392953854275,10.556370751434418
548.0450000000001,9.752501136576974,10.551283187827027,10.580612978437909,10.568484645077515,10.569464607147202
549.25,9.763163169247697,10.56452978451292,10.593424107093547,10.581563750442685,10.582545853968806
550.455,9.773813336796103,10.577759400792996,10.606221469840415,10.59463030394423,10.595614525893641
551.6600000000001,9.784451677972413,10.590972100312168,10.61900510554069,10.607684339404916,10.608670656746288
552.865,9.795078231315529,10.604167946316961,10.631775052875398,10.620725890477157,10.62171428018279
554.07,9.805693035154746,10.617347001659084,10.644531350345666,10.633754990644228,10.634745429691893
555.275,9.816296127611231,10.630509328798743,10.657274036273922,10.646771673221627,10.647764138596362
556.48,9.826887546599679,10.643654989808132,10.670003148805213,10.659775971358354,10.660770440054213
557.6850000000001,9.837467329829892,10.656784046374801,10.682718725908385,10.672767918038112,10.67376436705995
558.89,9.84803551480821,10.669896559804926,10.695420805377315,10.68574754608061,10.686745952445776
560.095,9.858592138839214,10.682992591026675,10.708109424832118,10.698714888142769,10.69971522888286
561.3000000000001,9.869137239027104,10.696072200593438,10.720784621720325,10.71166997671995,10.712672228882491
562.505,9.879670852277272,10.709135448687036,10.733446433318106,10.724612844147224,10.72561698479728
563.71,9.890193015297768,10.722182395120928,10.746094896731396,10.737543522600468,10.738549528822372
564.9150000000001,9.900703764600777,10.735213099343326,10.758730048897041,10.750462044097631,10.75146989299656
566.12,9.911203136504113,10.748227620440364,10.771351926584055,10.7633684404999,10.764378109203498
567.325,9.921691167132579,10.761226017139158,10.783960566394619,10.776262743512838,10.777274209172806
568.5300000000001,9.932167892419528,10.774208347810838,10.796556004765307,10.78914498468761,10.790158224481225
569.735,9.94263334810816,10.78717467047357,10.80913827796815,10.802015195421982,10.803030186553721
570.94,9.953087569753023,10.800125042795555,10.821707422111759,10.814873406961645,10.815890126664652
572.145,9.963530592721298,10.81305952209799,10.834263473142446,10.827719650401162,10.828738075938782
573.35,9.973962452194321,10.825978165357931,10.846806466845294,10.8405539566852,10.841574065352436
574.5550000000001,9.984383183168816,10.838881029211244,10.859336438845169,10.85337635660954,10.85439812573458
575.76,9.994792820458315,10.851768169955411,10.871853424607908,10.866186880822282,10.867210287767866
576.965,10.0051913986945,10.864639643552398,10.884357459441285,10.878985559824772,10.880010581989685
578.1700000000001,10.015578952328525,10.877495505631419,10.896848578496082,10.891772423972807,10.892799038793255
579.375,10.025955515632283,10.890335811491719,10.909326816767152,10.904547503477602,10.905575688428634
580.58,10.036321122699825,10.903160616105295,10.921792209094367,10.917310828406912,10.918340561003733
581.7850000000001,10.046675807448494,10.91596997411961,10.934244790163744,10.930062428686016,10.931093686485397
582.99,10.057019603620333,10.92876393986028,10.946684594508389,10.942802334098738,10.943835094700342
584.195,10.067352544783319,10.941542567333713,10.959111656509485,10.955530574288519,10.956564815336211
585.4000000000001,10.077674664332598,10.954305910229722,10.971526010397326,10.968247178759395,10.969282877942524
586.605,10.087985995491692,10.967054021924143,10.983927690252282,10.98095217687699,10.981989311931695
587.8100000000001,10.098286571313835,10.979786955481385,10.996316730005734,10.99364559786954,10.994684146579981
589.015,10.108576424683122,10.992504763656964,11.008693163441109,11.006327470828808,11.007367411028458
590.22,10.11885558831571,11.005207498900038,11.02105702419478,11.018997824711118,11.020039134283962
591.4250000000001,10.12912409476106,11.01789521335586,11.033408345757023,11.031656688338314,11.03269934522005
592.63,10.139381976403115,11.030567958868314,11.045747161472963,11.044304090398683,11.045348072577932
593.835,10.14962926546142,11.04322578698222,11.05807350454352,11.056940059447907,11.057985344967394
595.0400000000001,10.159865993992383,11.055868748945862,11.070387408026289,11.069564623910011,11.070611190867707
596.245,10.170092193890362,11.068496895713364,11.08268890483648,11.082177812078298,11.083225638628566
597.45,10.180307896888827,11.081110277946953,11.094978027747832,11.094779652116237,11.09582871647097
598.6550000000001,10.190513134561499,11.093708946019404,11.107254809393485,11.107370172058422,11.108420452488138
599.86,10.20070793832349,11.106292950016305,11.119519282266893,11.119949399811407,11.121000874646326
601.065,10.210892339432348,11.118862339738339,11.131771478722674,11.132517363154658,11.133570010785817
602.27,10.221066368989277,11.131417164703578,11.144011430977535,11.145074089741408,11.146127888621695
603.475,10.231230057940145,11.14395747414969,11.156239171111071,11.157619607099555,11.158674535744773
604.6800000000001,10.241383437076564,11.15648331703618,11.168454731066685,11.170153942632504,11.171209979622375
605.885,10.251526537037023,11.168994742046594,11.180658142652389,11.182677123620072,11.183734247599242
607.09,10.261659388307898,11.18149179759067,11.192849437541714,11.195189177219278,11.196247366898348
608.2950000000001,10.271782021224574,11.193974531806528,11.205028647274439,11.207690130465247,11.208749364621736
609.5,10.281894465972385,11.206442992562732,11.217195803257551,11.22018001027203,11.22124026775132
610.705,10.291996752587757,11.2188972274605,11.229350936765975,11.232658843433397,11.233720103149745
611.9100000000001,10.302088910959178,11.231337283835675,11.241494078943386,11.245126656623755,11.246188897561126
613.115,10.312170970828234,11.24376320876091,11.253625260803085,11.25758347639883,11.258646677611933
614.32,10.322242961790636,11.256175049047618,11.265744513228753,11.270029329196602,11.2710934698117
615.5250000000001,10.332304913297136,11.268572851248065,11.27785186697523,11.282464241338014,11.283529300553873
616.73,10.34235685465466,11.280956661657315,11.28994735266935,11.294888239027834,11.295954196116584
617.9350000000001,10.352398815027186,11.293326526315294,11.302031000810675,11.307301348355386,11.308368182663365
619.14,10.362430823436725,11.305682491008678,11.314102841772316,11.319703595295366,11.320771286243989
620.345,10.372452908764323,11.318024601272898,11.326162905801679,11.332095005708604,11.333163532795176
621.5500000000001,10.38246509975103,11.330352902394031,11.338211223021155,11.344475605342819,11.345544948141375
622.755,10.39246742499877,11.342667439410704,11.350247823429028,11.3568454198334,11.357915557995494
623.96,10.402459912971395,11.354968257116044,11.362272736900103,11.36920447470413,11.37027538795963
625.1650000000001,10.412442591995514,11.367255400059495,11.374285993186461,11.381552795367966,11.38262446352584
626.37,10.422415490261479,11.379528912548654,11.386287621918257,11.393890407127744,11.394962810076814
627.575,10.432378635824264,11.391788838651168,11.39827765260436,11.406217335176944,11.40729045288663
628.7800000000001,10.44233205660445,11.404035222196507,11.410256114633166,11.418533604600366,11.419607417121428
629.985,10.452275780389009,11.416268106777782,11.422223037273277,11.430839240374924,11.431913727840204
631.19,10.462209834832265,11.428487535753524,11.434178449674176,11.443134267370286,11.444209409995395
632.395,10.472134247456808,11.440968644619781,11.446122380866985,11.45541871034964,11.456494488433655
633.6,10.482049045654335,11.45347058973103,11.458054859765177,11.467692593970346,11.468768987896505
634.8050000000001,10.491954256686476,11.465958524265352,11.469975915165193,11.47995594278466,11.48103293302103
636.01,10.50184990768576,11.478432493963119,11.481885575747198,11.492208781240427,11.493286348340567
637.215,10.511736025656361,11.490892544315102,11.493783870075758,11.504451133681727,11.505529258285332
638.4200000000001,10.521612637475044,11.503338720564344,11.505670826600495,11.51668302434959,11.517761687183137
639.625,10.53147976989193,11.51577106770798,11.51754647365677,11.528904477382673,11.529983659260012
640.83,10.541337449531369,11.528189630499242,11.529410839466337,11.54111551681789,11.542195198640865
642.0350000000001,10.55118570289278,11.540594453449154,11.541263952138031,11.553316166591078,11.554396329350167
643.24,10.56102455635142,11.552985580828512,11.553105839668392,11.565506450537672,11.566587075312503
644.445,10.570854036159268,11.565363056669554,11.56493652994236,11.577686392393366,11.578767460353317
645.6500000000001,10.580674168445725,11.57772692476789,11.576756050733843,11.58985601579468,11.5909375081995
646.855,10.590484979218537,11.590077228684192,11.58856442970646,11.602015344279692,11.603097242479944
648.0600000000001,10.600286494364525,11.602414011745953,11.600361694414097,11.614164401288619,11.6152466867263
649.265,10.610078739650348,11.614737317049324,11.612147872301543,11.626303210164423,11.627385864373476
650.47,10.619861740723309,11.627047187460725,11.62392299070516,11.638431794153503,11.63951479876032
651.6750000000001,10.629635523112192,11.639343665618645,11.635687076853468,11.650550176406238,11.651633513130166
652.88,10.639400112227875,11.651626793935277,11.647440157867784,11.662658379977643,11.663742030631466
654.085,10.649155533364272,11.663896614598235,11.65918226076278,11.674756427827942,11.67584037431841
655.2900000000001,10.658901811698911,11.676153169572201,11.670913412447181,11.686844342823216,11.687928567151445
656.495,10.668638972293842,11.68839650060059,11.682633639724237,11.698922147735919,11.700006631997951
657.7,10.678367040096234,11.700626649207146,11.694342969292448,11.710989865245569,11.712074591632717
658.9050000000001,10.688086039939265,11.712843656697586,11.706041427746106,11.72304751793925,11.724132468738619
660.11,10.697795996542709,11.725047564161201,11.717729041575826,11.735095128312212,11.73618028590708
661.315,10.7074969345137,11.73723841247243,11.729405837169205,11.747132718768505,11.748218065638753
662.52,10.717188878347542,11.749416242292426,11.741071840811385,11.759160311621454,11.760245830344015
663.725,10.72687185242826,11.761581094070644,11.752727078685583,11.771177929094284,11.772263602343482
664.9300000000001,10.736545881029457,11.773733008046339,11.76437157687371,11.783185593320699,11.784271403868669
666.135,10.746210988314921,11.785872024250127,11.776005361356912,11.79518332634536,11.796269257062455
667.34,10.75586719833936,11.797998182505488,11.787628458016124,11.807171150124562,11.808257183979642
668.5450000000001,10.765514535049064,11.810111522430228,11.799240892632646,11.81914908652661,11.820235206587496
669.75,10.775153022282609,11.822212083438032,11.810842690888673,11.831117157332539,11.832203346766294
670.955,10.784782683771525,11.834299904739915,11.822433878367844,11.843075384236512,11.844161626309852
672.1600000000001,10.794403543140959,11.846375025345607,11.834014480555815,11.85502378884647,11.856110066925977
673.365,10.804015623910402,11.85843748406512,11.845584522840763,11.866962392684567,11.868048690237135
674.57,10.813618949494249,11.870487319510081,11.857144030513938,11.878891217187732,11.879977517780826
675.7750000000001,10.823213543202542,11.882524570095176,11.868693028770178,11.890810283708204,11.891896571010163
676.98,10.832799428241557,11.894549274039568,11.880231542708453,11.902719613514046,11.903805871294376
678.1850000000001,10.8423766277145,11.906561469368288,11.89175959733239,11.914619227789625,11.915705439919297
679.39,10.851945164622144,11.918561193913618,11.903277217550773,11.926509147636144,11.927595298087871
680.595,10.861505061863411,11.930548485316434,11.914784428178066,11.938389394072157,11.93947546692065
681.8000000000001,10.87105634223606,11.94252338102757,11.926281253934945,11.950259988034045,11.951345967456295
683.005,10.880599028437295,11.95448591830915,11.937767719448761,11.962120950376548,11.963206820652031
684.21,10.890133143064368,11.96643613423598,11.949243849254076,11.973972301873204,11.975058047384188
685.4150000000001,10.89965870861522,11.978374065696768,11.960709667793173,11.985814063216866,11.986899668448592
686.62,10.909175747489058,11.990299749395488,11.972165199416517,11.99764625502021,11.99873170456113
687.825,10.918684281987048,12.002213221852681,11.983610468383283,12.009468897816161,12.010554176358198
689.0300000000001,10.928184334312746,12.014114519406704,11.995045498861778,12.021282012058427,12.022367104397116
690.235,10.937675926572894,12.026003678215025,12.006470314930045,12.033085618121941,12.03417050915668
691.44,10.947159080777851,12.037880734255474,12.017884940576245,12.044879736303304,12.045964411037529
692.6450000000001,10.956633818842299,12.049745723327487,12.029289399699127,12.056664386821309,12.05774883036268
693.85,10.966100162585718,12.061598681053349,12.040683716108603,12.06843958981733,12.069523787377948
695.0550000000001,10.97555813373306,12.07343964287942,12.052067913526104,12.080205365355907,12.0812893022524
696.26,10.985007753915262,12.085268644077345,12.06344201558513,12.091961733425016,12.093045395078791
697.465,10.994449044669821,12.097085719745259,12.074806045831677,12.10370871393669,12.104792085874024
698.6700000000001,11.0038820274414,12.108890904809,12.086160027724702,12.115446326727348,12.11652939457957
699.875,11.013306723582318,12.120684234023244,12.097503984636576,12.12717459155831,12.128257341061943
701.08,11.022723154353201,12.132465741972753,12.108837939853556,12.138893528116201,12.139975945113074
702.2850000000001,11.0321313409234,12.14423546307344,12.120161916576222,12.150603156013396,12.151685226450812
703.49,11.041531304371716,12.15599343157363,12.131475937919934,12.162303494788473,12.163385204719251
704.695,11.050923065686732,12.167739681555107,12.14278002691524,12.173994563906588,12.17507589948929
705.9000000000001,11.060306645767554,12.179474246934308,12.154074206508403,12.18567638275998,12.186757330258882
707.105,11.069682065424217,12.191197161463396,12.165358499561723,12.197348970668315,12.198429516453624
708.3100000000001,11.079049345378252,12.202908458731438,12.176632928854087,12.209012346879145,12.210092477427036
709.515,11.0884085062632,12.214608172165441,12.187897517081298,12.22066653056838,12.221746232461053
710.72,11.097759568625179,12.226296335031472,12.199152286856595,12.232311540840545,12.233390800766387
711.9250000000001,11.107102552923351,12.237972980435785,12.210397260711009,12.24394739672936,12.245026201482952
713.13,11.116437479530468,12.24963814132578,12.221632461093796,12.255574117198059,12.256652453680223
714.335,11.125764368733378,12.261291850491213,12.232857910372946,12.267191721139776,12.26826957635773
715.5400000000001,11.135083240733472,12.27293414056514,12.244073630835455,12.278800227377996,12.27987758844533
716.745,11.144394115647323,12.284565044025019,12.255279644687821,12.290399654666984,12.2914765088037
717.95,11.153697013507042,12.296184593193725,12.266475974056496,12.301990021692056,12.303066356224654
719.1550000000001,11.162991954260846,12.307792820240593,12.27766264098818,12.313571347070063,12.314647149431558
720.36,11.172278957773557,12.319389757182432,12.288839667450336,12.325143649349785,12.326218907079731
721.565,11.181558043827039,12.330975435884534,12.300007075331521,12.33670694701227,12.33778164775679
722.7700000000001,11.190829232120734,12.342549888061694,12.311164886441839,12.348261258471249,12.349335389983057
723.975,11.200092542272124,12.354113145279166,12.322313122513268,12.359806602073514,12.36088015221188
725.1800000000001,11.209347993817204,12.365665238953682,12.333451805200134,12.371342996099234,12.372415952830076
726.385,11.218595606210926,12.377206200354445,12.344580956079454,12.382870458762435,12.383942810158258
727.59,11.22783539882775,12.388736060604028,12.355700596651332,12.394389008211304,12.395460742451203
728.7950000000001,11.237067390962025,12.400254850679431,12.36681074833934,12.405898662528541,12.406969767898213
730.0,11.246291601828489,12.411762601412946,12.37791143249094,12.417399439731797,12.418469904623484
