tau_days,C_DH_FAST_HEAVY,C_PINN_FAST_HEAVY,C_DH_SLOW_HEAVY,C_PINN_SLOW_HEAVY
7.0,1.101666055672501,1.1021586734343503,1.139379673181501,1.1401742275052222
8.205,1.1922067422342697,1.1925724121188668,1.23933726259986,1.2399939263672137
9.41,1.2762264452765848,1.2765247352271718,1.333238082913174,1.333871269611675
10.615,1.3549480913451428,1.355209696559384,1.4222323632383793,1.4229133996056686
11.82,1.4292558679714573,1.4294902249390784,1.5071441934983554,1.5079148293389495
13.025,1.4998137619577356,1.5000178837118072,1.588586970427558,1.5894681843527048
14.23,1.5671355364733741,1.5673010131372678,1.6670312736360993,1.6680301984550865
15.435,1.6316284561912808,1.6317460581752012,1.7428471002806645,1.7439623901990249
16.64,1.6936218819738058,1.6936836557092105,1.8163313652960145,1.8175570324430095
17.845,1.7533866828448152,1.7533862304957766,1.887726486707908,1.8890543729822102
19.05,1.8111488324271119,1.8110808311740778,1.9572333428516941,1.9586545421785395
20.255000000000003,1.8670991881737709,1.8669588836697004,2.0250205474331153,2.026526115126365
21.46,1.9214006874695655,1.9211836507376123,2.0912312411864473,2.092812465341509
22.665,1.974193749086428,1.9738959053654914,2.155988164111772,2.157636598738788
23.87,2.0256003988383897,2.0252182225737743,2.2193975097118903,2.2211049065467225
25.075000000000003,2.0757274697617123,2.0752582259453174,2.281551898892309,2.2833101248778744
26.28,2.124669118801392,2.124111062622322,2.34253270612651,2.3443336937180175
27.485,2.1725088305618923,2.1718613203314057,2.402411901377471,2.404247648739377
28.69,2.2193210305332056,2.2185845451724724,2.4612535247824194,2.4631161429251063
29.895000000000003,2.265172397093318,2.2643484727378316,2.5191148792098383,2.520996672453593
31.1,2.3101229384010935,2.309214049142802,2.5760475035134234,2.5779410663964555
32.305,2.3542268837904223,2.35323629253861,2.6320979734815397,2.6339962887610064
33.510000000000005,2.397533427351606,2.3964650282893714,2.6873085660735985,2.6892050923569806
34.715,2.440087352652376,2.438945520243463,2.7417178142001895,2.7436065561673884
35.92,2.481929561072993,2.480719014312871,2.7953609731366456,2.7972365312007725
37.125,2.5230975213692775,2.52182320707845,2.8482704150447513,2.8501280142037095
38.33,2.563625654391699,2.5622926500694447,2.9004759645858416,2.90231146410119
39.535000000000004,2.603545664064777,2.6021590989392025,2.9520051859412977,2.953815072512325
40.74,2.64288682354904,2.6414518155888245,3.0028836295001526,3.004664997011089
41.945,2.681676223805296,2.6801978302283063,3.0531350448741943,3.0548855637972023
43.150000000000006,2.7199389904436932,2.718422169377313,3.1027815656473057,3.1044994449530043
44.355000000000004,2.7576984736804144,2.756148054906471,3.1518438702760165,3.1535278143554835
45.56,2.7949764153796464,2.7933970784201874,3.2003413227702837,3.2019904854843158
46.765,2.8317930964801175,2.8301893545885415,3.2482920961533432,3.2499060337404018
47.97,2.868167467557192,2.8665436564492497,3.2957132811913814,3.297291905409355
49.175000000000004,2.9041172648255786,2.9024775352092025,3.3426209824719946,3.344164515031567
50.38,2.9396591135238404,2.938007426668457,3.3890304035750383,3.390539332647366
51.585,2.9748086203221558,2.973148746053833,3.4349559228044835,3.4364309621534055
52.790000000000006,3.009580456147809,3.007915972772052,3.480411160723645,3.481853211819144
53.995000000000005,3.043988430617528,3.0423227263642243,3.525409040548783,3.5268191578614356
55.2,3.0780455590947997,3.076381834753683,3.569961842300695,3.5713412018518076
56.405,3.1117641232470516,3.110105395721796,3.6140812514838085,3.6154311226293423
57.61,3.145155725857096,3.143504832415167,3.657778402953676,3.65910012330723
58.815000000000005,3.1782313405417373,3.176590943576904,3.7010639205420026,3.702358873890199
60.02,3.2110013569440654,3.209373949102096,3.7439479529311925,3.745217549959548
61.225,3.2434756218928884,3.2418635314386157,3.7864402062047606,3.7876858678303345
62.43000000000001,3.2756634769602,3.274068873287819,3.8285499734442396,3.8297731165406828
63.635000000000005,3.3075737927939053,3.3059986920020683,3.870286161695724,3.871488186993899
64.84,3.339215000557394,3.3376612710274367,3.9116573165885127,3.9128395985391946
66.045,3.3705951207674167,3.369064488697357,3.952671644853173,3.9538355232468376
67.25,3.401721789788059,3.4002158446465174,3.993337034956662,3.994483808105995
68.45500000000001,3.432602284208497,3.431122484082663,4.0336610760457585,4.034791995349699
69.66,3.463243543306671,3.4617912201261536,4.073651075367868,4.07476734108978
70.86500000000001,3.4936521897783956,3.492228554403451,4.113314074318636,4.114416832425372
72.07000000000001,3.523834548892124,3.5224406960594257,4.152656863248949,4.153747203171654
73.275,3.5537966662117615,3.552433579335215,4.191685995148786,4.192764948339847
74.48,3.5835443240157083,3.5822128798423893,4.230407798312968,4.231476337486353
75.685,3.613083056526323,3.6117840296500585,4.268828388081908,4.269887427036112
76.89,3.6424181640525854,3.641152231289513,4.306953677741133,4.308004071675017
78.095,3.6715547261384596,3.670322470769824,4.344789388654013,4.345831934896053
79.30000000000001,3.7004976138002132,3.6992995296888043,4.382341059694755,4.383376498775498
80.50500000000001,3.729251500927888,3.728087996514981,4.419614056041926,4.420643073047614
81.71000000000001,3.7578208749187603,3.7566922771088085,4.456613577386498,4.457636803539522
82.915,3.7862100466044324,3.7851166045450606,4.4933446656032325,4.494362680021869
84.12,3.814423159527325,3.813365048291803,4.529812211929324,4.530825543525219
85.325,3.842464198617135,3.841441522796618,4.566020963690298,4.567030093167479
86.53,3.870336998313517,3.869349795525734,4.601975530608954,4.602980892533215
87.735,3.8980452501768292,3.89709349449725,4.6376803907301145,4.638682375641695
88.94,3.9255925100251443,3.9246761153462124,4.673139895990741,4.674138852537338
90.14500000000001,3.9529822046327823,3.9521010279554956,4.708358277462526,4.709354514532723
91.35000000000001,3.980217638021899,3.9793714826836024,4.743339650291145,4.744333439131856
92.555,4.007301997376789,4.006490616217473,4.778088018354964,4.779079594658809
93.76,4.034238358607456,4.03346145707634,4.812607278663183,4.813596844614287
94.965,4.06102969158707,4.06028693079008,4.8469012255123625,4.847888951781218
96.17,4.087678865086142,4.0869698647737485,4.880973554418178,4.881959582098008
97.375,4.1141886514238895,4.113512992918414,4.914827865838134,4.915812308317058
98.58000000000001,4.140561730856184,4.1399189599165025,4.948467668699519,4.949450613463971
99.78500000000001,4.166800695717576,4.166190325338845,4.981896383745776,4.982877894112278
100.99000000000001,4.192908054333744,4.192329567479233,5.015117346713355,5.016097463486535
102.19500000000001,4.218886234719332,4.218339086981157,5.048133811350109,5.049112554406193
103.4,4.244737588075187,4.244221210260535,5.0809489522856355,5.081926322081087
104.605,4.270464392097606,4.269978192737176,5.113565867762848,5.114541846768822
105.81,4.296068854111823,4.29561222188698,5.145987582239525,5.14696213630339
107.015,4.321553114040533,4.321125420126207,5.178217048868006,5.179190128503539
108.22,4.346919247217674,4.346519847538133,5.210257151860375,5.211228693468597
109.42500000000001,4.37216926705708,4.371797504452155,5.242110708745967,5.2430806357693625
110.63000000000001,4.397305127584938,4.396960333884409,5.273780472527811,5.274748696540185
111.83500000000001,4.422328725843794,4.422010223848688,5.305269133743779,5.306235555478739
113.04,4.447241904176458,4.44694900954569,5.336579322437807,5.337543832758962
114.245,4.472046452396105,4.4717784754382235,5.367713610046781,5.368676090862218
115.45,4.496744109850049,4.496500357219391,5.398674511207196,5.399634836331679
116.655,4.521336567382606,4.521116343680593,5.4294644854866405,5.430422521454171
117.86000000000001,4.545825469203358,4.54562807848532,5.460085939043768,5.461041545873532
119.06500000000001,4.570212414665987,4.570037161854742,5.490541226220868,5.491494258139393
120.27000000000001,4.594498959962734,4.594345152170335,5.520832651072571,5.521782957194665
121.47500000000001,4.618686619739187,4.618553567498792,5.550962468833953,5.5519098938051545
122.68,4.6427768686338355,4.64266388704371,5.580932887331297,5.5818772719341245
123.885,4.66677114274664,4.6666775525287,5.6107460683384405,5.611687250064737
125.09,4.6906708410401565,4.690595969515768,5.640404128881304,5.641341942472833
126.295,4.714477326677247,4.714420508662942,5.669909142493457,5.670843420452609
127.5,4.738191928298486,4.738152506924662,5.699263140424815,5.700193713497392
128.705,4.761815941242576,4.761793268698256,5.728468112806029,5.729394810437527
129.91000000000003,4.785350628712759,4.785344066919528,5.757526009770469,5.758448660537615
131.115,4.80879722289208,4.808806144110386,5.786438742536005,5.787357174554692
132.32,4.832156926010045,4.832180713381207,5.815208184448273,5.816122225759293
133.525,4.855430911363278,4.855468959390405,5.843836171987393,5.844745650921015
134.73000000000002,4.878620324292515,4.878672039263518,5.872324505739613,5.873229251260059
135.935,4.901726283118024,4.901791083473975,5.900674951335683,5.901574793366304
137.14000000000001,4.924749880035694,4.9248271966877475,5.928889240357249,5.929784010087416
138.345,4.947692181975672,4.947781458573441,5.95696907121272,5.957858601387034
139.55,4.970554231425373,4.970654924579954,5.984916109984012,5.985800235174551
140.755,4.993337047218693,4.993448626683159,6.012731991245401,6.013610548107598
141.96,5.016041625293011,5.0161635741031745,6.040418318855584,6.041291146368355
143.16500000000002,5.038668939415503,5.038800753993808,6.067976666724068,6.068843606414689
144.37,5.061219941880369,5.061361132105338,6.095408579553202,6.096269475707395
145.57500000000002,5.083695564178193,5.083845653422092,6.1227155735564756,6.1235702734142
146.78,5.106096717638875,5.106255242775948,6.149899137154319,6.150747491091679
147.985,5.128424294049427,5.128590805436864,6.176960731648274,6.1778025933459375
149.19,5.150679166247452,5.150853227681599,6.2039017918742,6.204737018472817
150.395,5.172862188692029,5.17304337734148,6.230723726835641,6.231552179078534
151.60000000000002,5.194974198012475,5.195162104330292,6.257427920317859,6.258249462681439
152.805,5.217016013536274,5.217210241153183,6.2840157314835,6.284830232295757
154.01000000000002,5.2389884377971265,5.239188603397249,6.310488495450295,6.311295826997804
155.215,5.260892257023886,5.2610979902048545,6.33684752385189,6.337647562475521
156.42000000000002,5.282728241611384,5.282939184730232,6.363094105382011,6.363886731561985
157.625,5.304497146573778,5.304712954580193,6.38922950632288,6.390014604753292
158.83,5.326199711981333,5.326420052239575,6.4152549710582925,6.416032430711607
160.035,5.347836663381361,5.348061215482048,6.441171722572042,6.4419414367538845
161.24,5.36940871220385,5.369637167766964,6.466980962932023,6.4677428293266725
162.44500000000002,5.390916556152653,5.391148618622724,6.492683873760768,6.493437794467708
163.65,5.41236087958274,5.412596264017333,6.518281616692723,6.519027498254551
164.85500000000002,5.433742353864024,5.433980786716486,6.543775333818735,6.544513087240975
166.06,5.4550616377326335,5.45530285662994,6.569166148118299,6.569895688881227
167.26500000000001,5.476319377629723,5.476563131146328,6.594455163879881,6.595176411943046
168.47,5.497516208028808,5.497762255457167,6.619643467109765,6.62035634690924
169.675,5.518652751751629,5.5189008628702405,6.64473212592982,6.645436566368787
170.88,5.539729620273515,5.53997957511301,6.6697221909644995,6.670418125397434
172.085,5.560747414018169,5.560999002626121,6.694614695717544,6.695302061928318
173.29000000000002,5.581706722642754,5.581959744847728,6.719410656938585,6.720089397112891
174.495,5.602608125313418,5.60286239048875,6.744111074980097,6.7447811356724845
175.70000000000002,5.623452190971601,5.623707517799503,6.768716934144931,6.769378266240839
176.905,5.644239478591762,5.644495694827972,6.793229203024803,6.7938817616978255
178.11,5.664970537430575,5.665227479670095,6.817648834829932,6.818292579494745
179.315,5.685645907268045,5.685903420712307,6.841976767710206,6.8426116619713735
180.52,5.7062661186410235,5.706524056866661,6.866213925068082,6.866839936665067
181.72500000000002,5.7268316930690455,5.72708991779878,6.890361215863505,6.89097831661217
182.93,5.747343143273148,5.747601524148871,6.914419534911054,6.9150277006419705
184.13500000000002,5.767800973387777,5.768059387746128,6.938389763169567,6.9389889736633625
185.34,5.788205679166025,5.788464011816713,6.962272768024613,6.962863006944597
186.54500000000002,5.8085577481785275,5.80881589118547,6.986069403563705,6.986650658386092
187.75,5.828857660006214,5.829115512471803,7.009780510844809,7.0103527727867405
188.955,5.849105886427164,5.8493633542796575,7.033406918158236,7.03397018210378
190.16000000000003,5.8693028915977274,5.869559887382025,7.056949441281918,7.05750370570645
191.365,5.889449132228252,5.88970557490007,7.080408883730621,7.0809541506235725
192.57000000000002,5.909545057753513,5.909800872477064,7.103786036998999,7.104322311785283
193.775,5.929591110498017,5.929846228447292,7.127081680798774,7.127608972259111
194.98000000000002,5.94958772583642,5.949842084000223,7.150296583290117,7.1508149034804624
196.185,5.969535332349324,5.9697888733398905,7.173431501307631,7.173940865477721
197.39000000000001,5.989434351974415,5.989687023839874,7.1964871805808075,7.1969876070921615
198.595,6.009285200153242,6.009536956193837,7.219464355949229,7.219955866192743
199.8,6.029088285973783,6.029339084561958,7.242363751572806,7.242846369885999
201.00500000000002,6.048844012308957,6.049093816713161,7.265186081136904,7.265659834720973
202.21,6.068552775951153,6.068801554163583,7.28793204805277,7.288396966889721
203.41500000000002,6.088214967742955,6.088462692311025,7.310602345653222,7.311058462423023
204.62,6.107830972704237,6.108077620565972,7.333197657383805,7.333645007381776
205.82500000000002,6.1274011701556885,6.127646722478786,7.355718656989496,7.356157278044084
207.03,6.146925933838965,6.147170375863728,7.378166008697168,7.378595941088056
208.235,6.166405632033422,6.166648952919426,7.400540367393793,7.4009616537706515
209.44,6.185840627669808,6.186082820346242,7.4228423788006035,7.4232550641023405
210.645,6.20523127844076,6.205472339460519,7.445072679643339,7.445476811018156
211.85000000000002,6.2245779369083545,6.224817866305707,7.467231897818516,7.46762752454467
213.055,6.2438809506087765,6.244119751760683,7.489320652556048,7.48970782596356
214.26000000000002,6.263140662154215,6.2633783416451845,7.5113395545781945,7.511718327971328
215.465,6.282357409332024,6.282593976822481,7.533289206254922,7.533659634835771
216.67000000000002,6.301531525201326,6.301766993299437,7.555170201755801,7.55553234254884
217.875,6.320663338186999,6.320897722323951,7.576983127198539,7.577337038976295
219.08,6.339753172171409,6.33998649047994,7.598728560794276,7.599074304004064
220.28500000000003,6.358801346583509,6.3590336197798525,7.620407072989605,7.620744709681492
221.49,6.37780817648591,6.378039427754914,7.642019226605468,7.642348820361433
222.69500000000002,6.396773972659576,6.397004227543049,7.663565576973125,7.663887192837435
223.9,6.415699041686423,6.4159283279745765,7.685046672067064,7.685360376477898
225.10500000000002,6.434583686029832,6.434812033655815,7.706463052635043,7.706768913357442
226.31,6.45342820411316,6.453655645050629,7.7278152523253265,7.728113338385468
227.51500000000001,6.4722328903963176,6.472459458559888,7.749103797811241,7.749394179431976
228.72000000000003,6.490998035450351,6.491223766599028,7.7703292089129405,7.770611957450732
229.925,6.509723926030375,6.509948857673736,7.791491998716698,7.7917671865999045
231.13000000000002,6.5284108451465155,6.5286350164537845,7.812592673691576,7.812860374360064
232.335,6.547059072133332,6.547282523844999,7.833631733803637,7.833892021649813
233.54000000000002,6.5656688827173575,6.565891657059655,7.854609672627744,7.85486262293896
234.745,6.584240549083237,6.584462689685047,7.875526977457071,7.875772666359316
235.95000000000002,6.602774339938122,6.602995891750507,7.896384129410173,7.896622633813302
237.155,6.6212705205746065,6.621491529792806,7.917181603535966,7.917413001080154
238.36,6.639729352932178,6.639949866920008,7.937919868916449,7.938144237920061
239.56500000000003,6.658151095657205,6.658371162873911,7.958599388767268,7.958816808176142
240.77,6.676536004161587,6.676755674090851,7.979220620536282,7.979431169874326
241.97500000000002,6.694884330679956,6.695103653761336,7.999784016000039,7.999987775321118
243.18,6.713196324325654,6.713415351888083,8.020290021358278,8.020487071199566
244.38500000000002,6.731472231145341,6.731691015342875,8.040739077326526,8.040929498663019
245.59,6.7497122941724275,6.749930887922018,8.06113161922673,8.061315493427246
246.79500000000002,6.76791675347928,6.768135210400647,8.08146807707622,8.08164548586049
248.0,6.786085846228246,6.786304220585674,8.101748875674641,8.101919901071874
249.205,6.8042198067215125,6.804438153367662,8.121974434689294,8.122139158997864
250.41000000000003,6.822318866449894,6.822537240771445,8.14214516873874,8.142303674487184
251.615,6.840383254140519,6.840601712005697,8.162261487474654,8.162413857383873
252.82000000000002,6.858413195803492,6.85863179351135,8.182323795662121,8.182470112608806
254.025,6.876408914777504,6.876627709008962,8.202332493258336,8.20247284023953
255.23000000000002,6.8943706317744375,6.894589679545055,8.222287975489667,8.222422435588573
256.435,6.912298564923031,6.9125179235374175,8.24219063292726,8.242319289280136
257.64,6.930192929811662,6.930412656819457,8.262040851561176,8.262163787325338
258.845,6.948053939530063,6.948274092683526,8.281839012872982,8.281956311196007
260.05,6.965881804710311,6.966102441923419,8.301585493907005,8.301697237896915
261.255,6.983676733566796,6.9838979128758725,8.321280667340186,8.321386940036742
262.46000000000004,7.0014389319355,7.0016607114611915,8.340924901550517,8.34102578589753
263.665,7.019168603312326,7.019391041223056,8.360518560684248,8.360614139502932
264.87,7.03686594889068,7.037089103367436,8.380062004721673,8.380152360685008
266.075,7.054531167598327,7.05475509680078,8.399555589541825,8.399640805149797
267.28000000000003,7.0721644561333115,7.072389218167219,8.418999666985727,8.419079824541646
268.485,7.089766008999376,7.089991661885237,8.438394584918596,8.438469766506248
269.69,7.107336018540444,7.107562620183372,8.457740687290787,8.457810974752533
270.89500000000004,7.124874674974546,7.12510228313534,8.477038314197605,8.477103789113363
272.1,7.142382166426992,7.142610838694274,8.496287801937964,8.496348545605025
273.305,7.159858678962861,7.160088472726475,8.515489483071937,8.515545576485684
274.51,7.177304396618888,7.177535369044219,8.534643686477288,8.534695210312632
275.71500000000003,7.1947195014347205,7.194951709438158,8.553750737404876,8.553797771998592
276.92,7.212104173483446,7.212337673708857,8.572810957533006,8.572853582866788
278.125,7.229458590901689,7.229693439697845,8.59182466502087,8.591862960705146
279.33000000000004,7.246782929918938,7.24701918331796,8.61079217456091,8.61082621981942
280.535,7.264077364886479,7.264315078583117,8.629713797430238,8.629743671085283
281.74,7.281342068305552,7.281581297637496,8.648589841541094,8.648615621999506
282.945,7.298577210855206,7.298818010784156,8.667420611490423,8.667442376730236
284.15000000000003,7.315782961419387,7.316025386513034,8.686206408608498,8.686224236166215
285.355,7.332959487113689,7.333203591528495,8.70494753100669,8.70496149796518
286.56,7.350106953311447,7.350352790776271,8.723644273624299,8.723654456601427
287.76500000000004,7.367225523669463,7.36747314746988,8.742296928274662,8.742303403412373
288.97,7.3843153601531375,7.384564823116574,8.760905783690298,8.760908626644367
290.175,7.401376623061184,7.40162797754276,8.779471125567328,8.779470411497625
291.38,7.418409471049875,7.418662768918957,8.797993236609013,8.797989040170396
292.58500000000004,7.435414061156837,7.435669353784255,8.81647239656867,8.816464791902279
293.79,7.452390548824361,7.452647887070299,8.834908882291593,8.834897943016774
294.995,7.469339087922361,7.469598522124898,8.853302967756438,8.853288766963097
296.20000000000005,7.486259830770803,7.486521410735087,8.871654924115774,8.871637534357223
297.40500000000003,7.50315292816186,7.503416703149793,8.889965019735897,8.889944513022186
298.61,7.520018529381501,7.520284548102155,8.908233520236031,8.90820996802768
299.815,7.5368567822308385,7.537125092831301,8.926460688526738,8.926434161728977
301.02000000000004,7.5536678330469895,7.553938483103822,8.944646784847766,8.944617353805112
302.225,7.570451826723568,7.5707248632347985,8.962792066805115,8.962759801296416
303.43,7.58720890673088,7.587484376108463,8.98089678940755,8.980861758641415
304.635,7.603939215135719,7.604217163198482,8.998961205102479,8.998923477713037
305.84000000000003,7.620642892620733,7.620923364587903,9.016985563811136,9.0169452078542
307.045,7.637320078503556,7.63760311898862,9.034970112963231,9.034927195912834
308.25,7.6539709107556035,7.654256563760672,9.052915097530978,9.052869686276214
309.45500000000004,7.670595526020402,7.670883834931039,9.070820760062553,9.07077292090475
310.66,7.68719405963178,7.687485067212174,9.088687340714952,9.088637139365163
311.865,7.703766645631605,7.704060394020196,9.106515077286325,9.106462578863143
313.07,7.7203134167872385,7.720609947492766,9.124304205247725,9.124249474275391
314.27500000000003,7.736834504608803,7.737133858506609,9.142054957774393,9.14199805818114
315.48,7.753330039365952,7.753632256694787,9.159767565776383,9.159708560893137
316.685,7.7698001501044995,7.770105270463601,9.177442257928847,9.17738121048808
317.89000000000004,7.786244964662769,7.786553027009272,9.195079260701643,9.195016232836625
319.095,7.802664609687538,7.802975652334307,9.212678798388573,9.212613851632717
320.3,7.81905921064987,7.8193732712634825,9.230241093136083,9.23017428842261
321.505,7.835428891860552,7.835746007459762,9.247766364971465,9.247697762633308
322.71000000000004,7.851773776485333,7.852093983439717,9.26525483183065,9.2651844916005
323.915,7.868093986559932,7.868417320588864,9.282706709585497,9.282634690596156
325.12,7.884389643004708,7.884716139176573,9.300122212070667,9.300048572855491
326.32500000000005,7.900660865639175,7.900990558370885,9.317501551110007,9.317426349603645
327.53000000000003,7.916907773196252,7.917240696252989,9.33484493654258,9.334768230081824
328.735,7.933130483336187,7.933466669831427,9.352152576248185,9.35207442157304
329.94,7.9493291126604415,7.949668595056178,9.369424676172539,9.369345129427431
331.14500000000004,7.96550377672518,7.965846586832326,9.38666144035199,9.386580557087171
332.35,7.981654590054554,7.982000759033733,9.40386307093789,9.403780906110972
333.555,7.9977816661539025,7.99813122451625,9.421029768220496,9.420946376198186
334.76,8.013885117522602,8.01423809513089,9.438161730652606,9.438077165212459
335.96500000000003,8.029965055666732,8.03032148173668,9.455259154872698,9.455173469205192
337.17,8.046021591111607,8.046381494213298,9.47232223572776,9.472235482438323
338.375,8.062054833414011,8.062418241473631,9.489351166295762,9.489263397407077
339.58000000000004,8.078064891174364,8.078431831475937,9.506346137907757,9.506257404862062
340.785,8.094051872048514,8.094422371235968,9.523307340169634,9.52321769383121
341.99,8.110015882759559,8.110389966838834,9.540234960983508,9.540144451641266
343.195,8.125957029109255,8.126334723450638,9.557129186568824,9.557037863939014
344.40000000000003,8.141875415989436,8.14225674533002,9.573990201483124,9.573898114712055
345.605,8.157771147393161,8.1581561358394,9.590818188642409,9.59072538630939
346.81,8.1736443264257,8.174032997456171,9.60761332934129,9.6075198594616
348.01500000000004,8.189495055315321,8.18988743178358,9.624375803272777,9.624281713300691
349.22,8.205323435423995,8.205719539561535,9.641105788547755,9.641011125379695
350.425,8.221129567257845,8.221529420677232,9.657803461714199,9.657708271691979
351.63,8.236913550477471,8.237317174175526,9.674468997776032,9.674373326690123
352.83500000000004,8.252675483908135,8.253082898269264,9.691102570211768,9.691006463304674
354.04,8.268415465549744,8.268826690349362,9.707704350992785,9.7076078529625
355.245,8.284133592586706,8.284548646994796,9.724274510601427,9.7241776656049
356.45000000000005,8.299829961397709,8.300248863982365,9.740813218048721,9.740716069705435
357.65500000000003,8.315504667565143,8.315927436296356,9.757320640891914,9.757223232287474
358.86,8.33115780588466,8.331584458138039,9.773796945251695,9.773699318941508
360.065,8.346789470374327,8.347220022935039,9.790242295829172,9.790144493842167
361.27000000000004,8.362399754283883,8.362834223350529,9.806656855922569,9.806558919764981
362.475,8.377988750103583,8.37842715129229,9.823040787443766,9.8229427581029
363.68,8.393556549573223,8.393998897921692,9.839394250934463,9.839296168882589
364.88500000000005,8.40910324369074,8.409549553662444,9.855717405582192,9.855619310780405
366.09000000000003,8.424628922720911,8.425079208209265,9.872010409236054,9.871912341138245
367.295,8.440133676203764,8.440587950536449,9.888273418422289,9.888175415979052
368.5,8.45561759296295,8.45607586890624,9.90450658835947,9.904408690022153
369.70500000000004,8.471080761113997,8.4715430508771,9.920710072973666,9.920612316698337
370.91,8.486523268072377,8.486989583311951,9.936884024913217,9.936786448164755
372.115,8.501945200561495,8.502415552386072,9.95302859556339,9.952931235319562
373.32000000000005,8.517346644620627,8.517821043595161,9.96914393506082,9.969046827816339
374.52500000000003,8.53272768561259,8.533206141763014,9.98523019230763,9.985133374078345
375.73,8.548088408231457,8.548570931049296,10.001287514985545,10.001191021312517
376.935,8.563428896510066,8.563915494957092,10.017316049569613,10.0172199155233
378.14000000000004,8.578749233827448,8.579239916340306,10.033315941341826,10.033220201526257
379.345,8.594049502916162,8.594544277411131,10.049287334404521,10.049192022961472
380.55,8.609329785869518,8.609828659747192,10.065230371693634,10.065135522306829
381.755,8.62459016414866,8.625093144298726,10.081145194991647,10.08105084089097
382.96000000000004,8.63983071858962,8.640337811395652,10.097031944940538,10.096938118906229
384.165,8.655051529410212,8.65556274075446,10.112890761054283,10.11279749542123
385.37,8.670252676216867,8.670768011485052,10.128721781731514,10.128629108393387
386.57500000000005,8.685434238011325,8.685953702097516,10.144525144267714,10.144433094681288
387.78000000000003,8.700596293197316,8.701119890508746,10.160300984867366,10.16020959005668
388.985,8.715738919587046,8.71626665404901,10.176049438655921,10.17595872921659
390.19,8.730862194407646,8.731394069468356,10.191770639691612,10.191680645795032
391.39500000000004,8.74596619430758,8.746502212943064,10.207464720977043,10.207375472374647
392.6,8.761050995362861,8.761591160081833,10.223131814470726,10.223043340498183
393.805,8.776116673083223,8.776660985932017,10.2387720510983,10.238684380679807
395.01000000000005,8.791163302418276,8.791711764985743,10.254385560763746,10.254298722416252
396.21500000000003,8.806190957763476,8.806743571185871,10.269972472360422,10.269886494197797
397.42,8.821199712966067,8.821756477931977,10.28553291378181,10.285447823519132
398.625,8.836189641330899,8.83675055808617,10.301067011932286,10.30098283689005
399.83000000000004,8.851160815626274,8.85172588397889,10.316574892737702,10.316491659845994
401.035,8.866113308089558,8.866682527414579,10.332056681155738,10.33197441695845
402.24,8.881047190432845,8.881620559677273,10.347512501186173,10.347431231845194
403.44500000000005,8.895962533848484,8.896540051536197,10.362942475881098,10.36286222718048
404.65000000000003,8.91085940901452,8.911441073251181,10.378346727354792,10.37826752470496
405.855,8.92573788610015,8.92632369457803,10.393725376793682,10.39364724523553
407.06,8.940598034770941,8.94118798477386,10.409078544466022,10.40900150867512
408.26500000000004,8.955439924194181,8.956034012602357,10.42440634973152,10.424330434022197
409.47,8.970263623044005,8.970861846338915,10.439708911050772,10.439634139380244
410.675,8.985069199506501,8.98567155377572,10.454986345994632,10.454912741967117
411.88,8.999856721284798,9.000463202226832,10.470238771253443,10.470166358124237
413.08500000000004,9.014626255603986,9.015236858533134,10.485466302646119,10.485395103325668
414.29,9.029377869216033,9.02999258906716,10.500669055129103,10.500599092187068
415.495,9.044111628404705,9.044730459738037,10.515847142805285,10.515778438474577
416.70000000000005,9.058827598990266,9.059450535996188,10.531000678932678,10.530933255113473
417.90500000000003,9.073525846334206,9.07415288283803,10.546129775933116,10.54606365419687
419.11,9.08820643534397,9.088837564810653,10.561234545400733,10.561169746994132
420.315,9.102869430477483,9.103504646016392,10.576315098110346,10.576251643959353
421.52000000000004,9.117514895747703,9.1181541901173,10.591371544025819,10.591309454739525
422.725,9.132142894727169,9.132786260339707,10.606403992308195,10.606343288182817
423.93,9.146753490552307,9.147400919478512,10.62141255132384,10.621353252346587
425.13500000000005,9.161346745927917,9.16199822990163,10.636397328652325,10.636339454505329
426.34000000000003,9.175922723131414,9.176578253554235,10.651358431094444,10.651302001158575
427.545,9.190481484017067,9.191141051962951,10.66629596467984,10.666240998038596
428.75,9.205023090020282,9.20568668624015,10.681210034674827,10.681156550118143
429.95500000000004,9.21954760216166,9.220215217087938,10.696100745589849,10.696048761617913
431.16,9.23405508105119,9.234726704802354,10.710968201187065,10.710917736014054
432.365,9.248545586892194,9.24922120927732,10.725812504487669,10.72576357604558
433.57000000000005,9.263019179485376,9.263698790008611,10.740633757779216,10.740586383721551
434.77500000000003,9.277475918232764,9.278159506097804,10.755432062622827,10.755386260328322
435.98,9.291915862141591,9.292603416256128,10.770207519860286,10.770163306436608
437.185,9.306339069828152,9.307030578808305,10.78496022962111,10.78491762190852
438.39000000000004,9.32074559952159,9.321441051696308,10.799690291329433,10.799649305904435
439.595,9.33513550906766,9.335834892483058,10.81439780371089,10.814358456889838
440.8,9.34950885593241,9.350212158356156,10.829082864799355,10.829045172642097
442.00500000000005,9.363865697205858,9.364572906131524,10.84374557194369,10.843709550257085
443.21000000000004,9.378206089605634,9.378917192256864,10.858386021814258,10.858351686155757
444.415,9.392530089480461,9.393245072815393,10.873004310409495,10.872971676090671
445.62,9.40683775281379,9.4075566035292,10.887600533062363,10.887569615152378
446.82500000000005,9.42112913522718,9.421851839762732,10.902174784446622,10.902145597775782
448.03000000000003,9.435404291983835,9.43613083652624,10.91672715858325,10.916699717746361
449.235,9.449663277991899,9.450393648479128,10.931257748846534,10.931232068206398
450.44000000000005,9.46390614780791,9.46464032993326,10.94576664797024,10.945742741661038
451.64500000000004,9.478132955640051,9.478870934856287,10.960253948053666,10.960231829984348
452.85,9.492343755351445,9.493085516874858,10.974719740567663,10.974699424425282
454.055,9.506538600463388,9.507284129277881,10.989164116360477,10.989145615613516
455.26000000000005,9.520717544158575,9.521466825019619,11.003587165663642,11.003570493565348
456.46500000000003,9.534880639284204,9.535633656722876,11.017988978097708,11.017974147689358
457.67,9.549027938355142,9.549784676682071,11.032369642677986,11.03235666679214
458.875,9.563159493557,9.563919936866295,11.046729247820153,11.046718139083863
460.08000000000004,9.577275356749155,9.578039488922338,11.061067881345837,11.061058652183874
461.285,9.591375579467831,9.592143384177634,11.075385630488077,11.075378293126123
462.49,9.605460212928957,9.60623167364328,11.089682581896792,11.089677148364558
463.69500000000005,9.619529308031227,9.620304408016867,11.103958821644172,11.103955303778553
464.90000000000003,9.633582915358918,9.634361637685407,11.118214435229905,11.118212844678085
466.105,9.647621085184849,9.648403412728157,11.132449507586518,11.132449855809012
467.31,9.661643867473096,9.662429782919437,11.146664123084493,11.146666421358246
468.51500000000004,9.67565131188195,9.67644079773142,11.160858365537424,11.160862624958803
469.72,9.68964346776653,9.69043650633681,11.175032318207052,11.175038549694879
470.925,9.703620384181683,9.704416957611642,11.189186063808298,11.189194278106795
472.13000000000005,9.717582109884527,9.7183822001379,11.203319684514184,11.203329892195955
473.33500000000004,9.731528693337266,9.732332282206169,11.217433261960746,11.217445473429677
474.54,9.74546018270977,9.746267251818304,11.231526877251863,11.23154110274604
475.745,9.759376625882183,9.760187156689923,11.24560061096398,11.24561686055856
476.95000000000005,9.77327807044755,9.774092044253054,11.259654543150921,11.259672826760994
478.15500000000003,9.78716456371434,9.787981961658598,11.273688753348504,11.273709080731905
479.36,9.801036152708964,9.801856955778888,11.287703320579123,11.287725701339246
480.56500000000005,9.814892884178327,9.815717073210095,11.301698323356407,11.301722766944966
481.77000000000004,9.828734804592209,9.829562360274679,11.315673839689621,11.315700355409419
482.975,9.842561960145812,9.843392863023839,11.329629947088215,11.32965854409585
484.18,9.85637439676207,9.857208627239885,11.343566722566162,11.343597409874784
485.38500000000005,9.870172160094121,9.87100969843854,11.357484242646354,11.35751702912826
486.59000000000003,9.883955295527592,9.884796121871355,11.371382583364925,11.371417477754292
487.795,9.897723848183016,9.898567942527956,11.385261820275467,11.385298831170921
489.0,9.911477862918034,9.912325205138329,11.399122028453295,11.399161164320546
490.20500000000004,9.925217384329766,9.926067954175089,11.412963282499566,11.413004551673994
491.41,9.938942456757033,9.939796233855692,11.42678565654544,11.426829067234623
492.615,9.952653124282573,9.953510088144657,11.440589224256097,11.440634784542395
493.82000000000005,9.96634943073526,9.967209560755713,11.454374058834865,11.454421776677862
495.02500000000003,9.980031419692292,9.98089469515395,11.468140233027102,11.468190116266126
496.23,9.993699134481338,9.994565534557982,11.48188781912417,11.481939875480784
497.435,10.007352618182647,10.008222121942046,11.495616888967364,11.49567112604775
498.64000000000004,10.020991913631223,10.021864500038044,11.509327513951739,11.509383939249132
499.845,10.034617063418844,10.035492711337627,11.523019765029924,11.523078385927002
501.05,10.048228109896156,10.049106798094233,11.536693712715895,11.536754536487145
502.25500000000005,10.061825095174715,10.062706802325094,11.550349427088701,11.550412460902768
503.46000000000004,10.075408061128977,10.076292765813252,11.563986977796137,11.564052228718147
504.665,10.088977049398352,10.089864730109452,11.577606434058445,11.577673909052288
505.87,10.1025321013891,10.103422736534185,11.591207864671876,11.591277570602493
507.07500000000005,10.11607325827637,10.116966826179553,11.604791338012282,11.604863281647873
508.28000000000003,10.129600561006058,10.13049703991119,11.618356922038602,11.618431110052963
509.485,10.143114050296752,10.144013418370138,11.63190468429643,11.631981123271043
510.69000000000005,10.156613766641643,10.157516001974734,11.645434691921446,11.645513388347698
511.89500000000004,10.170099750310335,10.171004830922431,11.658947011642779,11.659027971924171
513.1,10.183572041350752,10.184479945191626,11.672441709786474,11.672524940240676
514.3050000000001,10.197030679590958,10.19794138454346,11.685918852278787,11.686004359139845
515.51,10.210475704640936,10.2113891885236,11.699378504649493,11.699466294069868
516.715,10.223907155894418,10.224823396464048,11.712820732035212,11.712910810087852
517.9200000000001,10.237325072530629,10.238244047484818,11.726245599182588,11.726337971862991
519.125,10.25072949351607,10.251651180495713,11.739653170451565,11.739747843679805
520.33,10.264120457606207,10.26504483419799,11.753043509818461,11.753140489441224
521.5350000000001,10.277498003347246,10.278425047086111,11.766416680879216,11.766515972671751
522.74,10.29086216907777,10.291791857449372,11.77977274685244,11.779874356520533
523.945,10.3042129929305,10.30514530337356,11.79311177058252,11.793215703764426
525.15,10.31755051283384,10.318485422742615,11.806433814542594,11.806540076811
526.355,10.33087476651367,10.331812253240225,11.819738940837654,11.819847537701555
527.5600000000001,10.344185791494837,10.34512583235144,11.833027211207469,11.833138148114058
528.765,10.357483625102864,10.358426197364267,11.846298687029577,11.846411969366047
529.97,10.370768304465482,10.371713385371226,11.859553429322128,11.859669062417622
531.1750000000001,10.38403986651426,10.384987433270897,11.872791498746855,11.872909487874214
532.38,10.397298347986117,10.398248377769503,11.88601295561188,11.88613330598945
533.585,10.410543785424931,10.41149625538236,11.899217859874584,11.899340576668019
534.7900000000001,10.42377621518295,10.42473110243545,11.912406271144382,11.912531359468359
535.995,10.436995673422478,10.437952955066866,11.92557824868547,11.925705713605495
537.2,10.450202196117248,10.451161849228296,11.938733851419647,11.93886369795371
538.4050000000001,10.463395819053895,10.464357820686503,11.951873137928926,11.952005371049257
539.61,10.476576577833535,10.477540905024737,11.964996166458342,11.965130791093046
540.815,10.48974450787311,10.490711137644215,11.978102994918483,11.978240015953235
542.02,10.502899644406893,10.50386855376546,11.991193680888268,11.991333103167918
543.225,10.516042022487875,10.5170131884298,12.004268281617403,12.004410109947678
544.4300000000001,10.529171676989169,10.530145076500622,12.017326854029076,12.0174710931781
545.635,10.542288642605435,10.543264252664898,12.03036945472249,12.030516109422384
546.84,10.555392953854275,10.556370751434418,12.043396139975332,12.04354521492384
548.0450000000001,10.568484645077515,10.569464607147202,12.056406965746364,12.056558465608358
549.25,10.581563750442685,10.582545853968806,12.069401987677853,12.069555917086848
550.455,10.59463030394423,10.595614525893641,12.082381261098035,12.082537624657718
551.6600000000001,10.607684339404916,10.608670656746288,12.095344841023515,12.095503643309291
552.865,10.620725890477157,10.62171428018279,12.108292782161762,12.108454027722138
554.07,10.633754990644228,10.634745429691893,12.121225138913399,12.121388832271515
555.275,10.646771673221627,10.647764138596362,12.134141965374607,12.134308111029643
556.48,10.659775971358354,10.660770440054213,12.147043315339456,12.147211917768061
557.6850000000001,10.672767918038112,10.67376436705995,12.159929242302232,12.160100305959928
558.89,10.68574754608061,10.686745952445776,12.172799799459666,12.172973328782263
560.095,10.698714888142769,10.69971522888286,12.18565503971329,12.185831039118234
561.3000000000001,10.71166997671995,10.712672228882491,12.19849501567164,12.198673489559347
562.505,10.724612844147224,10.72561698479728,12.211319779652474,12.211500732407721
563.71,10.737543522600468,10.738549528822372,12.224129383684973,12.224312819678183
564.9150000000001,10.750462044097631,10.75146989299656,12.236923879511957,12.237109803100479
566.12,10.7633684404999,10.764378109203498,12.249703318591997,12.249891734121471
567.325,10.776262743512838,10.777274209172806,12.26246775210159,12.262658663907144
568.5300000000001,10.78914498468761,10.790158224481225,12.27521723093728,12.275410643344827
569.735,10.802015195421982,10.803030186553721,12.287951805717706,12.288147723045173
570.94,10.814873406961645,10.815890126664652,12.30067152678579,12.300869953344318
572.145,10.827719650401162,10.828738075938782,12.313376444210643,12.313577384305837
573.35,10.8405539566852,10.841574065352436,12.326066607789743,12.326270065722822
574.5550000000001,10.85337635660954,10.85439812573458,12.33874206705085,12.33894804711988
575.76,10.866186880822282,10.867210287767866,12.35140287125412,12.35161137775508
576.965,10.878985559824772,10.880010581989685,12.364049069393952,12.364260106621996
578.1700000000001,10.891772423972807,10.892799038793255,12.376680710201077,12.376894282451556
579.375,10.904547503477602,10.905575688428634,12.389297842144392,12.38951395371405
580.58,10.917310828406912,10.918340561003733,12.40190051343298,12.40211916862101
581.7850000000001,10.930062428686016,10.931093686485397,12.414488772017974,12.414709975127103
582.99,10.942802334098738,10.943835094700342,12.427062665594402,12.427286420931994
584.195,10.955530574288519,10.956564815336211,12.439622241603193,12.439848553482241
585.4000000000001,10.968247178759395,10.969282877942524,12.452167547232856,12.452396419973121
586.605,10.98095217687699,10.981989311931695,12.464698629421445,12.46493006735042
587.8100000000001,10.99364559786954,10.994684146579981,12.477215534858388,12.477449542312261
589.015,11.006327470828808,11.007367411028458,12.489718309986175,12.489954891310932
590.22,11.018997824711118,11.020039134283962,12.502207001002235,12.5024461605546
591.4250000000001,11.031656688338314,11.03269934522005,12.514681653860709,12.514923396009078
592.63,11.044304090398683,11.045348072577932,12.527142314274137,12.527386643399607
593.835,11.056940059447907,11.057985344967394,12.539589027715293,12.539835948212549
595.0400000000001,11.069564623910011,11.070611190867707,12.55202183941882,12.552271355697059
596.245,11.082177812078298,11.083225638628566,12.56444079438298,12.56469291086689
597.45,11.094779652116237,11.09582871647097,12.576845937371317,12.577100658501921
598.6550000000001,11.107370172058422,11.108420452488138,12.589237312914387,12.589494643149933
599.86,11.119949399811407,11.121000874646326,12.601614965311326,12.601874909128219
601.065,11.132517363154658,11.133570010785817,12.613978938631593,12.614241500525203
602.27,11.145074089741408,11.146127888621695,12.626329276716547,12.626594461202087
603.475,11.157619607099555,11.158674535744773,12.638666023181061,12.638933834794406
604.6800000000001,11.170153942632504,11.171209979622375,12.65098922141512,12.651259664713674
605.885,11.182677123620072,11.183734247599242,12.663298914585464,12.663571994148892
607.09,11.195189177219278,11.196247366898348,12.675595145637065,12.675870866068184
608.2950000000001,11.207690130465247,11.208749364621736,12.687877957294747,12.688156323220278
609.5,11.22018001027203,11.22124026775132,12.700147392064732,12.700428408136066
610.705,11.232658843433397,11.233720103149745,12.71240349223614,12.712687163130102
611.9100000000001,11.245126656623755,11.246188897561126,12.724646299882558,12.724932630302167
613.115,11.25758347639883,11.258646677611933,12.736875856863428,12.737164851538651
614.32,11.270029329196602,11.2710934698117,12.749092204825663,12.74938386851414
615.5250000000001,11.282464241338014,11.283529300553873,12.761295385205084,12.761589722692811
616.73,11.294888239027834,11.295954196116584,12.773485439227844,12.773782455329922
617.9350000000001,11.307301348355386,11.308368182663365,12.785662407911925,12.785962107473225
619.14,11.319703595295366,11.320771286243989,12.797826332068512,12.798128719964405
620.345,11.332095005708604,11.333163532795176,12.809977252303534,12.810282333440467
621.5500000000001,11.344475605342819,11.345544948141375,12.822115209018941,12.822422988335202
622.755,11.3568454198334,11.357915557995494,12.834240242414168,12.834550724880511
623.96,11.36920447470413,11.37027538795963,12.846352392487587,12.846665583107796
625.1650000000001,11.381552795367966,11.38262446352584,12.85845169903776,12.85876760284935
626.37,11.393890407127744,11.394962810076814,12.870538201664827,12.870856823739683
627.575,11.406217335176944,11.40729045288663,12.882611939771971,12.882933285216872
628.7800000000001,11.418533604600366,11.419607417121428,12.8946729525666,12.894997026523894
629.985,11.430839240374924,11.431913727840204,12.9067212790618,12.907048086709949
631.19,11.443134267370286,11.444209409995395,12.918756958077582,12.91908650463173
632.395,11.45541871034964,11.456494488433655,12.930780028242205,12.931112318954765
633.6,11.467692593970346,11.468768987896505,12.942790527993475,12.94312556815468
634.8050000000001,11.47995594278466,11.48103293302103,12.954788495580017,12.955126290518482
636.01,11.492208781240427,11.493286348340567,12.966773969062567,12.967114524145785
637.215,11.504451133681727,11.505529258285332,12.978746986315205,12.979090306950102
638.4200000000001,11.51668302434959,11.517761687183137,12.99070758502664,12.991053676660075
639.625,11.528904477382673,11.529983659260012,13.002655802701407,13.003004670820713
640.83,11.54111551681789,11.542195198640865,13.014591676661148,13.014943326794565
642.0350000000001,11.553316166591078,11.554396329350167,13.026515244045761,13.026869681762992
643.24,11.565506450537672,11.566587075312503,13.038426541814674,13.038783772727335
644.445,11.577686392393366,11.578767460353317,13.05032560674801,13.050685636510096
645.6500000000001,11.58985601579468,11.5909375081995,13.062212475447776,13.06257530975612
646.855,11.602015344279692,11.603097242479944,13.074087184339062,13.07445282893378
648.0600000000001,11.614164401288619,11.6152466867263,13.085949769671185,13.086318230336142
649.265,11.626303210164423,11.627385864373476,13.097800267518833,13.09817155008205
650.47,11.638431794153503,11.63951479876032,13.109638713783273,13.110012824117376
651.6750000000001,11.650550176406238,11.651633513130166,13.121465144193417,13.121842088216038
652.88,11.662658379977643,11.663742030631466,13.133279594307002,13.133659377981177
654.085,11.674756427827942,11.67584037431841,13.145082099511685,13.145464728846278
655.2900000000001,11.686844342823216,11.687928567151445,13.156872695026179,13.157258176076258
656.495,11.698922147735919,11.700006631997951,13.168651415901305,13.169039754768514
657.7,11.710989865245569,11.712074591632717,13.180418297021152,13.180809499854112
658.9050000000001,11.72304751793925,11.724132468738619,13.192173373104088,13.19256744609873
660.11,11.735095128312212,11.73618028590708,13.203916678703875,13.204313628103815
661.315,11.747132718768505,11.748218065638753,13.215648248210755,13.216048080307635
662.52,11.759160311621454,11.760245830344015,13.227368115852444,13.227770836986322
663.725,11.771177929094284,11.772263602343482,13.23907631569523,13.239481932254849
664.9300000000001,11.783185593320699,11.784271403868669,13.250772881645023,13.251181400068118
666.135,11.79518332634536,11.796269257062455,13.2624578474483,13.262869274222014
667.34,11.807171150124562,11.808257183979642,13.274131246693234,13.27454558835435
668.5450000000001,11.81914908652661,11.820235206587496,13.285793112810628,13.286210375945915
669.75,11.831117157332539,11.832203346766294,13.297443479074989,13.297863670321439
670.955,11.843075384236512,11.844161626309852,13.309082378605453,13.309505504650643
672.1600000000001,11.85502378884647,11.856110066925977,13.320709844366807,13.321135911949142
673.365,11.866962392684567,11.868048690237135,13.332325909170512,13.332754925079499
674.57,11.878891217187732,11.879977517780826,13.343930605675592,13.344362576752102
675.7750000000001,11.890810283708204,11.891896571010163,13.355523966389676,13.355958899526232
676.98,11.902719613514046,11.903805871294376,13.367106023669894,13.367543925810896
678.1850000000001,11.914619227789625,11.915705439919297,13.378676809723894,13.379117687865861
679.39,11.926509147636144,11.927595298087871,13.390236356610707,13.390680217802538
680.595,11.938389394072157,11.93947546692065,13.401784696241737,13.402231547584941
681.8000000000001,11.950259988034045,11.951345967456295,13.413321860381672,13.413771709030595
683.005,11.962120950376548,11.963206820652031,13.424847880649393,13.425300733811426
684.21,11.973972301873204,11.975058047384188,13.436362788518942,13.436818653454702
685.4150000000001,11.985814063216866,11.986899668448592,13.447866615320315,13.448325499343927
686.62,11.99764625502021,11.99873170456113,13.459359392240454,13.459821302719718
687.825,12.009468897816161,12.010554176358198,13.470841150324125,13.47130609468068
689.0300000000001,12.021282012058427,12.022367104397116,13.4823119204748,13.482779906184316
690.235,12.033085618121941,12.03417050915668,13.493771733455445,13.494242768047874
691.44,12.044879736303304,12.045964411037529,13.50522061988958,13.505694710949214
692.6450000000001,12.056664386821309,12.05774883036268,13.516658610261922,13.51713576542769
693.85,12.06843958981733,12.069523787377948,13.52808573491941,13.528565961884942
695.0550000000001,12.080205365355907,12.0812893022524,13.53950202407197,13.539985330585802
696.26,12.091961733425016,12.093045395078791,13.550907507793363,13.551393901659079
697.465,12.10370871393669,12.104792085874024,13.562302216022093,13.562791705098446
698.6700000000001,12.115446326727348,12.11652939457957,13.573686178562127,13.574178770763224
699.875,12.12717459155831,12.128257341061943,13.585059425083779,13.585555128379198
701.08,12.138893528116201,12.139975945113074,13.596421985124534,13.596920807539432
702.2850000000001,12.150603156013396,12.151685226450812,13.607773888089852,13.608275837705111
703.49,12.162303494788473,12.163385204719251,13.619115163253948,13.61962024820628
704.695,12.173994563906588,12.17507589948929,13.630445839760608,13.630954068242692
705.9000000000001,12.18567638275998,12.186757330258882,13.641765946623991,13.642277326884528
707.105,12.197348970668315,12.198429516453624,13.653075512729373,13.653590053073254
708.3100000000001,12.209012346879145,12.210092477427036,13.664374566834002,13.664892275622373
709.515,12.22066653056838,12.221746232461053,13.675663137567806,13.676184023218108
710.72,12.232311540840545,12.233390800766387,13.686941253434142,13.687465324420328
711.9250000000001,12.24394739672936,12.245026201482952,13.69820894281067,13.698736207663131
713.13,12.255574117198059,12.256652453680223,13.70946623394998,13.709996701255742
714.335,12.267191721139776,12.26826957635773,13.720713154980391,13.721246833383146
715.5400000000001,12.278800227377996,12.27987758844533,13.731949733906761,13.732486632106902
716.745,12.290399654666984,12.2914765088037,13.743175998611113,13.743716125365843
717.95,12.301990021692056,12.303066356224654,13.754391976853448,13.754935340976813
719.1550000000001,12.313571347070063,12.314647149431558,13.765597696272414,13.766144306635367
720.36,12.325143649349785,12.326218907079731,13.776793184386094,13.777343049916546
721.565,12.33670694701227,12.33778164775679,13.787978468592687,13.78853159827553
722.7700000000001,12.348261258471249,12.349335389983057,13.799153576171207,13.79970997904837
723.975,12.359806602073514,12.36088015221188,13.810318534282212,13.810878219452682
725.1800000000001,12.371342996099234,12.372415952830076,13.821473369968484,13.822036346588366
726.385,12.382870458762435,12.383942810158258,13.832618110155748,13.833184387438259
727.59,12.394389008211304,12.395460742451203,13.84375278165335,13.844322368868847
728.7950000000001,12.405898662528541,12.406969767898213,13.85487741115492,13.855450317630948
730.0,12.417399439731797,12.418469904623484,13.86599202523911,13.86656826036038
