check,tau_days,S_over_K,closed_form,independent_numerical,abs_diff
BS closed form vs quadrature,7.0,0.7,5.340014043373744e-39,0.0,5.340014043373744e-39
BS closed form vs quadrature,7.0,0.85,9.1203509646662e-10,1.8380542463250748e-09,9.260191498584547e-10
BS closed form vs quadrature,7.0,1.0,1.104914741549372,1.10491474158536,3.598787934322445e-11
BS closed form vs quadrature,7.0,1.15,15.000000123876447,15.0000001282954,4.418952315177194e-09
BS closed form vs quadrature,7.0,1.3,30.0,30.000000000000007,7.105427357601002e-15
BS closed form vs quadrature,30.0,0.7,1.8217067693027457e-10,6.419273906909186e-11,1.179779378611827e-10
BS closed form vs quadrature,30.0,0.85,0.0035815294822561794,0.003581530513705206,1.0314490264499987e-09
BS closed form vs quadrature,30.0,1.0,2.2871506280449694,2.2871506234515473,4.593422087140198e-09
BS closed form vs quadrature,30.0,1.15,15.014926239067293,15.014926300232208,6.116491491070519e-08
BS closed form vs quadrature,30.0,1.3,30.000003123294633,30.000003119647968,3.64666519203638e-09
BS closed form vs quadrature,90.0,0.7,0.0003361205075908275,0.00033612037893357346,1.2865725406699044e-10
BS closed form vs quadrature,90.0,0.85,0.1950081746647836,0.19500817464921905,1.5564549649127457e-11
BS closed form vs quadrature,90.0,1.0,3.960376146988459,3.960376147035673,4.721423252362911e-11
BS closed form vs quadrature,90.0,1.15,15.383954661376706,15.383954661036002,3.4070346544012864e-10
BS closed form vs quadrature,90.0,1.3,30.014484443390003,30.014484444405284,1.015280304272892e-09
BS closed form vs quadrature,180.0,0.7,0.020778957461315806,0.020778957462168172,8.5236678826206e-13
BS closed form vs quadrature,180.0,0.85,0.7913775374894669,0.7913775374912039,1.7369439220260574e-12
BS closed form vs quadrature,180.0,1.0,5.598517560585421,5.598517567315993,6.730571655566564e-09
BS closed form vs quadrature,180.0,1.15,16.264619602185505,16.264619603874117,1.6886119169612357e-09
BS closed form vs quadrature,180.0,1.3,30.19190302318529,30.191903023477558,2.92267543500202e-10
BS closed form vs quadrature,365.0,0.7,0.24810989689244956,0.24810989691151908,1.9069523737869076e-11
BS closed form vs quadrature,365.0,0.85,2.161318033422141,2.1613180333983264,2.3814727967419458e-11
BS closed form vs quadrature,365.0,1.0,7.965567455405804,7.965567456358976,9.531717637401016e-10
BS closed form vs quadrature,365.0,1.15,18.061945659744495,18.061945680345953,2.060145831705995e-08
BS closed form vs quadrature,365.0,1.3,31.0088716159686,31.008871629372976,1.3404374499259575e-08
BS closed form vs quadrature,730.0,0.7,1.1617946343358057,1.1617946342574559,7.834977111542685e-11
BS closed form vs quadrature,730.0,0.85,4.558704081543201,4.55870408170339,1.6018919524185549e-10
BS closed form vs quadrature,730.0,1.0,11.246291601828489,11.246291602272025,4.4353676287300914e-10
BS closed form vs quadrature,730.0,1.15,21.02388313394301,21.02388313557038,1.6273702385660727e-09
BS closed form vs quadrature,730.0,1.3,33.05923877702722,33.05923877797477,9.475513707002392e-10
