scenario,model,tau_short_d,tau_long_d,points,min_gap,mean_gap,monotone_increasing_in_tau
FAST_HEAVY,BS20,7.0,30.0,601,1.2527185730057986e-19,0.15759134456235613,True
FAST_HEAVY,BS20,30.0,90.0,601,1.8836495728235047e-07,0.4129364690025359,True
FAST_HEAVY,BS20,90.0,180.0,601,0.00036469360970501377,0.6209995201584486,True
FAST_HEAVY,BS20,180.0,365.0,601,0.025746929932578193,1.2415920309605766,True
FAST_HEAVY,BS20,365.0,730.0,601,0.27958167200557754,2.218862703715148,True
FAST_HEAVY,SH,7.0,30.0,601,-2.8066438062522665e-14,0.14910620451922527,True
FAST_HEAVY,SH,30.0,90.0,601,2.465618931246638e-08,0.4236912640770669,True
FAST_HEAVY,SH,90.0,180.0,601,0.0001754205030624062,0.7004308199242895,True
FAST_HEAVY,SH,180.0,365.0,601,0.024800052797890864,1.5042839947986562,True
FAST_HEAVY,SH,365.0,730.0,601,0.3671165017011746,2.7772028803946487,True
FAST_HEAVY,DH,7.0,30.0,601,-7.1609385088323e-14,0.15984228835641456,True
FAST_HEAVY,DH,30.0,90.0,601,6.45639097740511e-11,0.4341461129400211,True
FAST_HEAVY,DH,90.0,180.0,601,4.3876856323787905e-05,0.6865238754929979,True
FAST_HEAVY,DH,180.0,365.0,601,0.023790175868895185,1.4679252198696275,True
FAST_HEAVY,DH,365.0,730.0,601,0.4350575319664726,2.8185417453296506,True
FAST_HEAVY,BS20,7.0,730.0,600,0.009224210866463523,0.01690229476713186,True
FAST_HEAVY,BS_TERM,7.0,730.0,600,0.0115077507335144,0.018867076840428876,True
FAST_HEAVY,SH,7.0,730.0,600,0.011100684151600149,0.018871579379070892,True
FAST_HEAVY,DH,7.0,730.0,600,0.011500777203256263,0.018859555640098828,True
FAST_HEAVY,PINN,7.0,730.0,600,0.011500136725270949,0.018860518718648554,True
FAST_HEAVY,DH,7.0,30.0,601,-7.1609385088323e-14,0.15984228835641456,True
FAST_HEAVY,DH,30.0,90.0,601,6.45639097740511e-11,0.4341461129400211,True
FAST_HEAVY,DH,90.0,180.0,601,4.3876856323787905e-05,0.6865238754929979,True
FAST_HEAVY,DH,180.0,365.0,601,0.023790175868895185,1.4679252198696275,True
FAST_HEAVY,DH,365.0,730.0,601,0.4350575319664726,2.8185417453296506,True
SLOW_HEAVY,DH,7.0,30.0,601,-5.3808809260166055e-14,0.20144203510634492,True
SLOW_HEAVY,DH,30.0,90.0,601,1.1141572567874258e-05,0.6361091319587694,True
SLOW_HEAVY,DH,90.0,180.0,601,0.004902253749538006,0.990082101352872,True
SLOW_HEAVY,DH,180.0,365.0,601,0.1274344188965304,1.8503718052502987,True
SLOW_HEAVY,DH,365.0,730.0,601,0.7221161434089657,3.0270031983078884,True
