z,spread_BS20,spread_SH,spread_DH
-1.8060413128439,0.004695639720081109,0.0062606151580085236,0.007412369796391528
-1.8000500122162535,0.004762744918867224,0.006346990778358826,0.00750594888074407
-1.794058711588607,0.004830669525986379,0.006434365170901232,0.007600516882573249
-1.7880674109609607,0.004899421363582711,0.006522746910689544,0.0076960815346997224
-1.782076110333314,0.004969008297110902,0.006612144604769391,0.007792650595640962
-1.7760848097056676,0.005039438235145583,0.00670256689173546,0.007890231849265197
-1.7700935090780212,0.005110719129184016,0.00679402244128062,0.007988833104440922
-1.7641022084503748,0.005182858973441913,0.006886519953739026,0.008088462194680065
-1.7581109078227284,0.0052558658046415125,0.006980068159619296,0.008189126977775837
-1.752119607195082,0.005329747701793254,0.007074675819131751,0.008290835335435662
-1.7461283065674356,0.005404512785969716,0.007170351721706852,0.008393595172908275
-1.740137005939789,0.005480169220073008,0.007267104685506745,0.008497414418604528
-1.7341457053121425,0.005556725208593826,0.007364943556927357,0.008602301023713718
-1.728154404684496,0.005634188997364798,0.007463877210096365,0.008708262961814794
-1.7221631040568497,0.0057125688733047075,0.00756391454635854,0.008815308228480909
-1.7161718034292033,0.005791873164157027,0.0076650644937583876,0.00892344484087846
-1.7101805028015569,0.005872110238219855,0.007767336006511638,0.00903268083736241
-1.7041892021739105,0.005953288504069,0.007870738064471673,0.009143024277064517
-1.698197901546264,0.0060354164102737595,0.00797527967258558,0.009254483239476079
-1.6922066009186174,0.006118502445104554,0.008080969860346288,0.00936706582402707
-1.686215300290971,0.006202555136233684,0.00818781768123316,0.009480780149657635
-1.6802239996633246,0.006287583050428355,0.00829583221214903,0.00959563435438588
-1.6742326990356782,0.00637359479323599,0.008405022552846676,0.00971163659486849
-1.6682413984080318,0.006460599008662273,0.008515397825350088,0.009828795045959043
-1.6622500977803853,0.006548604378840734,0.008626967173366945,0.009947117900257534
-1.656258797152739,0.0066376196236963446,0.008739739761694412,0.010066613367656838
-1.6502674965250925,0.006727653500599177,0.00885372477561805,0.010187289674882992
-1.644276195897446,0.006818714804012835,0.008968931420302605,0.010309155065030426
-1.6382848952697995,0.0069108123651328585,0.009085368920176126,0.01043221779709183
-1.632293594642153,0.00700395505151938,0.009203046518306786,0.01055648614548372
-1.6263022940145067,0.007098151766720518,0.00932197347577289,0.010681968399564867
-1.6203109933868602,0.007193411449888691,0.009442159071026211,0.010808672863151347
-1.6143196927592138,0.007289743075389588,0.009563612599246485,0.010936607854025442
-1.6083283921315674,0.007387155652402374,0.009686343371691157,0.011065781703440261
-1.6023370915039208,0.007485658224512491,0.009810360715037464,0.011196202755618487
-1.5963457908762744,0.007585259869297089,0.00993567397071713,0.01132787936724599
-1.590354490248628,0.007685969697901854,0.010062292494245652,0.011460819906961628
-1.5843631896209815,0.007787796854610912,0.010190225654542695,0.011595032754840466
-1.5783718889933351,0.007890750516407835,0.010319482833248295,0.011730526301873281
-1.5723805883656887,0.007994839892529321,0.010450073424031467,0.011867308949440006
-1.5663892877380423,0.008100074224011754,0.010582006831891012,0.012005389108779296
-1.5603979871103957,0.008206462783228194,0.01071529247245264,0.012144775200453449
-1.5544066864827493,0.008314014873418962,0.010849939771257283,0.012285475653806353
-1.5484153858551029,0.008422739828214308,0.010985958163044394,0.012427498906419296
-1.5424240852274564,0.008532647011147924,0.011123357091028255,0.012570853403561455
-1.53643278459981,0.008643745815164002,0.011262146006169378,0.01271554759763302
-1.5304414839721636,0.008756045662116095,0.011402334366438074,0.012861589947608568
-1.5244501833445172,0.008869556002257039,0.011543931636073694,0.01300898891847034
-1.5184588827168706,0.008984286313723366,0.011686947284837358,0.013157752980641549
-1.5124675820892242,0.009100246102008932,0.011831390787257666,0.013307890609412384
-1.5064762814615777,0.009217444899433465,0.011977271621873176,0.013459410284362296
-1.5004849808339313,0.009335892264601093,0.012124599270467204,0.013612320488778078
-1.494493680206285,0.009455597781852962,0.012273383217297262,0.013766629709067932
-1.4885023795786385,0.009576571060710434,0.01242363294832012,0.01392234643416914
-1.482511078950992,0.009698821735311535,0.012575357950410267,0.014079479154954215
-1.4765197783233455,0.009822359463839754,0.012728567710574172,0.014238036363631482
-1.470528477695699,0.009947193927943779,0.012883271715157914,0.0143980265531405
-1.4645371770680526,0.010073334832151355,0.01303947944905133,0.014559458216545113
-1.4585458764404062,0.010200791903274255,0.013197200394886137,0.014722339846421753
-1.4525545758127598,0.010329574889805564,0.013356444032229076,0.014886679934242933
-1.4465632751851134,0.010459693561310109,0.013517219836770844,0.01505248696975739
-1.440571974557467,0.010591157707806708,0.013679537279510462,0.015219769440366973
-1.4345806739298204,0.010723977139142821,0.013843405825933061,0.015388535830498554
-1.4285893733021742,0.010858161684361909,0.01400883493518637,0.015558794620972427
-1.4225980726745275,0.010993721191062952,0.014175834059250395,0.015730554288366866
-1.4166067720468811,0.011130665524752904,0.01434441264210326,0.015903823304380463
-1.4106154714192347,0.011269004568191292,0.014514580118883859,0.01607861013518773
-1.4046241707915883,0.011408748220727722,0.0146863459150485,0.016254923240794625
-1.3986328701639419,0.011549906397631577,0.014859719445526443,0.016432771074387634
-1.3926415695362953,0.011692489029415472,0.015034710113868754,0.016612162081681647
-1.386650268908649,0.011836506061148892,0.015211327311394476,0.016793104700263087
-1.3806589682810024,0.011981967451768912,0.01538958041633412,0.016975607358930056
-1.374667667653356,0.012128883173377748,0.015569478792968383,0.017159678477029497
-1.3686763670257096,0.01227726321054022,0.01575103179076401,0.01734532646379136
-1.3626850663980632,0.012427117559567439,0.01593424874350617,0.017532559717658144
-1.3566937657704168,0.012578456227797722,0.016119138968428162,0.017721386625614052
-1.3507024651427701,0.012731289232869258,0.016305711765337183,0.017911815562508884
-1.344711164515124,0.012885626601984865,0.016493976415738507,0.01810385489037951
-1.3387198638874773,0.013041478371171998,0.01668394218195572,0.018297512957770184
-1.332728563259831,0.013198854584533563,0.01687561830624877,0.018492798099046914
-1.3267372626321845,0.013357765293493657,0.017069014009929287,0.018689718633712896
-1.320745962004538,0.013518220556035588,0.017264138492474296,0.018888282865717754
-1.3147546613768917,0.013680230435934302,0.017461000930636225,0.019088499082767593
-1.3087633607492453,0.013843805001980512,0.01765961047755249,0.019290375555629583
-1.3027720601215989,0.014008954327200111,0.017859976261851,0.019493920537436538
-1.2967807594939522,0.014175688488066525,0.0180621073867564,0.019699142262987634
-1.2907894588663058,0.014344017563705999,0.018266012929191736,0.019906048948047983
-1.2847981582386594,0.014513951635097062,0.01847170193888069,0.020114648788645148
-1.278806857611013,0.014685500784264153,0.018679183437447275,0.020324949960364436
-1.2728155569833666,0.014858675093464764,0.018888466417514682,0.020536960617641667
-1.26682425635572,0.015033484644369712,0.01909955984180245,0.020750688893053884
-1.2608329557280737,0.01520993951723878,0.019312472642222397,0.020966142896609516
-1.2548416551004271,0.0153880497900901,0.01952721371897541,0.021183330715034865
-1.248850354472781,0.015567825537862116,0.019743791939644206,0.021402260411060692
-1.2428590538451343,0.01574927683157174,0.01996221613828858,0.021622940022706386
-1.2368677532174879,0.01593241373746659,0.020182495114538554,0.021845377562562523
-1.2308764525898415,0.016117246316169835,0.02040463763268674,0.022069581017072445
-1.2248851519621948,0.016303784621821835,0.02062865242078256,0.02229555834581337
-1.2188938513345486,0.01649203870121488,0.020854548169723583,0.022523317480773436
-1.212902550706902,0.01668201859292364,0.021082333532348715,0.0227528663256316
-1.2069112500792558,0.01687373432642802,0.0213120171225316,0.022984212755033095
-1.2009199494516092,0.017067195921235123,0.02154360751427363,0.02321736461386595
-1.1949286488239628,0.01726241338599205,0.021777113240797286,0.023452329716535825
-1.1889373481963164,0.017459396717594906,0.022012542793641093,0.023689115846240463
-1.18294604756867,0.017658155900295236,0.022249904621754746,0.023927730754242926
-1.1769547469410235,0.01785870090479785,0.022489207130594574,0.024168182159145513
-1.170963446313377,0.018061041687357903,0.022730458681221616,0.02441047774616105
-1.1649721456857307,0.018265188188869404,0.022973667589398575,0.024654625166385835
-1.158980845058084,0.018471150333953572,0.023218842124691275,0.024900632036072082
-1.1529895444304377,0.018678938030039057,0.023465990509567977,0.02514850593589832
-1.1469982438027913,0.018888561166439923,0.023715120918503155,0.025398254410241683
-1.1410069431751448,0.01910002961343004,0.023966241477081998,0.0256498849664495
-1.1350156425474984,0.019313353221311343,0.02421936026110677,0.025903405074110902
-1.1290243419198518,0.019528541819479984,0.02447448529570513,0.026158822164328577
-1.1230330412922056,0.01974560521548808,0.02473162455444118,0.02641614362899059
-1.117041740664559,0.019964553194102085,0.02499078595842867,0.02667537682004384
-1.1110504400369126,0.0201853955163562,0.025251977375446447,0.0269365290487657
-1.1050591394092661,0.020408141918605398,0.025515206619056763,0.027199607585038338
-1.0990678387816197,0.020632802111571237,0.025780481447726347,0.02746461965662309
-1.0930765381539733,0.020859385779388374,0.026047809563950895,0.027731572448434744
-1.0870852375263267,0.021087902578644586,0.026317198613381106,0.02800047310181783
-1.0810939368986805,0.02131836213741947,0.02658865618395465,0.02827132871382321
-1.0751026362710339,0.021550774054321792,0.026862189805028882,0.02854414633648603
-1.0691113356433875,0.02178514789752033,0.027137806946517986,0.028818932976104664
-1.063120035015741,0.02202149320377584,0.027415515018034853,0.029095695592521235
-1.0571287343880946,0.02225981947746882,0.02769532136803493,0.029374441098402593
-1.0511374337604482,0.022500136189624986,0.027977233282965277,0.029655176358523938
-1.0451461331328016,0.022742452776938323,0.028261257986418455,0.029937908189053564
-1.0391548325051554,0.022986778640794313,0.028547402638287447,0.030222643356838774
-1.0331635318775088,0.02323312314628726,0.028835674333929112,0.030509388578694174
-1.0271722312498623,0.023481495621239305,0.02912608010332962,0.03079815052069143
-1.021180930622216,0.023731905355217155,0.02941862691027411,0.031088935797451617
-1.0151896299945695,0.023984361598544505,0.029713321651524183,0.0313817509714385
-1.009198329366923,0.02423887356131808,0.030010171155996634,0.03167660255225527
-1.0032070287392765,0.024495450412417387,0.030309182183949845,0.0319734969959424
-0.9972157281116302,0.024754101278516506,0.03061036142617421,0.03227244070427915
-0.9912244274839838,0.025014835243094398,0.03091371550318861,0.032573440024085715
-0.9852331268563373,0.02527766134544254,0.03121925096444178,0.03287650124653016
-0.9792418262286908,0.02554258857967606,0.03152697428751977,0.033181630606436086
-0.9732505256010444,0.025809625893738076,0.03183689187735875,0.033488834281594104
-0.967259224973398,0.02607878218841031,0.032149010065464584,0.03379811839207622
-0.9612679243457515,0.026350066316318962,0.032463335109137376,0.03410948899955249
-0.9552766237181051,0.02662348708094178,0.03277987319070233,0.03442295210661114
-0.9492853230904587,0.026899053235615852,0.0330986304167486,0.034738513656082576
-0.9432940224628122,0.02717677348254478,0.033419612817371575,0.035056179530365245
-0.9373027218351657,0.027456656471805986,0.033742826345424526,0.0353759555507559
-0.9313114212075193,0.02773871080036011,0.03406827687577563,0.03569784747678276
-0.9253201205798729,0.028022945011058606,0.03439597020457216,0.036021861005543415
-0.9193288199522265,0.02830936759165474,0.03472591204851061,0.0363480017710443
-0.91333751932458,0.028597986973812554,0.03505810804411566,0.03667627534354598
-0.9073462186969335,0.028888811532120234,0.03539256374702568,0.03700668722891132
-0.9013549180692871,0.029181849583102625,0.03572928463128436,0.037339242867957534
-0.8953636174416406,0.029477109384234913,0.03606827608864141,0.03767394763581294
-0.8893723168139942,0.029774599132959406,0.03640954342786096,0.03801080684127736
-0.8833810161863478,0.030074326965702572,0.036753091874034555,0.038349825726186726
-0.8773897155587014,0.030376300956894746,0.03709892656790678,0.03869100946478249
-0.8713984149310549,0.03068052911799218,0.03744705256520495,0.03903436316308523
-0.8654071143034084,0.030987019396499695,0.037797474835978506,0.03937989185827262
-0.859415813675762,0.03129577967499755,0.03815019826394614,0.039727600518062706
-0.8534245130481156,0.03160681777016929,0.0385052276458516,0.04007749404010094
-0.8474332124204691,0.03192014143183319,0.038862567690827104,0.040429577251352905
-0.8414419117928227,0.03223575834197664,0.03922222301976577,0.04078385490750164
-0.8354506111651763,0.032553676113791535,0.039584198164702766,0.041140331692350096
-0.8294593105375297,0.03287390229071603,0.039948497568205094,0.041499012217228515
-0.8234680099098833,0.03319644434547627,0.04031512558276887,0.04185990102040718
-0.8174767092822369,0.033521309679133915,0.040684086470228586,0.04222300256651454
-0.8114854086545905,0.033848505620136304,0.04105538440117126,0.042588321245960764
-0.805494108026944,0.03417803942336935,0.04142902345436342,0.04295586137436616
-0.7995028073992976,0.034509918269216955,0.041805007616184775,0.043325627191996174
-0.7935115067716512,0.03484414926262105,0.04218334078007291,0.043697622863201724
-0.7875202061440048,0.03518073943214992,0.042564026745976036,0.04407185247586426
-0.7815289055163583,0.0355196957290659,0.042947069219815476,0.044448320040848754
-0.7755376048887117,0.035861025026402704,0.04333247181295913,0.044827029491460724
-0.7695463042610653,0.03620473411804373,0.04372023804170225,0.04520798468291004
-0.7635550036334189,0.03655082971780622,0.04411037132675963,0.04559118939178061
-0.7575637030057725,0.03689931845853152,0.044502874992767366,0.04597664731550749
-0.7515724023781261,0.037250206891179506,0.04489775226779458,0.04636436207185807
-0.7455811017504796,0.03760350148392754,0.04529500628286401,0.04675433719842076
-0.7395898011228332,0.03795920862127637,0.04569464007148413,0.04714657615210155
-0.7335985004951868,0.03831733460316108,0.04609665656919121,0.04754108230862411
-0.7276071998675402,0.038677885644067315,0.04650105861310077,0.04793785896203889
-0.7216158992398938,0.039040867872154196,0.046907848941469876,0.04833690932423835
-0.7156245986122474,0.03940628732838225,0.047317030193269854,0.04873823652447781
-0.709633297984601,0.03977414996564869,0.04772860490776967,0.04914184360890542
-0.7036419973569545,0.040144461647928786,0.04814257552412887,0.04954773354009651
-0.6976506967293081,0.0405172281494227,0.04855894438100263,0.04995590919659679
-0.6916593961016617,0.04089245515371057,0.048977713716155113,0.05036637337247152
-0.6856680954740151,0.041270148252913266,0.04939888566608707,0.050779128776863136
-0.6796767948463687,0.04165031294686028,0.049822462265670435,0.05119417803355448
-0.6736854942187223,0.04203295464226618,0.05024844544779625,0.051611523680540616
-0.6676941935910758,0.0424180786519111,0.05067683704303149,0.05203116816960752
-0.6617028929634294,0.042805690193832506,0.051107638779290504,0.0524531138659175
-0.655711592335783,0.04319579439052162,0.05154085228151195,0.05287736304760421
-0.6497202917081366,0.04358839626812826,0.051976479071351785,0.05330391790537242
-0.64372899108049,0.04398350075567549,0.052414520566884504,0.053732780542108505
-0.6377376904528436,0.0443811126842788,0.052854978082316095,0.05416395297249559
-0.6317463898251972,0.04478123678637609,0.053297852827709324,0.05459743712263915
-0.6257550891975507,0.04518387769496509,0.05374314590871776,0.05503323482969785
-0.6197637885699043,0.045589039942849026,0.05419085832633391,0.05547134784152569
-0.6137724879422579,0.04599672796189107,0.05464099097664693,0.055911777816318564
-0.6077811873146115,0.04640694608227712,0.05509354465061139,0.0563545263222704
-0.6017898866869651,0.04681969853178849,0.05554852003382871,0.056799594837238676
-0.5957985860593185,0.04723498943508195,0.0560059177063389,0.05724698474841582
-0.589807285431672,0.04765282281298038,0.05646573814242457,0.05769669735200972
-0.5838159848040256,0.04807320258177105,0.05692798171042507,0.058148733852933565
-0.5778246841763792,0.04849613255251541,0.05739264867256406,0.058603095364502034
-0.5718333835487328,0.04892161643036665,0.05785973918478588,0.05905978290813718
-0.5658420829210864,0.04934965781389688,0.05832925329660682,0.059518797413082525
-0.55985078229344,0.04978026019443569,0.05880119095097447,0.05998013971612587
-0.5538594816657934,0.050213426955417015,0.059275551984140806,0.060443810561328803
-0.5478681810381469,0.05064916137173609,0.05975233612554676,0.06090981059976858
-0.5418768804105005,0.05108746660911772,0.06023154299771655,0.061378140389283575
-0.5358855797828541,0.051528345723493636,0.06071317211616617,0.06184880039423263
-0.5298942791552077,0.051971801660391226,0.061197222889320724,0.062321790985258585
-0.5239029785275613,0.05241783725433146,0.06168369461844625,0.062797112439064
-0.5179116778999149,0.0528664552282385,0.06217258649759,0.063274764938193
-0.5119203772722682,0.053317658192860155,0.06266389761353519,0.06375474857082364
-0.5059290766446218,0.05377144864619797,0.06315762694576504,0.06423706333056867
-0.4999377760169754,0.05422782897295024,0.06365377336644057,0.06472170911628594
-0.493946475389329,0.05468680144396398,0.06415233564038697,0.06520868573189514
-0.4879551747616826,0.05514836821569894,0.06465331242509509,0.06569799288620665
-0.4819638741340362,0.05561253132970414,0.06515670227073173,0.06618963019275814
-0.4759725735063898,0.05607929271210355,0.06566250362016263,0.0666835971696596
-0.46998127287874336,0.05654865417309513,0.06617071480898684,0.06717989323944801
-0.4639899722510967,0.057020617406460514,0.06668133406558269,0.06767851772895145
-0.4579986716234503,0.057495183989086776,0.06719435951116448,0.06817946986916151
-0.4520073709958039,0.0579723553804996,0.06770978915985193,0.0686827487951156
-0.4460160703681575,0.058452132922409014,0.06822762091875012,0.06918835354578817
-0.4400247697405111,0.05893451783826686,0.06874785258804095,0.06969628306399073
-0.43403346911286467,0.05941951123283592,0.06927048186108636,0.07020653619628142
-0.42804216848521826,0.05990711409177142,0.06979550632454251,0.07071911169288442
-0.4220508678575716,0.060397327281215746,0.07032292345848529,0.07123400820761705
-0.4160595672299252,0.060890151547403855,0.07085273063654762,0.07175122429782765
-0.4100682666022788,0.06138558751628236,0.07138492512606731,0.07227075842434205
-0.4040769659746324,0.06188363569314132,0.07191950408824727,0.0727926089514202
-0.398085665346986,0.06238429646225732,0.07245646457832472,0.0733167741467195
-0.39209436471933956,0.06288757008654998,0.07299580354575391,0.07384325218127086
-0.38610306409169315,0.06339345670725281,0.07353751783439899,0.07437204112946272
-0.3801117634640465,0.06390195634359314,0.07408160418273757,0.07490313896903278
-0.3741204628364001,0.06441306889248893,0.07462805922407512,0.07543654358107155
-0.3681291622087537,0.06492679412825587,0.07517687948677176,0.07597225275003427
-0.3621378615811073,0.06544313170232942,0.07572806139447863,0.07651026416376172
-0.35614656095346087,0.0659620811429981,0.07628160126638445,0.07705057541351024
-0.35015526032581445,0.06648364185515117,0.07683749531747591,0.07759318399399318
-0.34416395969816804,0.06700781312004009,0.07739573965880459,0.07813808730342853
-0.33817265907052163,0.06753459409505108,0.07795633029776822,0.07868528264359848
-0.332181358442875,0.06806398381349375,0.0785192631383998,0.07923476721991674
-0.3261900578152286,0.06859598118440109,0.07908453398167026,0.07978653814150649
-0.3201987571875822,0.06913058499234347,0.07965213852579783,0.08034059242128605
-0.31420745655993576,0.06966779389725729,0.08022207236657147,0.08089692697606549
-0.30821615593228935,0.07020760643428474,0.08079433099768235,0.0814555386266516
-0.30222485530464294,0.07075002101363069,0.08136890981106636,0.08201642409796256
-0.2962335546769965,0.07129503592042885,0.08194580409725655,0.0825795800191511
-0.2902422540493499,0.0718426493146256,0.08252500904574689,0.08314500292373837
-0.2842509534217035,0.07239285923087553,0.083106519745364,0.08371268924975554
-0.27825965279405707,0.07294566357845042,0.08369033118465079,0.08428263533989588
-0.27226835216641065,0.07350106014116371,0.08427643825225921,0.08485483744167499
-0.26627705153876424,0.07405904657730686,0.0848648357373526,0.08542929170760089
-0.26028575091111783,0.07461962041960121,0.0854555183300188,0.0860059941953536
-0.2542944502834714,0.07518277907516202,0.08604848062169085,0.0865849408679723
-0.24830314965582478,0.075748519825478,0.08664371710558033,0.08716612759405364
-0.24231184902817837,0.07631683982640412,0.08724122217711716,0.08774955014795738
-0.23632054840053196,0.07688773610816792,0.08784099013440183,0.08833520421002311
-0.23032924777288555,0.07746120557539043,0.08844301517866338,0.0889230853667932
-0.22433794714523914,0.07803724500712056,0.08904729141473,0.08951318911124784
-0.21834664651759272,0.07861585105688403,0.08965381285150735,0.09010551084304586
-0.2123553458899463,0.07919702025274508,0.09026257340246496,0.09070004586877778
-0.20636404526229968,0.07978074899738422,0.09087356688613396,0.09129678940222556
-0.20037274463465327,0.0803670335681875,0.09148678702661169,0.09189573656463129
-0.19438144400700685,0.08095587011735189,0.09210222745407526,0.09249688238497572
-0.18839014337936044,0.0815472546720033,0.09271988170530572,0.09310022180026495
-0.18239884275171403,0.08214118313432898,0.09333974322421763,0.093705749655826
-0.17640754212406762,0.08273765128172403,0.09396180536240094,0.09431346070561114
-0.1704162414964212,0.08333665476695204,0.0945860613796672,0.09492334961251055
-0.1644249408687748,0.08393818911831885,0.09521250444460726,0.0955354109486734
-0.15843364024112816,0.08454224973986074,0.09584112763515618,0.09614963919583946
-0.15244233961348175,0.08514883191154718,0.09647192393916487,0.09676602874567602
-0.14645103898583534,0.0857579307894964,0.09710488625498243,0.09738457390012574
-0.14045973835818892,0.086369541406205,0.09774000739204314,0.0980052688717617
-0.1344684377305425,0.08698365867079276,0.0983772800714644,0.09862810778415237
-0.1284771371028961,0.08760027736925842,0.0990166969266497,0.09925308467223193
-0.12248583647524969,0.0882193921647526,0.09965825050390087,0.09988019348268196
-0.11649453584760305,0.08884099759786242,0.10030193326303694,0.10050942807432035
-0.11050323521995664,0.08946508808690931,0.10094773757802084,0.1011407822184966
-0.10451193459231023,0.09009165792826292,0.10159565573759227,0.10177424959949789
-0.09852063396466382,0.09072070129666616,0.10224567994590944,0.10240982381496139
-0.0925293333370174,0.09135221224557535,0.10289780232319651,0.10304749837629586
-0.086538032709371,0.09198618470751319,0.10355201490639775,0.10368726670910888
-0.08054673208172458,0.09262261249443562,0.10420830964983963,0.10432912215364509
-0.07455543145407795,0.09326148929811204,0.10486667842589853,0.1049730579652295
-0.06856413082643154,0.09390280869051856,0.10552711302567513,0.10561906731471969
-0.06257283019878512,0.09454656412424522,0.10618960515967651,0.10626714328896658
-0.05658152957113871,0.09519274893291609,0.10685414645850189,0.10691727889127972
-0.0505902289434923,0.09584135633162257,0.10752072847353762,0.10756946704190418
-0.04459892831584589,0.09649237941736984,0.10818934267765606,0.10822370057850123
-0.038607627688199475,0.09714581116953683,0.10885998046592138,0.10887997225663903
-0.03261632706055306,0.0978016444503487,0.10953263315630118,0.10953827475028943
-0.02662502643290643,0.09845987200536248,0.1102072919903831,0.11019860065233082
-0.020633725805260017,0.09912048646396576,0.11088394813409828,0.11086094247506184
-0.014642425177613605,0.09978348033988763,0.11156259267844866,0.11152529265071687
-0.008651124549967193,0.10044884603172344,0.11224321664024195,0.11219164353199423
-0.002659823922320781,0.10111657582347061,0.11292581096282882,0.1128599873925864
0.003331476705325631,0.10178666188507858,0.11361036651684842,0.11353031642772021
0.009322777332972043,0.1024590962730105,0.11429687410097622,0.11420262275470244
0.015314077960618677,0.10313387093081769,0.11498532444267834,0.11487689841347282
0.02130537858826509,0.1038109776897254,0.11567570819896994,0.11555313536716216
0.0272966792159115,0.10449040826923224,0.11636801595717877,0.11623132550265963
0.03328797984355791,0.10517215427772085,0.11706223823571232,0.1169114606311839
0.039279280471204325,0.10585620721308076,0.11775836548483043,0.1175935324888619
0.04527058109885074,0.10654255846334358,0.11845638808742182,0.1182775327373135
0.05126188172649715,0.10723119930732951,0.11915629635978381,0.11896345296424327
0.05725318235414378,0.10792212091530563,0.11985808055240793,0.11965128468403646
0.0632444829817902,0.1086153143496565,0.12056173085076738,0.12034101933836377
0.06923578360943661,0.1093107705655652,0.12126723737610956,0.12103264829678784
0.07522708423708302,0.11000848041170747,0.12197459018625278,0.1217261628573813
0.08121838486472943,0.11070843463095481,0.12268377927638446,0.12242155424734485
0.08720968549237584,0.11141062386109139,0.12339479457986435,0.12311881362363519
0.09320098612002226,0.11211503863554023,0.12410762596903102,0.1238179320735962
0.09919228674766867,0.11282166938410083,0.12482226325601103,0.12451890061559684
0.1051835873753153,0.11353050643369768,0.12553869619353025,0.12522171019967354
0.11117488800296171,0.11424154000914054,0.12625691447573,0.1259263517081779
0.11716618863060813,0.11495476023389331,0.12697690773898573,0.12663281595643144
0.12315748925825454,0.11567015713085596,0.12769866556272585,0.12734109369338242
0.12914878988590095,0.11638772062315327,0.1284221774702567,0.12805117560227008
0.13514009051354736,0.11710744053493889,0.12914743292958714,0.12876305230129415
0.14113139114119377,0.11782930659220416,0.12987442135425642,0.12947671434428515
0.1471226917688404,0.11855330842360083,0.13060313210416608,0.13019215222138464
0.15311399239648682,0.11927943556127224,0.13133355448640965,0.13090935635972828
0.15910529302413323,0.12000767744169356,0.1320656777561084,0.1316283171241307
0.16509659365177964,0.12073802340652315,0.1327994911172476,0.13234902481777888
0.17108789427942606,0.1214704627034624,0.13353498372351258,0.13307146968292788
0.17707919490707247,0.12220498448712486,0.13427214467912996,0.1337956419016001
0.18307049553471888,0.1229415778199158,0.1350109630397076,0.13452153159629066
0.18906179616236551,0.12368023167291899,0.1357514278130762,0.13524912883067597
0.19505309679001193,0.12442093492679338,0.13649352796013325,0.13597842361032464
0.20104439741765812,0.12516367637267933,0.13723725239568774,0.1367094058834155
0.20703569804530475,0.12590844471311166,0.13798258998930493,0.13744206554145638
0.21302699867295138,0.12665522856294337,0.13872952956615364,0.13817639242000854
0.21901829930059757,0.12740401645027555,0.13947805990785223,0.13891237629941333
0.2250095999282442,0.12815479681739692,0.14022816975331753,0.13965000690552304
0.2310009005558904,0.12890755802173157,0.14097984779961226,0.14038927391043526
0.23699220118353703,0.12966228833679286,0.14173308270279503,0.14113016693323055
0.24298350181118322,0.1304189759531474,0.1424878630787677,0.1418726755407113
0.24897480243882986,0.13117760897938496,0.14324417750412613,0.14261678924814747
0.2549661030664765,0.13193817544309697,0.1440020145170089,0.1433624975200207
0.2609574036941227,0.13270066329186025,0.1447613626179467,0.14410978977077615
0.2669487043217693,0.13346506039423126,0.14552221027071188,0.14485865536557296
0.2729400049494155,0.1342313545407444,0.14628454590316686,0.1456090836210392
0.27893130557706214,0.13499953344491825,0.14704835790811321,0.14636106380602984
0.28492260620470833,0.13576958474426903,0.1478136346441402,0.14711458514238596
0.29091390683235496,0.1365414960013287,0.14858036443647127,0.14786963680569742
0.29690520746000115,0.13731525470467193,0.14934853557781236,0.1486262079260663
0.3028965080876478,0.13809084826994789,0.15011813632919646,0.1493842875888748
0.3088878087152944,0.13886826404091754,0.15088915492083133,0.15014386483555253
0.3148791093429406,0.13964748929049672,0.15166157955294043,0.15090492866434757
0.32087040997058724,0.14042851122180872,0.15243539839661013,0.15166746803109887
0.32686171059823343,0.14121131696923586,0.1532105995946278,0.15243147185001024
0.33285301122588007,0.14199589359948217,0.1539871712623259,0.15319692899442672
0.33884431185352626,0.14278222811263747,0.15476510148841893,0.15396382829761035
0.3448356124811729,0.14357030744324942,0.15554437833584278,0.1547321585535203
0.3508269131088195,0.14436011846139904,0.15632498984259025,0.15550190851759285
0.3568182137364657,0.14515164797377952,0.15710692402254586,0.1562730669075214
0.36280951436411235,0.14594488272478268,0.1578901688663188,0.15704562240404085
0.36880081499175854,0.14673980939758793,0.1586747123420743,0.15781956365170946
0.3747921156194052,0.14753641461525516,0.15946054239636043,0.15859487925969407
0.38078341624705137,0.14833468494182225,0.16024764695493876,0.15937155780255485
0.386774716874698,0.14913460688340793,0.16103601392360556,0.16014958782103172
0.39276601750234463,0.14993616688931413,0.16182563118901583,0.16092895782283156
0.3987573181299908,0.15073935135313796,0.16261648661950356,0.16170965628341305
0.40474861875763746,0.15154414661388124,0.16340856806589987,0.1624916716467778
0.41073991938528365,0.1523505389570662,0.16420186336234643,0.16327499232625498
0.4167312200129303,0.15315851461585575,0.16499636032711007,0.16405960670529185
0.42272252064057647,0.15396805977217076,0.16579204676339088,0.1648455031382405
0.4287138212682231,0.15477916055781873,0.1665889104601316,0.16563266995114767
0.43470512189586974,0.15559180305561562,0.1673869391928191,0.1664210954425417
0.44069642252351593,0.15640597330051823,0.16818612072428862,0.16721076788422218
0.44668772315116256,0.1572216572807528,0.16898644280551978,0.16800167552204703
0.45267902377880875,0.15803884093894935,0.1697878931764326,0.16879380657671983
0.4586703244064554,0.15885751017327593,0.17059045956667995,0.1695871492445783
0.4646616250341016,0.15967765083857532,0.1713941296964353,0.1703816916983797
0.4706529256617482,0.1604992487475032,0.17219889127717936,0.17117742208808817
0.47664422628939485,0.16132228967166706,0.17300473201248057,0.17197432854165828
0.48263552691704104,0.16214675934276812,0.17381163959877488,0.1727723991658221
0.48862682754468767,0.16297264345374124,0.17461960172614063,0.17357162204687096
0.49461812817233386,0.16379992765989856,0.17542860607906807,0.17437198525143804
0.5006094287999805,0.16462859758007334,0.17623864033722936,0.17517347682728235
0.5066007294276267,0.16545863879776124,0.17704969217624067,0.175976084804066
0.5125920300552733,0.1662900368622674,0.1778617492684229,0.17677979719413617
0.51858333068292,0.16712277728984798,0.17867479928355678,0.17758460199330084
0.5245746313105661,0.1679568455648565,0.17948882988963644,0.1783904871816068
0.5305659319382128,0.1687922271408871,0.18030382875361528,0.17919744072411348
0.536557232565859,0.16962890744191883,0.18111978354215175,0.18000545057166684
0.5425485331935056,0.17046687186345794,0.1819366819223478,0.18081450466167126
0.5485398338211518,0.171306105773682,0.18275451156248512,0.1816245909188583
0.5545311344487984,0.17214659451458192,0.18357326013275466,0.18243569725605568
0.5605224350764451,0.17298832340310136,0.18439291530598567,0.18324781157495218
0.5665137357040912,0.1738312777322787,0.1852134647583662,0.18406092176686406
0.5725050363317379,0.1746754427723834,0.18603489617016156,0.184875015713493
0.5784963369593841,0.17552080377205762,0.18685719722642713,0.1856900812876896
0.5844876375870307,0.17636734595944595,0.18768035561771812,0.18650610635420817
0.5904789382146769,0.17721505454333353,0.18850435904079266,0.18732307877046298
0.5964702388423235,0.17806391471427735,0.18932919519931102,0.1881409863872806
0.6024615394699697,0.1789139116457349,0.19015485180453073,0.1889598170496497
0.6084528400976164,0.17976503049519446,0.19098131657599593,0.18977955859746898
0.614444140725263,0.18061725640529783,0.1918085772422231,0.1906001988662912
0.6204354413529092,0.18147057450496507,0.19263662154137984,0.19142172568806548
0.6264267419805558,0.182324969910514,0.1934654372219602,0.1922441268918772
0.632418042608202,0.18318042772677892,0.1942950120434559,0.19306739030468334
0.6384093432358486,0.18403693304822333,0.19512533377701957,0.19389150375204633
0.6444006438634948,0.18489447096005276,0.19595639020612643,0.1947164550588637
0.6503919444911415,0.18575302653932216,0.1967881691272273,0.19554223205009547
0.6563832451187881,0.18661258485604226,0.19762065835039966,0.19636882255148957
0.6623745457464343,0.18747313097427845,0.1984538456999917,0.19719621439029933
0.6683658463740809,0.18833464995325078,0.19928771901526066,0.19802439539600358
0.6743571470017271,0.18919712684842666,0.20012226615100825,0.1988533534010194
0.6803484476293737,0.19006054671261,0.2009574749782077,0.19968307624141224
0.6863397482570199,0.1909248945970291,0.20179333338462746,0.2005135517576042
0.6923310488846666,0.1917901555524159,0.20262982927545015,0.2013447677950757
0.6983223495123132,0.19265631463008454,0.20346695057388253,0.20217671220506572
0.7043136501399594,0.193523356883004,0.20430468522176493,0.20300937284526854
0.710304950767606,0.19439126736686457,0.20514302118017103,0.20384273758052396
0.7162962513952522,0.195260031141145,0.20598194643000434,0.20467679428350705
0.7222875520228988,0.19612963327016517,0.20682144897258925,0.20551153083541196
0.728278852650545,0.19700005882414504,0.20766151683025402,0.20634693512663227
0.7342701532781917,0.1978712928802494,0.20850213804691198,0.20718299505743654
0.7402614539058383,0.19874332052363164,0.20934330068863372,0.20801969853864177
0.7462527545334845,0.19961612684847196,0.21018499284421543,0.20885703349228024
0.7522440551611311,0.2004896969590094,0.2110272026257417,0.2096949878522637
0.7582353557887773,0.20136401597056705,0.21186991816914091,0.2105335495650431
0.764226656416424,0.202239069010573,0.21271312763473715,0.21137270659026264
0.7702179570440701,0.20311484121957712,0.21355681920779446,0.21221244690141272
0.7762092576717168,0.20399131775225698,0.21440098109905736,0.21305275848647354
0.7822005582993634,0.20486848377842237,0.2152456015452826,0.21389362934855927
0.7881918589270096,0.2057463244840108,0.21609066880976868,0.2147350475065538
0.7941831595546562,0.20662482507207844,0.21693617118287645,0.21557700099574462
0.8001744601823024,0.2075039707637819,0.21778209698254625,0.21641947786844928
0.8061657608099491,0.2083837467993591,0.21862843455480807,0.2172624661946414
0.8121570614375953,0.20926413843909505,0.21947517227428448,0.21810595406256628
0.8181483620652419,0.21014513096428883,0.22032229854469276,0.218949929579357
0.8241396626928885,0.2110267096782101,0.221169801799333,0.21979438087164294
0.8301309633205347,0.21190885990704666,0.2220176705015784,0.22063929608615274
0.8361222639481813,0.21279156700085133,0.2228658931453551,0.22148466339031592
0.8421135645758275,0.213674816334473,0.22371445825561753,0.2223304709728543
0.8481048652034742,0.21455859330848864,0.2245633543888167,0.22317670704437487
0.8540961658311204,0.2154428833501226,0.22541257013336402,0.22402335983795085
0.860087466458767,0.2163276719141602,0.22626209411008913,0.2248704176097016
0.8660787670864132,0.21721294448385514,0.22711191497269012,0.22571786863936916
0.8720700677140598,0.21809868657182707,0.2279620214081809,0.2265657012308846
0.8780613683417064,0.2189848837209519,0.22881240213732867,0.2274139037129319
0.8840526689693526,0.21987152150524544,0.2296630459150879,0.22826246443950793
0.8900439695969993,0.22075858553073868,0.23051394153103033,0.22911137179047614
0.8960352702246455,0.2216460614363455,0.23136507780976312,0.22996061417211133
0.9020265708522921,0.22253393489471895,0.23221644361134797,0.23081018001764675
0.9080178714799383,0.22342219161310725,0.23306802783170932,0.23166005778780896
0.9140091721075849,0.2243108173341917,0.2339198194030392,0.23251023597134912
0.9200004727352316,0.22519979783692345,0.23477180729419334,0.233360703085572
0.9259917733628777,0.22608911893735148,0.23562398051108713,0.2342114476768561
0.9319830739905244,0.22697876648943766,0.23647632809707808,0.23506245832116812
0.9379743746181706,0.2278687263858681,0.23732883913334946,0.23591372362457597
0.9439656752458172,0.2287589845588518,0.2381815027392813,0.23676523222375034
0.9499569758734634,0.22964952698091665,0.23903430807282222,0.23761697278646599
0.95594827650111,0.23054033966569012,0.23988724433085118,0.23846893401209557
0.9619395771287567,0.23143140866867404,0.24074030074953312,0.23932110463209633
0.9679308777564029,0.23232272008801338,0.24159346660467163,0.24017347341049367
0.9739221783840495,0.2332142600652522,0.24244673121205396,0.24102602914435733
0.9799134790116957,0.23410601478608142,0.243300083927789,0.24187876066427316
0.9859047796393423,0.23499797048107895,0.24415351414864206,0.24273165683480868
0.9918960802669885,0.23589011342644067,0.2450070113123628,0.24358470655497277
0.9978873808946351,0.23678242994470255,0.24586056489800656,0.24443789875866995
1.0038786815222818,0.23767490640545128,0.24671416442625083,0.2452912224151489
1.009869982149928,0.23856752922602975,0.24756779945970542,0.24614466652944522
1.0158612827775746,0.23946028487222915,0.24842145960321727,0.24699822014282002
1.0218525834052208,0.2403531598589751,0.24927513450416983,0.2478518723331875
1.0278438840328674,0.24124614075100506,0.2501288138527752,0.2487056122155452
1.0338351846605136,0.24213921416353137,0.25098248738236306,0.24955942894239103
1.0398264852881602,0.24303236676290133,0.25183614486966255,0.2504133117041373
1.0458177859158069,0.2439255852672432,0.25268977613507626,0.2512672497295205
1.051809086543453,0.24481885644710544,0.25354337104295366,0.2521212322860029
1.0578003871710997,0.2457121671260864,0.25439691950185483,0.2529752486801695
1.0637916877987459,0.2466055041814525,0.25525041146481,0.2538292882581191
1.0697829884263925,0.24749885454474907,0.25610383692957195,0.2546833404058485
1.0757742890540387,0.24839220520240207,0.25695718593886785,0.25553739454963387
1.0817655896816853,0.24928554319630727,0.25781044858063873,0.25639144015640203
1.087756890309332,0.250178855624413,0.2586636149882775,0.25724546673409954
1.0937481909369782,0.2510721296412933,0.25951667534086176,0.2580994638320546
1.0997394915646248,0.2519653524587068,0.26036961986337914,0.25895342104133123
1.105730792192271,0.2528585113461541,0.26122243882694896,0.2598073279950839
1.1117220928199176,0.25375159363141964,0.26207512254903675,0.2606611743688967
1.1177133934475638,0.2546445867011028,0.2629276613936662,0.2615149498811259
1.1237046940752105,0.2555374780011461,0.26378004577162073,0.2623686442932308
1.1296959947028566,0.2564302550373471,0.2646322661406466,0.26322224741010225
1.1356872953305033,0.2573229053758649,0.2654843130056458,0.2640757490803822
1.14167859595815,0.2582154166437135,0.2663361769188626,0.26492913919678107
1.147669896585796,0.25910777652924877,0.26718784848007127,0.2657824076963855
1.1536611972134427,0.25999997278264564,0.2680393183367519,0.2666355445609646
1.159652497841089,0.2608919932163623,0.26889057718426346,0.2674885398172653
1.1656437984687356,0.2617838257055968,0.2697416157660142,0.2683413835373074
1.1716350990963817,0.2626754581887371,0.27059242487362256,0.2691940658386687
1.1776263997240284,0.2635668786677959,0.27144299534707583,0.2700465768847662
1.183617700351675,0.26445807520883957,0.27229331807488333,0.2708989068851315
1.189609000979321,0.26534903594240533,0.27314338399422355,0.27175104609567946
