figure,model,tau_days,RMSE_pct,max_abs_pct,RMSE_volpts,max_abs_volpts,variation_pct_of_C_over_sqrt_tau
N1_relative,BS20,30.0,27.58428101375232,166.67637807776092,,,
N1_relative,BS_TERM,30.0,24.845992014123883,151.08845446732792,,,
N1_relative,SH,30.0,12.05088556979616,74.82605709707016,,,
N1_relative,PINN,30.0,0.0339533285383168,0.18765687735075745,,,
N1_relative,BS20,90.0,29.349974571998636,144.7206606296791,,,
N1_relative,BS_TERM,90.0,27.302365428404766,135.20969929969164,,,
N1_relative,SH,90.0,14.67579838318805,71.50661452006761,,,
N1_relative,PINN,90.0,0.12457183878321659,0.6640768387137949,,,
N1_relative,BS20,365.0,4.154917630260174,6.472969109207396,,,
N1_relative,BS_TERM,365.0,12.542364036527252,46.854873418417284,,,
N1_relative,SH,365.0,0.9355070278537998,3.0425639939653726,,,
N1_relative,PINN,365.0,0.036747291641265445,0.15410263910045993,,,
N1_relative,BS20,730.0,14.971146974881465,33.38437790756268,,,
N1_relative,BS_TERM,730.0,3.5391578460449984,11.706264018036688,,,
N1_relative,SH,730.0,4.3975835529889675,14.556724794580774,,,
N1_relative,PINN,730.0,0.006916847453593646,0.010713063734916217,,,
N2_vega,BS20,30.0,,,2.5330394951189907,8.633703383385274,
N2_vega,BS_TERM,30.0,,,2.4207659841631655,7.773796488507757,
N2_vega,SH,30.0,,,1.6995764540741178,3.508895632526626,
N2_vega,PINN,30.0,,,0.007892264549343164,0.011855855910262808,
N2_vega,BS20,90.0,,,2.3544161119780447,6.647446215090606,
N2_vega,BS_TERM,90.0,,,2.308359590714817,6.181711965813828,
N2_vega,SH,90.0,,,1.4025951895001787,2.9082665801493084,
N2_vega,PINN,90.0,,,0.009724690601720312,0.018472009781759696,
N2_vega,BS20,365.0,,,1.3281898590892969,2.227332634676503,
N2_vega,BS_TERM,365.0,,,0.8529744579057015,1.5541066121963656,
N2_vega,SH,365.0,,,0.10170883061662557,0.14641356902708494,
N2_vega,PINN,365.0,,,0.004547343692303368,0.012856264065302239,
N2_vega,BS20,730.0,,,2.0708793547188153,2.462475624936632,
N2_vega,BS_TERM,730.0,,,0.31155783396936154,0.546260946407345,
N2_vega,SH,730.0,,,0.30122902845512634,0.6259588339770877,
N2_vega,PINN,730.0,,,0.0028953662228877663,0.005403704749798023,
N3_sqrt_tau_ATM,BS20,,,,,,0.32969310362005677
N3_sqrt_tau_ATM,BS_TERM,,,,,,10.708411272839088
N3_sqrt_tau_ATM,SH,,,,,,13.561950318118251
N3_sqrt_tau_ATM,DH,,,,,,10.385813038412373
N3_sqrt_tau_ATM,PINN,,,,,,10.44681383325683
N4_fast_vs_slow,DH,7.0,,68.54266124808757,,2.237128500737287,
N4_fast_vs_slow,DH,30.0,,92.56316716585194,,3.4069449246685806,
N4_fast_vs_slow,DH,90.0,,95.22718853027803,,4.528001566041772,
N4_fast_vs_slow,DH,180.0,,92.73448783757526,,4.586157213516613,
N4_fast_vs_slow,DH,365.0,,81.99135140422533,,3.918631894211349,
N4_fast_vs_slow,DH,730.0,,46.29479913597664,,2.7732195774011164,
