figure,model,tau_days,RMSE,max_abs
02_BS_PINN,BS_PINN,7.0,0.006402829711336166,0.019972635477418788
02_BS_PINN,BS_PINN,30.0,0.007831061612166063,0.020814047282267267
02_BS_PINN,BS_PINN,90.0,0.00437190415327329,0.010483436537160884
02_BS_PINN,BS_PINN,180.0,0.006199885293835926,0.011334219951331548
02_BS_PINN,BS_PINN,365.0,0.008652360634316066,0.02569055936519049
02_BS_PINN,BS_PINN,730.0,0.009929984103213774,0.046318738569007756
04_DH_PINN,PINN,7.0,0.0001229850968561546,0.0005302948895687942
04_DH_PINN,PINN,30.0,0.00026774320327700355,0.0008771841814467773
04_DH_PINN,PINN,90.0,0.0004086733859784616,0.0009497394653417146
04_DH_PINN,PINN,180.0,0.0004025092507972869,0.000701635059805028
04_DH_PINN,PINN,365.0,0.0009575243887962,0.0019821584265358183
04_DH_PINN,PINN,730.0,0.0013617308997566446,0.0021475283182610383
05_comparison,BS20,30.0,0.04234884775030638,0.10724517405848433
05_comparison,BS_TERM,30.0,0.04283739922089257,0.10992645507128884
05_comparison,SH,30.0,0.03976400056144672,0.1168367183977903
05_comparison,PINN,30.0,0.00026774320327700355,0.0008771841814467773
05_comparison,BS20,90.0,0.103080492686904,0.19575168592753478
05_comparison,BS_TERM,90.0,0.10556618546594969,0.2110600078198388
05_comparison,SH,90.0,0.0659145998633977,0.1348001773294829
05_comparison,PINN,90.0,0.0004086733859784616,0.0009497394653417146
05_comparison,BS20,365.0,0.381498987059269,0.5719956379323037
05_comparison,BS_TERM,365.0,0.16131592987845225,0.25411809476509006
05_comparison,SH,365.0,0.02791547532178707,0.03972973142422731
05_comparison,PINN,365.0,0.0009575243887962,0.0019821584265358183
05_comparison,BS20,730.0,0.9746660502253414,1.2451728186371653
05_comparison,BS_TERM,730.0,0.11779282640618112,0.20728275574620625
05_comparison,SH,730.0,0.0960010957511913,0.13297602320054835
05_comparison,PINN,730.0,0.0013617308997566446,0.0021475283182610383
06_C_vs_tau_ATM,BS20,,0.6140953484557671,1.1711078379033086
06_C_vs_tau_ATM,BS_TERM,,0.018125149747675828,0.027271952289709134
06_C_vs_tau_ATM,SH,,0.028610317217721788,0.06148084622283889
06_C_vs_tau_ATM,PINN,,0.0007936468000427435,0.0016657042533037014
