model,tau_days,status,max_abs_minus_payoff,mean_abs_minus_payoff,min_time_value
BS20,7.0,ok,1.104914741549372,0.047902281507305716,-1.4210854715202004e-14
SH,7.0,ok,1.0549638050484034,0.04374400430790082,-4.561684363579843e-12
DH,7.0,ok,1.101666055672501,0.04801467306004707,-4.604316927725449e-12
BS20,3.0,ok,0.7233497028794105,0.020535615812255784,-1.4210854715202004e-14
SH,3.0,ok,0.6892441174414454,0.018660053192932513,-2.7394042589889975e-11
DH,3.0,ok,0.7223666249550287,0.02055560272971112,-7.250311462314586e-11
BS20,1.0,ok,0.41762995960262117,0.0068567809374280786,0.0
SH,1.0,ok,0.3975296854489496,0.006215895202497195,-1.1199731630995302e-07
DH,1.0,ok,0.4174335743870383,0.006858966976298828,-3.685462779401405e-08
BS20,0.25,ok,0.20881569492069474,0.0017279907578181587,-1.4210854715202004e-14
SH,0.25,ok,0.19868846458204747,0.0015662910489545514,-9.770370201778178e-09
DH,0.25,ok,0.20879080293422225,0.0017281273959695405,-7.55451775210266e-10
BS20,0.05,ok,0.09338530300560421,0.0003603845692585143,0.0
SH,0.05,ok,0.08884706037714518,0.0003279655338898884,-5.221206578198689e-09
DH,0.05,ok,0.09338306834141274,0.0003603900242486799,-4.931379748995823e-10
BS20,0.01,ok,0.04176318475196439,8.686687023377739e-05,0.0
SH,0.01,quadrature declared unreliable,,,
DH,0.01,quadrature declared unreliable,,,
