figure,tau_days,model,max_abs_gap,rmse_gap,moneyness,gap_at_730d
C_vs_S,30.0,BS20,0.10724517405848433,0.04234884775030638,,
C_vs_S,30.0,BS_TERM,0.10992645507128884,0.04283739922089257,,
C_vs_S,30.0,SH,0.1168367183977903,0.03976400056144672,,
C_vs_S,90.0,BS20,0.19575168592753478,0.103080492686904,,
C_vs_S,90.0,BS_TERM,0.2110600078198388,0.10556618546594969,,
C_vs_S,90.0,SH,0.1348001773294829,0.0659145998633977,,
C_vs_S,365.0,BS20,0.5719956379323037,0.381498987059269,,
C_vs_S,365.0,BS_TERM,0.25411809476509006,0.16131592987845225,,
C_vs_S,365.0,SH,0.03972973142422731,0.02791547532178707,,
C_vs_S,730.0,BS20,1.2451728186371653,0.9746660502253414,,
C_vs_S,730.0,BS_TERM,0.20728275574620625,0.11779282640618112,,
C_vs_S,730.0,SH,0.13297602320054835,0.0960010957511913,,
C_vs_tau,,BS20,0.9742849215167873,,0.9,-0.9742849215167873
C_vs_tau,,BS_TERM,0.15739007970923558,,0.9,0.06406179699267778
C_vs_tau,,SH,0.09962274926663905,,0.9,-0.09962274926663905
C_vs_tau,,BS20,1.1711078379033086,,1.0,-1.1711078379033086
C_vs_tau,,BS_TERM,0.027271952289709134,,1.0,-0.005636838318851645
C_vs_tau,,SH,0.06148084622283889,,1.0,-0.039488007240857215
C_vs_tau,,BS20,1.2444426590248767,,1.1,-1.2444426590248767
C_vs_tau,,BS_TERM,0.22386250758084714,,1.1,-0.08333263996671647
C_vs_tau,,SH,0.13775910607418496,,1.1,0.026425277587723173
