year,v0_slow,kappa_slow,theta_slow,xi_slow,rho_slow,v0_fast,kappa_fast,theta_fast,xi_fast,rho_fast,jump_rate,jump_mean,jump_sd,same_day_iv_rmse_pts,n_quotes
2016,0.016,3.9856,0.0251,0.4766,-0.6604,0.005,18.9856,0.0025,1.4397,-0.498,0.1394,-0.0658,0.1886,0.8674,101.0
2017,0.0039,0.1393,0.1751,0.374,-0.6087,0.0068,15.1393,0.003,0.3875,-0.6975,0.1758,-0.0567,0.1358,0.6686,89.0
2018,0.0073,0.0731,0.1589,0.4059,-0.6958,0.0085,15.0661,0.0046,0.3637,-0.5948,0.2955,-0.0529,0.1282,0.9132,111.0
2019,0.0096,1.3633,0.0239,0.3594,-0.649,0.0064,16.2294,0.0123,0.7317,-0.5967,0.1898,-0.071,0.1695,1.2058,139.0
2020,0.0219,0.7267,0.0197,0.3781,-0.9084,0.016,13.8615,0.0115,1.3133,-0.5505,0.2757,-0.0665,0.1843,1.5025,188.0
2021,0.0063,2.252,0.0167,0.8076,-0.8011,0.0153,13.1307,0.0183,0.3329,-0.8523,0.1731,-0.0571,0.1963,1.1301,286.0
2022,0.0173,0.2184,0.0928,0.312,-0.7124,0.015,15.1223,0.0078,0.9905,-0.6209,0.1031,-0.0671,0.2498,1.011,425.0
2023,0.0061,0.2009,0.0463,0.1621,-0.9026,0.0041,11.6802,0.0044,1.0395,-0.4244,0.0701,-0.0617,0.2491,0.681,368.0
2024,0.0109,1.2129,0.0164,0.1925,-0.8842,0.0066,15.4554,0.0065,1.0124,-0.4955,0.0629,-0.07,0.25,0.8213,449.0
2025,0.009,0.7257,0.0322,0.1984,-0.5987,0.0048,12.2356,0.0033,1.4707,-0.4298,0.0533,-0.066,0.2498,0.5883,470.5
2026,0.0092,0.0603,0.1593,0.1789,-0.6797,0.008,8.5008,0.002,1.2105,-0.4254,0.0577,-0.0946,0.2483,0.6681,552.0
