ticker,date_id,usable_slots,starts_converged,best_price_rmse,price_equivalent_count,median_pairwise_dispersion,max_pairwise_dispersion,price_spread_within_equivalent
HDFCBANK,2026-07-02,19,16,0.0013853978496340747,16,0.6357284942212663,1.425509628208279,5.156120343365999e-07
INFY,2026-07-02,20,16,0.0023108226133458794,16,0.12199398535270312,0.4254162734356949,6.356889348940742e-08
RELIANCE,2026-07-02,20,16,0.0010913535856513753,16,7.522218275810848,13.742153210530617,9.524635875572587e-07
SBIN,2026-07-02,18,16,0.0018527458970846835,16,3.1908027504912,5.3957280108342704,2.315454569432789e-06
TCS,2026-07-02,18,16,0.002386742347923543,16,0.012813096974985982,0.0460821852336586,4.0084918319100576e-08
WIPRO,2026-07-02,20,16,0.0036447638634314002,16,4.417099415745376,4.95991431465777,5.5609519425624775e-06
BEL,2026-07-02,18,16,0.0006367054125785286,16,3.7381621308838664,4.07602579601661,3.505207334350861e-07
TMPV,2026-07-02,18,16,0.0007023278428908928,16,4.933223777083753,8.96499935660028,4.8688298529565074e-05
BSE,2026-07-02,18,16,0.00290458690971507,16,3.923926607476266,5.6932198131534655,3.1759644339824245e-05
JIOFIN,2026-07-02,16,16,0.0006340884344848093,16,7.317007279093221,19.583562568773353,4.374692811171194e-06
TATASTEEL,2026-07-02,16,16,0.0009515705285056589,16,0.47153817988902946,10.816360880764748,9.397202773285377e-05
ITC,2026-07-02,17,16,0.0009664127293870981,16,0.20239676868256126,10.0335721735079,5.318223496620072e-05
VEDL,2026-07-02,18,16,0.0018518717243596855,16,0.017020045655654584,7.077936270588349,5.437871896837648e-05
MCX,2026-07-02,17,16,0.0029172310701947087,16,3.397993099705906,6.928677202182268,5.4517118178803135e-06
ETERNAL,2026-07-02,16,16,0.0018294236414830435,15,0.5197769062297916,1.3224786664962573,3.761140801251863e-07
COALINDIA,2026-07-02,17,16,0.0034835344831718896,16,3.7142021888388226,6.089496008668731,3.184989999589164e-05
HCLTECH,2026-07-02,17,16,0.0014306438512574574,16,0.20681543995344598,1.8802919704295002,1.5463149003890238e-07
ASHOKLEY,2026-07-02,17,16,0.0018710501737573347,16,5.345984854674359,10.440329247563463,5.215013794179313e-05
ICICIBANK,2026-07-02,19,16,0.0022718249345823763,16,0.6202411550726546,6.550907549835203,5.682555736706346e-05
DIXON,2026-07-02,14,16,0.0018452973417454096,16,4.353875466059402,7.24807339505701,1.3014502966684355e-06
ONGC,2026-07-02,17,16,0.001247401889351861,16,2.5658947834461827,4.158922996214758,1.991857829079964e-05
HINDUNILVR,2026-07-02,14,16,0.0005939951397597675,16,0.27436729539596105,1.4262816627425474,5.391306375673085e-07
SBICARD,2026-07-02,16,16,0.003286605683575923,16,0.7299776774226119,16.938623035747817,2.126887159059187e-05
TATAPOWER,2026-07-02,14,16,0.001305885268552668,9,0.1254795569774692,0.31799077500084066,3.9145845658495465e-07
HAL,2026-07-02,11,16,0.0003344091269126912,9,0.09100271732717113,0.23988038899289554,3.7460034040784525e-07
PFC,2026-07-02,12,16,0.0005486629509387199,14,0.2878696870553466,0.829937608932029,9.53219769014987e-07
HINDZINC,2026-07-02,14,16,0.0010055326350339668,14,0.3123161839858804,1.0071293961404486,4.896070136559214e-07
BHEL,2026-07-02,14,16,0.0010001656106009415,14,0.031744108348425955,0.11738195088139032,4.306257286620756e-07
BAJFINANCE,2026-07-02,14,15,0.002997892844765484,15,13.726360672540123,14.046858584717299,0.00018957642312186296
BHARTIARTL,2026-07-02,12,16,0.0025434594881442,16,6.072556974525543,19.243749816303445,0.00010488445537381675
KOTAKBANK,2026-07-02,13,15,0.0005046491257720839,15,0.34783458894846003,1.5782128646780331,1.9253334569723814e-07
LT,2026-07-02,17,16,0.0015532892305908732,16,1.0364337921490792,11.268708410750426,2.423476285088569e-05
BANKBARODA,2026-07-02,19,16,0.0005163769632115104,16,2.4782193400396677,11.56903172971401,9.952764942299202e-06
KALYANKJIL,2026-07-02,11,16,0.0003456072458327035,16,3.6282106366792557,6.721181896849431,2.100426187345286e-06
CANBK,2026-07-02,11,16,0.0008167914414524054,16,3.534907492146619,5.296189411002044,7.664008286975815e-06
HINDALCO,2026-07-02,12,16,0.0011070946077604115,16,2.157622499555799,5.239336209907046,2.5337562426716587e-06
MARUTI,2026-07-02,16,16,0.0021773771427992267,16,2.6788500326008062,6.9926316137943445,3.907245667667935e-05
PNB,2026-07-02,16,16,0.0018451327713011072,16,3.6269214264043708,5.51426122261401,5.2586358593148964e-05
ADANIPOWER,2026-07-02,12,16,0.0016559821842939497,16,0.06330177136127506,8.94551991603628,8.686880954440431e-05
NATIONALUM,2026-07-02,13,16,0.003087725423756919,16,0.03046394811568502,0.07870062311885541,3.316148836042185e-08
HDFCBANK,2026-07-09,20,16,0.0015085478653796077,16,1.22185063069543,5.5640290772423455,2.7736684009935708e-05
INFY,2026-07-09,20,16,0.0014116733021675406,16,0.10253346030339386,1.6928538151226848,2.4182012273903444e-07
RELIANCE,2026-07-09,20,16,0.001980409352485501,16,0.01775033555984898,0.08516604580479772,1.1739974053320834e-07
SBIN,2026-07-09,19,16,0.0023317904014170184,16,2.9420938646202517,5.004401052771299,2.047637639733882e-05
TCS,2026-07-09,20,16,0.0025478813063425304,16,0.013708717577840226,0.04220016361305734,6.094583594783501e-08
WIPRO,2026-07-09,20,16,0.001626295614381223,16,0.07583454769521417,0.20371770233404168,1.0734024727268934e-07
BEL,2026-07-09,19,16,0.001509606370856129,16,0.3141207058128148,19.805420621457696,9.536582195280576e-06
TMPV,2026-07-09,20,16,0.001404706545777223,16,0.6588206638480523,3.6141430883646306,2.4146694786725178e-05
BSE,2026-07-09,20,16,0.0009215363354661455,16,0.005874655783655782,4.9543692716545635,3.327405665979938e-05
JIOFIN,2026-07-09,19,16,0.001628839193664545,16,2.9850577381321814,17.85341953940805,1.9411439494807078e-05
TATASTEEL,2026-07-09,18,16,0.0014901639345451885,16,2.1114083896924623,3.71638254071241,2.1266095703392513e-05
ITC,2026-07-09,19,16,0.001915284668144944,16,11.240117765598308,11.637051817830415,2.8873427877814783e-06
VEDL,2026-07-09,18,16,0.001023529084297558,16,4.007230624895298,4.471019175797848,1.9865599234209332e-05
MCX,2026-07-09,20,16,0.003155171280825941,16,0.3109728413807302,16.429164869848485,2.6481834159909623e-05
ETERNAL,2026-07-09,19,16,0.0018366711181963854,16,0.058238393840834346,10.645562036987515,5.8648438902402606e-05
COALINDIA,2026-07-09,18,16,0.0031788480196083225,16,2.4869376473364184,3.431444746434132,7.793838363377714e-06
HCLTECH,2026-07-09,19,16,0.002940357914782342,16,0.09471736542269532,0.30985085167743986,2.2832213053373962e-08
ASHOKLEY,2026-07-09,19,16,0.003936568865152571,16,0.32481662851824344,1.2645303803217307,8.932236719803172e-08
ICICIBANK,2026-07-09,18,16,0.002394632394731608,16,0.2532381530315424,0.9022105643132707,7.042652082692169e-08
DIXON,2026-07-09,19,16,0.00197461558670002,16,2.8385510008778727,3.4116337562665398,2.3252274868493066e-06
ONGC,2026-07-09,19,16,0.0004398931135899933,6,0.017128653435603994,0.044772080934572425,4.848427771463873e-07
HINDUNILVR,2026-07-09,19,16,0.0010258810082689079,16,0.6720082284133639,1.7988662476543058,1.0271846426501436e-06
SBICARD,2026-07-09,18,16,0.0038659559202862794,16,0.07381974276923794,0.2151943605613713,3.555088888421501e-08
TATAPOWER,2026-07-09,20,16,0.002436876473101908,16,7.457424974553078,14.911102486978029,4.796554802700796e-05
HAL,2026-07-09,18,16,0.0012582074857472498,16,0.03889914762809906,4.713987362826539,6.34024599863196e-05
PFC,2026-07-09,18,16,0.0053026578908216436,16,0.6225622998492637,7.415560513225647,1.8406159325827162e-05
HINDZINC,2026-07-09,19,16,0.0024017892365958138,16,3.3087674668910103,5.355972588067789,6.957688483799629e-06
BHEL,2026-07-09,18,16,0.0035641988977480545,16,0.07958793498999962,11.738320771637257,4.7901957820494726e-05
BAJFINANCE,2026-07-09,18,16,0.0007578492915409253,16,2.315773190014103,3.880616556752035,8.912393380493895e-06
BHARTIARTL,2026-07-09,18,16,0.006170984934851083,16,6.641247892374301,43.79627908911231,2.4170561343804346e-05
KOTAKBANK,2026-07-09,19,16,0.0018082471038186729,16,6.7781057915313125,13.349161766040645,6.18964350327625e-06
LT,2026-07-09,19,16,0.0018287700799279193,16,1.6112060701855948,5.955435328891192,4.5506957535230205e-06
BANKBARODA,2026-07-09,18,16,0.0011149639815728465,16,0.6149165895697675,2.0072351699989297,1.662235041206047e-07
KALYANKJIL,2026-07-09,19,16,0.0021621908225457277,16,0.05344469049846973,0.617419696265737,2.2031567053354406e-08
CANBK,2026-07-09,16,16,0.0012458400082958137,16,4.878609672003303,22.996950796565237,2.2207015013564176e-05
HINDALCO,2026-07-09,16,16,0.0019914830034425167,16,12.451983690517958,13.244326889237895,3.799730789875392e-05
MARUTI,2026-07-09,18,16,0.0018704646928703193,16,0.040976515910505905,0.19978248186029546,5.3995117171423e-07
PNB,2026-07-09,19,16,0.0022805877973060508,16,0.21196037231552828,0.6974345755708357,1.4360844569245856e-07
ADANIPOWER,2026-07-09,16,16,0.002317728764596788,16,0.014173129476202431,0.07634088863099388,1.5366149791213451e-07
NATIONALUM,2026-07-09,17,16,0.0014878667657583688,16,4.356377863739946,8.621944481607919,5.437250186934124e-05
HDFCBANK,2026-07-16,20,16,0.0008615769365843052,16,0.06079138701611826,0.18750874835389025,3.2483399593243294e-07
INFY,2026-07-16,20,16,0.0011695713391083173,16,0.08974878938461622,1.4648515922721155,7.67791818666666e-07
RELIANCE,2026-07-16,20,16,0.002768342778760912,16,0.18683987770185861,13.8990177743505,1.2285605800248841e-05
SBIN,2026-07-16,20,16,0.0008340488231760794,16,3.4230399361762798,11.36035913367286,3.292593949545317e-05
TCS,2026-07-16,20,16,0.0008137710975722615,10,0.013889204084539317,0.04533622835072313,1.3474704150867253e-08
WIPRO,2026-07-16,20,16,0.0028505927953550885,16,0.046224188493397954,0.12977764741412193,1.0339369268305004e-08
BEL,2026-07-16,19,16,0.002800400042391797,16,0.5256436577353618,21.092723262370377,4.4267637154584046e-05
TMPV,2026-07-16,20,16,0.0007186948868213199,16,3.3070742840222334,7.786567973117691,4.39997579304264e-05
BSE,2026-07-16,19,16,0.002076348877304361,16,0.12157471663545183,19.450859003184945,5.6183297446756476e-05
JIOFIN,2026-07-16,20,16,0.002303263087994562,16,0.035640985574715664,0.11126481047209213,1.730940009728177e-08
TATASTEEL,2026-07-16,20,16,0.002016991282759989,16,14.78212929599869,15.218313938389343,8.621330903154593e-05
ITC,2026-07-16,20,16,0.001644145570205118,16,9.321772834651144,16.383077009227538,3.748471003036302e-05
VEDL,2026-07-16,20,16,0.0021402313107027177,16,4.056877419599418,6.561408750122226,2.55058794826255e-05
MCX,2026-07-16,20,16,0.0033343081195990045,16,1.144302727675039,12.652972557277243,1.2291770659943625e-05
ETERNAL,2026-07-16,20,16,0.0028271853027974163,16,0.00019753972774681352,0.002530755131081967,2.528817317397694e-08
COALINDIA,2026-07-16,20,16,0.005441802048309821,16,4.259399765190917,27.927911427002247,2.9107192686835676e-05
HCLTECH,2026-07-16,20,16,0.008202287380004687,16,0.011628923725621697,7.682631497376452,1.3368637087174395e-05
ASHOKLEY,2026-07-16,19,16,0.002240015727299634,16,0.014571821257917918,7.216313093718242,7.999032683967799e-05
ICICIBANK,2026-07-16,20,16,0.004524333366242596,16,0.24853677712069147,36.32497179809421,3.649238199343423e-05
DIXON,2026-07-16,20,16,0.004031828836157432,16,0.026105646553598563,7.766363065131662,0.00010056207181319537
ONGC,2026-07-16,20,16,0.0009299501325793994,16,4.585988515074153,6.171273245589051,4.0660411179775104e-05
HINDUNILVR,2026-07-16,18,16,0.0010520630297861317,16,0.7620555916913199,1.890081359550059,6.405789872540764e-07
SBICARD,2026-07-16,20,16,0.005031383334591474,16,11.47446741229205,22.948989468168108,6.170877260250427e-05
TATAPOWER,2026-07-16,18,16,0.001547508253519485,12,0.022619694327847245,0.21670790095353723,5.337172266518114e-07
HAL,2026-07-16,18,16,0.0026358594767846486,16,0.2552829377323063,1.5252356218198857,9.321629740135541e-07
PFC,2026-07-16,19,16,0.004388758385477014,16,3.0209704056108637,9.764165571902671,4.002551482375216e-05
HINDZINC,2026-07-16,19,16,0.0009378628314510642,13,0.011176508207109907,0.0242371540168015,8.295602085199149e-08
BHEL,2026-07-16,20,16,0.0035523185322709296,16,2.863135991440077,22.186426658090117,1.0182467126201508e-05
BAJFINANCE,2026-07-16,18,16,0.0007425461599013136,16,3.870222492961059,5.5160618511644985,3.086863261448291e-05
BHARTIARTL,2026-07-16,19,16,0.009251214289337019,16,0.10042193886635366,4.288859582922081,1.0989752124003146e-05
KOTAKBANK,2026-07-16,19,16,0.002813322388832432,16,21.794423285408175,22.395988965112178,9.103509071027756e-05
LT,2026-07-16,19,16,0.0016387113521462411,16,19.78220165875453,20.579051605890438,1.664898631084633e-05
BANKBARODA,2026-07-16,19,16,0.0019371065332072007,16,21.430942754044857,21.837572084822376,1.62109294132534e-05
KALYANKJIL,2026-07-16,19,16,0.003734328492044545,16,0.030396718827545324,18.066467500124187,0.00011798843632181578
CANBK,2026-07-16,18,16,0.0009234799927390502,16,0.06937683158135853,0.5409520281574729,3.121799042736951e-07
HINDALCO,2026-07-16,19,16,0.0015484639845801662,16,7.330890337633763,28.471727910961654,1.6875377069732172e-05
MARUTI,2026-07-16,19,16,0.0021308929672289047,16,4.1725438333301685,8.753329370520229,3.388949801951674e-05
PNB,2026-07-16,18,16,0.000742808268820197,16,0.10056230232299551,0.32820382285918304,1.51458226267903e-07
ADANIPOWER,2026-07-16,19,16,0.0021057738337093043,16,0.19442412787001176,7.036381228393255,1.1035255535733583e-05
NATIONALUM,2026-07-16,19,16,0.001484194132290425,10,0.029135052522693546,0.056448899886703985,2.153868344334335e-08
HDFCBANK,2026-07-23,20,16,0.0018980484017475116,16,0.7703753630038175,28.466413283532084,6.529703540574449e-06
INFY,2026-07-23,20,16,0.007648927468676166,16,0.03796199272213849,19.733176221558686,6.171596836695645e-05
RELIANCE,2026-07-23,20,16,0.0020459819803392643,16,0.5319660108210433,40.78582292738629,9.044222603933573e-05
SBIN,2026-07-23,19,16,0.0013183659729876906,16,1.794499997580252,43.03893913028416,2.4140260752377558e-05
TCS,2026-07-23,20,16,0.0041448543422338375,16,28.332882534782335,33.290221327489526,2.2959923373986127e-05
WIPRO,2026-07-23,20,16,0.010558385370026319,16,7.903563301325544,8.062847318356297,1.745630669434256e-05
BEL,2026-07-23,20,16,0.003803071749699477,16,1.776677081671483,42.73465274135488,5.0246693327847276e-05
TMPV,2026-07-23,20,16,0.002203726750408937,16,18.357485198174047,18.949276827335535,2.9050255028742998e-05
BSE,2026-07-23,20,16,0.003571761314635228,16,0.012286644435488134,3.0006350223969203,4.821993185290859e-06
JIOFIN,2026-07-23,20,16,0.002609852557241107,16,2.9177149252568766,6.033465887993011,1.3478497699870827e-06
TATASTEEL,2026-07-23,19,16,0.0011082675557729947,16,3.05677175159002,40.9446590883494,4.433945090088348e-05
ITC,2026-07-23,20,16,0.0012696287518858883,16,11.948478017551448,23.293146702608027,3.868946259774782e-05
VEDL,2026-07-23,20,16,0.0018161021778272607,16,0.03643833460662166,10.015602353358192,7.920559850023022e-05
MCX,2026-07-23,20,16,0.000787698091530699,12,13.24310685514756,13.351856150495138,5.626559391020878e-05
ETERNAL,2026-07-23,20,16,0.0013020438410209342,12,0.10204866391430532,0.35246506847082043,3.0499253398427045e-08
COALINDIA,2026-07-23,19,16,0.011105482144845701,16,5.825322527799045,6.060235225349095,8.127038458699554e-05
HCLTECH,2026-07-23,20,16,0.0047332607501533105,16,3.1149298130293746,5.872976349990507,5.363331243873892e-06
ASHOKLEY,2026-07-23,20,16,0.0007889258231553268,16,3.013264037496734,5.798441003714453,7.951163969367671e-06
ICICIBANK,2026-07-23,20,16,0.001211612322075113,16,0.7968717679014665,30.506924551569423,1.9207372804060877e-05
DIXON,2026-07-23,20,16,0.0032882214910199574,16,0.39073715701975253,0.9856516680057738,1.0911395692189685e-07
ONGC,2026-07-23,20,16,0.0031881656417272965,16,2.0167489075355545,43.600382634124365,2.9476828056441626e-06
HINDUNILVR,2026-07-23,19,16,0.00244828368837701,16,2.2108948427661206,42.32274081931712,1.864330550008361e-05
SBICARD,2026-07-23,19,16,0.005762877080179637,16,0.36094634454954816,37.55601040476132,5.095871108289768e-06
TATAPOWER,2026-07-23,19,16,0.002811630315998639,16,6.445316574581182,41.173559644207366,2.144089260556342e-06
HAL,2026-07-23,20,16,0.004384651349834866,16,4.017504910462636,9.831547584373496,6.33930267815528e-06
PFC,2026-07-23,19,16,0.002891292896250452,16,5.166383227709829,9.367502627177432,2.9694454609691286e-06
HINDZINC,2026-07-23,19,16,0.0030795141278060494,16,0.10656835767568879,38.88319394078845,5.329237527662567e-07
BHEL,2026-07-23,20,16,0.0029403169668115806,16,0.02697507570876781,13.977605103820549,4.678818778528198e-06
BAJFINANCE,2026-07-23,20,16,0.0017471761566077082,16,15.609438602784294,16.077750900799753,1.009373913137641e-05
BHARTIARTL,2026-07-23,20,16,0.02577671438089312,16,0.12069700818708978,7.8904504339596135,2.935657980302972e-05
KOTAKBANK,2026-07-23,19,16,0.0013637092303694725,16,0.41248494465435714,37.904079615650815,1.9567724082369e-05
LT,2026-07-23,18,16,0.0015149919265127962,16,2.686511592598216,5.97511262921907,1.446228054668465e-06
BANKBARODA,2026-07-23,18,16,0.0017952886871410373,16,0.7632103240965523,3.4656112178652916,8.602238877643276e-08
KALYANKJIL,2026-07-23,20,16,0.003971537027164631,16,0.2856448661822915,1.9402309913984312,1.0384786418207032e-07
CANBK,2026-07-23,20,16,0.0020675376426019638,16,0.01578171274448357,0.046266833940071216,3.4892781428964847e-09
HINDALCO,2026-07-23,20,16,0.0018180685484157696,16,17.897251630028315,18.462414599998702,1.0073569039045467e-05
MARUTI,2026-07-23,20,16,0.0020617979900381337,16,0.035077674461729914,2.927871373918928,5.08829495823827e-06
PNB,2026-07-23,20,16,0.0035644376521078514,16,4.506237281856099,9.118317856075379,1.4267463752911172e-06
ADANIPOWER,2026-07-23,19,16,0.00176720191703214,16,4.605076018545089,26.803385380137872,1.6611807936631152e-05
NATIONALUM,2026-07-23,20,16,0.0029109939611239254,16,9.63750208868126,31.37941820543381,5.463744301718041e-05
