date,case,model,IV_RMSE_volpts,n
2025-01-15,BEST for Double Heston,BS,11.098735550122122,97
2025-01-15,BEST for Double Heston,SH,3.638670732066401,97
2025-01-15,BEST for Double Heston,DH,0.9537875048213492,97
2025-09-02,TYPICAL,BS,5.8227817743616495,133
2025-09-02,TYPICAL,SH,1.962268956389376,133
2025-09-02,TYPICAL,DH,1.4051306599813946,133
2024-10-20,WORST for Double Heston,BS,5.995280883575215,60
2024-10-20,WORST for Double Heston,SH,2.9702996985677954,60
2024-10-20,WORST for Double Heston,DH,3.171049421926129,60
