expiry,days,model,n,IV_RMSE_volpts
2025-10-17,5.030759305555556,BS,26,8.01949121455781
2025-10-17,5.030759305555556,SH,26,2.9124724304240153
2025-10-17,5.030759305555556,DH,26,2.4358167807824884
2025-10-31,19.01279303240741,BS,37,6.8883172785271345
2025-10-31,19.01279303240741,SH,37,2.179149867191968
2025-10-31,19.01279303240741,DH,37,1.7991147496390947
2025-11-28,47.01814262152778,BS,30,4.338105693602382
2025-11-28,47.01814262152778,SH,30,0.6238567359214545
2025-11-28,47.01814262152778,DH,30,0.6380275506921749
2025-12-26,75.0366523900463,BS,26,7.274702715194592
2025-12-26,75.0366523900463,SH,26,2.3198894398191587
2025-12-26,75.0366523900463,DH,26,1.5320748999157352
