date,expiry,days,n,held,BS,SH,DH,dh_best,margin,sep_pct
2022-02-21,2022-02-25,4.022276863425926,8,False,0.0013494916141165768,0.0005250690403983483,0.00038539527959183896,True,1.3624168955946574,0.903580050705515
2022-09-10,2022-09-16,6.0292789699074065,9,False,0.0016888893951540608,0.0007897921576013447,0.0005251017729055053,True,1.5040744449047438,1.6190854092658735
2023-03-18,2023-03-24,6.012378773148148,12,False,0.0023734306145747415,0.0009690595191143116,0.0004916105887519469,True,1.971193341409642,2.031393696721618
2023-03-18,2023-03-31,13.028075046296296,11,True,0.0024414689946063487,0.0007495257163703946,0.001244791621793556,False,0.6021294674930746,3.4668991495202763
2023-03-18,2023-04-07,20.040978715277777,7,False,0.0032630895936295837,0.000680463768104355,0.00038085282249512056,True,1.7866843250533428,2.766939660176934
2023-03-21,2023-03-24,3.0233686458333335,13,False,0.0017116466288267498,0.0008008920799741159,0.0003012811745552546,True,2.6582878308157722,2.3718072696217636
2023-03-21,2023-03-31,10.014198182870372,9,True,0.002971087128489334,0.001961251258830812,0.0009590984596410797,True,2.0448904271671595,4.649626626044866
2023-03-21,2023-04-07,17.033961747685183,10,False,0.002627402078457502,0.0013735565266288228,0.0011230561859443316,True,1.223052367120756,3.9860810409625653
2023-03-21,2023-04-28,38.02139886574074,9,True,0.003981431384657767,0.0004292675305303077,0.0005281893844332254,False,0.8127151797852471,1.3469537330441586
2023-08-18,2023-08-25,7.005815457175927,16,False,0.0019937680287615118,0.00047682612554704527,0.00042664568116132756,True,1.1176162014558,2.6219586407464015
2023-08-18,2023-09-01,14.023258888888888,13,True,0.001989546452246353,0.0013434904090820576,0.0008512404978774763,True,1.5782736047356543,1.106354134723406
2023-08-18,2023-09-08,21.0115929224537,10,False,0.00242265481587043,0.0013368288616851284,0.000700010529408798,True,1.9097267905586546,1.5814872424148183
2023-08-18,2023-09-29,42.01119936342593,10,True,0.0034342997387067837,0.0016422008861532434,0.0009695432710329853,True,1.6937881322239337,2.714651608897987
2023-08-18,2023-10-27,70.01396359374999,8,False,0.003994236908168412,0.0009331897707205909,0.000944252852401519,False,0.9882837720290796,2.269001051741755
2023-08-18,2023-12-29,133.01192930555555,9,True,0.011087717195859647,0.0022393145302926484,0.002329502411026293,False,0.9612844870618051,3.682803825745836
2023-08-21,2023-08-25,4.011520572916666,10,False,0.0014394707347267788,0.0005261213864266722,0.0007048162529450565,False,0.7464660246245565,1.456348153529481
2023-08-21,2023-09-01,11.02717497685185,14,True,0.0016065299109684623,0.0012018894185392955,0.0008372606843103844,True,1.4355020378500634,1.0278485362090926
2023-08-21,2023-09-08,18.045359097222224,9,False,0.0023107823271374347,0.0015560110633928382,0.0012506042198564815,True,1.2442074308460314,1.289660438912956
2023-08-21,2023-09-29,39.03546599537037,10,True,0.004234287168287094,0.002379024509527661,0.0011601522065650435,True,2.0506141315469555,2.151496280168821
2023-08-25,2023-09-01,7.006534039351852,8,False,0.001262311513695048,0.00016274511023240724,0.00023877078679648513,False,0.6815955687708232,0.6322006152304098
2023-08-25,2023-09-08,14.015028125,8,True,0.00226975135602746,0.0006964309209269034,0.0007248458558152902,False,0.9607986516575634,0.7925317446377851
2023-08-25,2023-09-15,21.01454601851852,7,False,0.00260918856796155,0.0008448790260853006,0.0005524640110546201,True,1.5292924229987,0.9489022593308718
2023-08-25,2023-09-29,35.00952236111111,11,True,0.005049017725348322,0.0006324198265319407,0.00047971249291613237,True,1.318330950039498,0.8787853694404135
2023-08-25,2023-10-27,63.006859542824074,10,False,0.004631621344651654,0.00030436137619792476,0.0005215479704331113,False,0.5835731197365654,0.7520240918482284
2023-08-25,2023-12-29,126.0090125,7,False,0.004846016125027344,0.0007082123613272006,0.0008327496022611235,False,0.8504505548897615,0.7123697185819123
2023-10-23,2023-10-27,4.003427366898148,10,False,0.0016295552743539263,0.00038466631105534146,0.0005106348304451023,False,0.7533099744097783,0.950477255822011
2023-10-23,2023-11-03,11.011499027777775,13,True,0.002185685220795013,0.0008077375558544441,0.00026542388123977157,True,3.0431984947306665,1.924517118384122
2023-10-23,2023-11-10,18.025453692129627,13,False,0.0023819369573437016,0.001079195244940482,0.0006779688810065431,True,1.5918064607010578,2.308842988005461
2023-10-23,2023-11-24,32.00689833912037,8,True,0.004063982280939973,0.0015804623663937863,0.0008504714376831534,True,1.858336795765026,2.517508118422482
2023-10-23,2023-12-29,67.00998291666667,11,False,0.004460799080222339,0.0030954857747013823,0.0012363824908965613,True,2.5036635486941377,2.611783446429063
2023-10-23,2024-03-29,158.01096634837964,12,True,0.007518133822411781,0.002189978695150638,0.0014449161219832788,True,1.5156441691194456,2.342555840699615
2023-10-26,2023-11-03,8.012109652777777,15,False,0.0022872314645145508,0.0006742146505622484,0.0003826075332673437,True,1.7621572811300261,1.9191860677385375
2023-10-26,2023-11-10,15.016106336805557,14,True,0.0028410381021066024,0.0012367847865350282,0.0008796028515707645,True,1.4060718247177355,2.4159455544382333
2023-10-26,2023-11-24,29.011039311342593,8,False,0.002880928721015621,0.0021487070787830427,0.000360791993354995,True,5.95552872114005,3.568089728186293
2023-10-26,2023-12-29,64.0158720775463,12,True,0.0035125322606214277,0.0018534514237825896,0.0017551999670366066,True,1.0559773579029095,3.3222349237083244
2023-10-30,2023-11-03,4.007081545138889,10,False,0.0011162727470617872,0.000707195908129572,0.0002826618346332226,True,2.501915085378321,2.1021329273780776
2023-10-30,2023-11-10,11.010361550925927,8,True,0.0015164418375439017,0.0005730058550963375,0.0008565868130869697,False,0.6689407849174535,2.3133416546151246
2023-10-30,2023-11-17,18.034289479166667,11,False,0.0018510531492159257,0.0007244452139736986,0.0005637775980567979,True,1.2849840370931414,2.3186999130294317
2023-10-30,2023-11-24,25.016406799768518,8,True,0.00369954947917197,0.0013605676783357407,0.0007189451632936898,True,1.8924498665553264,1.6448449489859975
2023-10-30,2023-12-29,60.01658890046296,8,False,0.004191354762817851,0.001637400215704713,0.0015340591995872334,True,1.0673644251442744,1.5302929387593283
2024-01-06,2024-01-12,6.016594027777778,15,False,0.0019272885613733353,0.0007609383291136983,0.0006527216699435642,True,1.1657929622276686,1.5543013788202418
2024-01-06,2024-01-19,13.016207644675927,10,True,0.0016451061991777608,0.00038277668988034055,0.001594278615850446,False,0.24009397483899236,2.965347511468777
2024-01-06,2024-01-26,20.02817747685185,8,False,0.002138170875503153,0.0012628230036682427,0.0013928755336698696,False,0.906630185642667,2.8111859684454275
2024-01-09,2024-01-12,3.0087235243055552,12,False,0.002080231562314451,0.0008142215670405472,0.0016417406878112895,False,0.49595016623851756,2.707527055973387
2024-01-09,2024-01-19,10.029135694444443,9,True,0.0014199818703019243,0.0026240381024585768,0.0015606633656030735,False,0.9098578858184533,4.3143465101010685
2024-01-09,2024-01-26,17.02828503472222,12,False,0.003121430668261095,0.003805418832904252,0.0008474094514693896,True,3.6834975853155782,6.110641302169673
2024-01-13,2024-01-19,6.008685023148148,19,False,0.0017195615900250602,0.0005496184071095422,0.0003555591758116605,True,1.5457860308481388,1.1412358298527094
2024-01-13,2024-01-26,13.01253417824074,9,True,0.0014582870957744675,0.001965766270987154,0.0019048902705040946,False,0.7655491333831834,0.8412903866100586
2024-01-13,2024-02-02,20.005069733796297,9,False,0.0017738473952244517,0.0015724397266728613,0.0014549060517796014,True,1.0807843741865641,1.4995724761137381
2024-01-13,2024-02-23,41.019523802083334,14,True,0.002157258048468811,0.001949268188016844,0.0007380794481760306,True,2.641000495046906,2.097105889535189
2024-01-13,2024-03-29,76.0326490625,7,False,0.0026777819971648296,0.001196550625228848,0.0013705328872361925,False,0.8730550258022659,1.6047629466834898
2024-02-29,2024-03-08,8.01126775462963,15,False,0.0013727861363904996,0.0007452179440099295,0.00032182138302039466,True,2.315625944478348,0.9652851404261639
2024-02-29,2024-03-15,15.010983460648148,11,True,0.0017222876572794074,0.0006476086751661714,0.0009503299553121412,False,0.6814566578125602,1.4969890029716202
2024-02-29,2024-03-29,29.009607060185186,7,False,0.0031185193659216313,0.0009272308194649571,0.0011917167416794128,False,0.7780630975765835,1.7951434624951519
2024-02-29,2024-04-26,57.041404386574065,10,True,0.0024181283254066403,0.0029721957832473584,0.001322628768129476,True,1.8282744059971352,1.7765113232179557
2024-02-29,2024-05-31,92.04969329861112,8,False,0.0015203683972150187,0.004112174669288613,0.0023808507059108306,False,0.6385819965277406,1.5628645725788564
2024-03-03,2024-03-08,5.016396192129629,17,False,0.0012153604355516286,0.00037342141167469355,0.0003646243063444415,True,1.0241264917812196,0.7603800648267778
2024-03-03,2024-03-15,12.027225671296296,8,True,0.000970969215133974,0.0012431001142749402,0.0011676422793518305,False,0.8315639406899247,0.38018116565570925
2024-03-03,2024-03-22,19.01621158564815,10,False,0.0017043183496018015,0.0007529483312079716,0.0007026858573713889,True,1.0715290813232028,0.4676615328293077
2024-03-03,2024-03-29,26.01222290509259,7,True,0.0017075101664246872,0.0013813812248350387,0.0013419114255676103,True,1.02941311812047,0.6158928496445747
2024-03-03,2024-04-26,54.01390440972222,8,False,0.0021909161546020462,0.00047289383390640015,0.0005039553518592041,False,0.9383645439259428,0.7302407957104284
2024-03-07,2024-03-15,8.0114353125,13,False,0.0009051180473532708,0.0007923396905642303,0.00041037649519286854,True,1.9307628478864194,1.1596156297704094
2024-03-07,2024-03-22,15.03376681712963,9,True,0.0017056327596668337,0.0010277143007117275,0.0005414490608053604,True,1.8980812325781637,1.9498682432058978
2024-03-07,2024-04-26,50.02377366898149,7,True,0.0032214190927838666,0.0021342626082994564,0.0006023246869476852,True,3.5433756154258833,1.8614234705129782
2024-04-11,2024-04-19,8.01980105324074,11,False,0.0015675106142597818,0.0004828760941320398,0.000292198205866884,True,1.652563514890377,0.7730905373363999
2024-04-11,2024-04-26,15.003894965277778,10,True,0.0024705386650789654,0.0011121226122881044,0.0011964635425757125,False,0.9295081485675348,0.6167447477863508
2024-07-20,2024-07-26,6.026675671296296,15,False,0.001531754778139132,0.00029191465046693585,0.0002230489175126946,True,1.3087472188710436,0.33055885008273245
2024-07-20,2024-08-02,13.031339479166666,13,True,0.0018184180640025184,0.0031587786903801256,0.002840047166803717,False,0.6402774169588973,0.7224122718164255
2024-07-20,2024-08-09,20.01585045138889,7,False,0.0020003873931794245,0.0011642383263423366,0.0008815516257901625,True,1.32066947899823,0.8564634616591672
2024-07-20,2024-08-30,41.04014423611111,11,True,0.005079030865340598,0.0013767873319929873,0.0019962232844319846,False,0.6896960589179508,0.7874642080228884
2024-07-23,2024-07-26,3.020963796296296,18,False,0.000956403762332818,0.00026801278212496476,0.00016601120745284083,True,1.6144258344792761,0.5300862077067049
2024-07-23,2024-08-02,10.034264872685185,15,True,0.001265786061852135,0.0032017805967203077,0.0024856263980424956,False,0.5092422830916903,1.770356420446665
2024-07-23,2024-08-09,17.021308622685183,7,False,0.0014372579284979657,0.002787929412490841,0.0011018625498306546,True,1.3043894891598395,2.5949023824658086
2024-07-23,2024-08-30,38.0349316087963,16,True,0.002242139714664937,0.0009629012784344393,0.0018220254375245803,False,0.5284785045277114,2.9238470366055473
2024-07-27,2024-08-02,6.02774292824074,14,False,0.0015499513564751065,0.0010771533857431186,0.0004979017430666653,True,2.163385448519902,2.0542231413450347
2024-07-27,2024-08-09,13.015385625,12,True,0.0014048284738800581,0.0008347781736891023,0.0006115748070598336,True,1.3649649463200197,1.24783198856369
2024-07-27,2024-08-16,20.01344515625,10,False,0.0016134076022853432,0.0017822564419834677,0.000550734400824387,True,2.929556606360988,2.8337825586971155
2024-07-27,2024-08-30,34.04372244791667,12,True,0.0029282873051045544,0.0032334222799175003,0.0004983306499045263,True,5.876193458430816,3.8028446594638496
2024-10-03,2024-10-11,8.01319435763889,12,False,0.0008249539144442973,0.0003494492620151493,0.00043175669049604965,False,0.8093661770791867,0.38315906186055604
2024-10-03,2024-10-18,15.025693292824073,8,True,0.001597038550685945,0.0004920375734903844,0.0005121011725062388,False,0.9608210250375671,0.32910393504888247
2024-10-03,2024-10-25,22.01455908564815,17,False,0.0017675979868783313,0.0009965473462576371,0.001157452451405425,False,0.8609833994023595,0.5929382727734245
2024-10-03,2024-11-29,57.02457651620371,11,False,0.001409073438115844,0.0028454446278972745,0.0016916920820297726,False,0.8329373017016021,1.3200739424693373
2024-10-20,2024-10-25,5.01555287037037,9,False,0.0008340230539564694,0.0003116116962081174,0.00029141200038677775,True,1.0693166231813704,0.49736377445682045
2024-10-20,2024-11-01,12.042450092592592,11,True,0.004349387007932472,0.002134598221655925,0.0033565336976068214,False,0.6359531629841448,2.5189521398221992
2024-10-20,2024-11-08,19.029066400462966,8,False,0.0014734095480859748,0.002109559141323078,0.0008212408975233166,True,1.7941258801521656,2.2778052193661074
2024-10-28,2024-11-01,4.005458472222222,13,False,0.0008472328671280849,0.0007112492436510172,0.0003964299158771029,True,1.7941361516004037,0.8548752982575853
2024-10-28,2024-11-08,11.010267557870373,13,True,0.003932190272772399,0.0075232006829262866,0.005781117531465526,False,0.6801782270244867,3.3154156237542143
2024-10-28,2024-11-15,18.012492743055557,7,False,0.0007929809964241204,0.004900422853227988,0.002440037650241212,False,0.3249871969581001,3.7910925543762555
2024-10-28,2024-11-29,32.02739762731481,13,True,0.00206058544968885,0.0011391809983109329,0.0012182569563483686,False,0.9350909037495179,1.562479926621044
2024-12-30,2025-01-03,4.02059412037037,13,False,0.0008974211538184998,0.00037442106169038874,0.0003917650514946579,False,0.9557285936096174,0.30391267310455955
2024-12-30,2025-01-10,11.02314726851852,15,True,0.001516490046839825,0.0005258424509959044,0.0003788838207174489,True,1.3878725409814985,0.8397864399821212
2024-12-30,2025-01-17,18.03241511574074,11,False,0.0015006605288494536,0.0007362757222176288,0.0003824180286752288,True,1.925316452177301,0.9284836018764883
2025-01-04,2025-01-10,6.014680121527778,10,False,0.0008901131030905837,0.00048424647240879966,0.00038963244363461076,True,1.2428289284424066,0.53150071352279
2025-01-04,2025-01-17,13.036108796296293,10,True,0.002204343774282695,0.0012925699186495338,0.0006535452557239876,True,1.9777818097962385,2.0783093888595077
2025-01-04,2025-01-24,20.022920787037037,8,False,0.0014094200968387445,0.0015906327196787032,0.0004107684060238495,True,3.4311794095403543,2.359839905294297
2025-01-04,2025-01-31,27.02993629629629,13,True,0.001716611288359043,0.0010758094231254635,0.0003666786024690501,True,2.933930193584908,1.98869994259127
2025-01-15,2025-01-24,9.026130011574075,13,False,0.0009476505135591098,0.00045534327056854823,0.0001614697268955329,True,2.81999158184707,1.1721267083432148
2025-01-15,2025-01-31,16.006862881944446,20,True,0.0016881565076986044,0.000980178407025208,0.0005626327376124588,True,1.74212828635712,1.3399049481344065
2025-01-16,2025-01-24,8.018101938657406,10,False,0.0011960830256150096,0.0005551170529745118,0.0004066862802829471,True,1.364976100468144,0.8735229191020328
2025-01-16,2025-01-31,15.028499513888889,9,True,0.001916454697147532,0.0007587500990053983,0.00021532409626568615,True,3.5237584281751007,1.2555685493608835
2025-01-16,2025-02-28,43.04133164351852,7,False,0.002958772629542142,0.0003307299136245909,0.0003342202663950181,False,0.9895567291353243,0.46056743689925483
2025-07-18,2025-07-25,7.0049888368055555,18,False,0.0010139735257580938,0.0005707912822595228,0.00018890022881413453,True,3.0216547954589514,1.9110564791913256
2025-07-18,2025-08-01,14.01867560185185,18,True,0.001110539796030359,0.0008992603730703021,0.00038591155337811483,True,2.330224024646419,1.4322701911140743
2025-07-18,2025-08-08,21.00183142361111,11,False,0.000993468262231039,0.0008105579881969808,0.00042649892603876144,True,1.9004924484225194,1.39294065034026
2025-07-18,2025-08-29,42.020236869212965,16,True,0.0034930950308720756,0.0014418030101555476,0.0016751480845997044,False,0.8607018229675395,1.4751617455379142
2025-07-21,2025-07-25,4.019626307870371,17,False,0.0009309284838260655,0.000665865182565823,0.0004513879859131924,True,1.4751504323242606,1.8557213001419837
2025-07-21,2025-08-01,11.029539525462962,17,True,0.0013131512412855048,0.00067666155031939,0.0005858564399882957,True,1.1549954974172656,1.666874750203017
2025-07-21,2025-08-08,18.05930142361111,19,False,0.0011474249914269524,0.0006524933699103301,0.0002860045669927973,True,2.281408918644164,2.631071031217342
2025-07-21,2025-08-29,39.02085432291667,14,True,0.0035369665958991338,0.000746165144075084,0.0003514292768530682,True,2.1232298878361635,3.323266026243438
2025-07-21,2025-09-26,67.0210127662037,7,False,0.0032822672523304297,0.0008408397433937374,0.000447458717132623,True,1.8791448488967968,2.39585912805012
2025-07-23,2025-08-01,9.042311973379629,14,False,0.0009114278368898664,0.0006014553409516145,0.0002929300416188671,True,2.053238847158501,1.2352637816586043
2025-07-23,2025-08-08,16.041290219907406,9,True,0.0015744031875655643,0.0006900110758477552,0.0004045386658537144,True,1.705673979004199,1.0552647131794095
2025-07-23,2025-08-29,37.021014270833334,11,False,0.002004639523438447,0.00042319924789587453,0.0003552368385849765,True,1.191315770013083,1.1108775505310886
2025-08-03,2025-08-08,5.014181400462963,13,False,0.0005989347598568107,0.0005166768846733741,0.0003145665644292133,True,1.642504140930851,1.613917830116203
2025-08-03,2025-08-15,12.022307239583332,12,True,0.001004047189279766,0.0009515236822444585,0.0003454630803986176,True,2.7543426091914918,1.3215378537743758
2025-08-03,2025-08-29,26.026425601851855,10,True,0.0016813723302202906,0.0014949744928592628,0.00047569710307576534,True,3.1427025373773505,3.207730521773302
2025-08-31,2025-09-05,5.006320150462963,8,True,0.0008389489118273811,0.00034119327809994156,0.00033331599143124997,True,1.0236330895342487,0.29151890769480276
2025-08-31,2025-09-12,12.03079480324074,7,False,0.0010389519801507017,0.00030256033295905714,0.0004838073899506801,False,0.6253735251747612,1.0118784255863211
2025-08-31,2025-09-26,26.023674010416666,10,True,0.0014179989936166364,0.00034505836617185497,0.0004537343725402369,False,0.7604854008305385,1.7430900886792497
2025-08-31,2025-10-31,61.00141762731481,9,False,0.0015652498045234003,0.0006487778034662575,0.00022490815329559078,True,2.884634433921949,1.4046443093663996
2025-09-01,2025-09-04,3.0182142303240744,10,False,0.0005892419507876471,0.00034745916346175785,0.00030102885013534987,True,1.154238749227962,0.7119703322357634
2025-09-01,2025-09-05,4.008603368055556,12,True,0.0005681359718276968,0.00024185354835727315,0.0002949237141619822,False,0.8200545996936649,0.584919429232049
2025-09-01,2025-09-12,11.017147662037036,14,False,0.0008553840669562895,0.0005182654876383696,0.0004968301148027472,True,1.0431442704396707,0.5920497260374558
2025-09-01,2025-09-19,18.018555925925927,12,True,0.0012629531015857748,0.00044650362971823345,0.00032034412533627605,True,1.3938249351366239,1.0316837178208569
2025-09-01,2025-09-26,25.03022326388889,16,False,0.0012237295040049686,0.0006063721306719797,0.0004105245715571663,True,1.4770665940212577,1.1925350294861252
2025-09-01,2025-10-31,60.016537482638896,16,True,0.0032141037981279156,0.001219052819857558,0.0006863386505470294,True,1.776168104311103,1.3292626550818896
2025-09-01,2025-11-28,88.0081598900463,12,False,0.0015421161399181652,0.000491872242904161,0.0005626811386719926,False,0.8741580428038681,1.0333736946577594
2025-09-01,2025-12-26,116.00996186342591,7,True,0.0026438877192097926,0.001805972066598271,0.001627986801882939,True,1.1093284444993492,0.49808800249962665
2025-09-02,2025-09-05,3.008650740740741,11,False,0.0005156898304779917,0.00040004135398722805,0.00023460015035658565,True,1.705205019601123,0.9523366779935017
2025-09-02,2025-09-12,10.036845850694444,18,True,0.0006247014392941676,0.0005986252241534757,0.0007672053925592077,False,0.7802672269502823,0.6206851910385172
2025-09-02,2025-09-19,17.024217395833332,11,False,0.0010389375253924932,0.0008306854673339746,0.0007680308947915131,True,1.0815781929703094,0.20863715037679104
2025-09-02,2025-09-26,24.02374320601852,13,True,0.0013182918126756948,0.0006948774284328948,0.0004379561002942469,True,1.5866371720042984,0.7759125325309066
2025-09-02,2025-10-31,59.03247028935185,15,False,0.001693500538822587,0.0008912487126201558,0.0010242267824961228,False,0.8701673573191585,1.2416484916435273
2025-09-02,2025-12-26,115.0321466550926,7,False,0.002246907432977725,0.0019645885928381407,0.001589310884957934,True,1.2361260540225518,0.6582809046560645
2025-09-03,2025-09-12,9.014096695601852,14,True,0.0008219138158022209,0.0004055035268601513,0.00034330050488417277,True,1.1811911753434952,1.5436298444584944
2025-09-03,2025-09-19,16.027713993055556,9,False,0.0010599479690172912,0.0004360384380439902,0.0003708167473446714,True,1.1758865832418721,1.513939257582605
2025-09-03,2025-10-31,58.02799148148148,7,False,0.0026665410127348615,0.0010181619358974174,0.000944504183490097,True,1.0779856285391378,1.0313258702457166
2025-09-03,2025-12-26,114.01001137152778,8,False,0.004553612588714255,0.0023100559738929737,0.0010004371691692342,True,2.309046529939757,2.076616913918246
2025-09-04,2025-09-12,8.033824409722222,14,True,0.0007827768177870883,0.0007923042369645653,0.0008701772467602594,False,0.8995601996046552,0.9001525147660372
2025-09-04,2025-09-19,15.04085361111111,10,False,0.0011349379316690545,0.0006990411251011529,0.0007521943296474194,False,0.9293358079803908,0.5037041620777449
2025-09-04,2025-09-26,22.039483912037035,11,True,0.0011564875266916533,0.0005648775159986205,0.0003556753886195371,True,1.5881827477325543,0.6217895333223902
2025-09-04,2025-10-31,57.04682609953704,15,False,0.0012636913457359487,0.000830799711177931,0.000817042088005866,True,1.0168383286173701,1.1705469361213148
2025-09-04,2025-12-26,113.04649274884258,8,False,0.003069130251050508,0.0016057846242602375,0.0012744574409620996,True,1.2599750863771615,0.7722917034294428
2025-09-05,2025-09-08,3.0096546354166662,10,False,0.0008405772687402195,0.0005282036562563319,0.0003340076894531749,True,1.5814116648664214,1.5425302711406188
2025-09-05,2025-09-12,7.007156354166666,17,True,0.0006223342287056604,0.00036627288224684633,0.0007076638188373002,False,0.5175803432322382,1.8497961823078468
2025-09-05,2025-09-19,14.013123877314817,12,False,0.0011252765570521298,0.0003132202157766005,0.0009443989562534429,False,0.33166090845672574,1.8529384364541637
2025-09-05,2025-09-26,21.021749346064816,16,True,0.0012807690915080223,0.00031844270031121803,0.00046953997318775536,False,0.6782014705782718,1.253157163048312
2025-09-05,2025-10-31,56.02668528935186,18,False,0.0017671052887498434,0.0008317795409796212,0.0008520320685876759,False,0.976230322361428,0.9844843842207128
2025-09-05,2025-12-26,112.03253350694445,8,False,0.0035131104569408413,0.0029687585208634307,0.0017058014667922926,True,1.7403892414549802,2.0269925539927365
2025-09-08,2025-09-11,3.0239780787037036,7,False,0.0005833505399860632,0.0004417063028949506,0.0002460675771878751,True,1.7950609663527646,1.0986999984132788
2025-09-08,2025-09-12,4.015083217592593,13,True,0.0006173201094576964,0.000433358821971196,0.0005649814024700232,False,0.7670320121628944,1.171618098939069
2025-09-08,2025-09-19,11.023577222222222,9,False,0.0007662158455885366,0.0006282641994042762,0.0007185939616273891,False,0.8742965192491399,0.6208544246325994
2025-09-08,2025-09-26,18.030012517361108,12,True,0.0008647377236513024,0.0005475796949612371,0.00028359760272745965,True,1.9308332993472694,0.6270152448871978
2025-09-08,2025-10-31,53.024399374999994,11,False,0.0009440577326779578,0.0009135699083718424,0.0010464946944337842,False,0.8729809269278122,1.640228424634774
2025-10-12,2025-10-17,5.029923263888889,18,True,0.0010001736032953907,0.0007791085576540974,0.0006948664460169275,True,1.1212349684173952,1.1554982446956255
2025-10-12,2025-10-24,12.01505273148148,9,False,0.0018895948087053625,0.0007776982528637656,0.0007663320708182358,True,1.0148319279309213,0.5952090660700601
2025-10-12,2025-10-31,19.013614762731482,24,True,0.0020465660286606005,0.0005587133220969723,0.0006054402903170163,False,0.9228215086320452,0.8675615532964867
2025-10-12,2025-11-28,47.01729759837963,20,False,0.001869440426062024,0.0007145614940031052,0.0007103891607104013,True,1.0058733065247385,0.4957439105864061
2025-10-12,2025-12-26,75.04106866898148,15,True,0.0018682162385810553,0.0007886651478896838,0.0007187852859566753,True,1.097219382892627,0.11670243403275236
2025-10-15,2025-10-18,3.006140775462963,7,False,0.000851573315157391,0.0004264083101670903,0.0002934773593168051,True,1.452951298048133,1.5544235910287365
2025-10-15,2025-10-24,9.02927917824074,12,True,0.0011132419806322903,0.0007849728208408968,0.00030778845461956094,True,2.550364736101473,1.607067880473315
2025-10-15,2025-10-31,16.021995555555556,17,False,0.0011839131976312096,0.0007434909973672352,0.0005548687717999646,True,1.3399402438082617,0.9675082375299872
2025-10-15,2025-11-28,44.01335288194444,19,True,0.0031274157543981405,0.0005439802915759644,0.0007168449846069689,False,0.7588534526390214,1.7976696893430903
2025-10-15,2025-12-26,72.04071675925925,19,False,0.002316010387023178,0.0007891356363343067,0.0005958490648651834,True,1.3243884783352915,1.6992315314085131
2025-10-19,2025-10-24,5.05481150462963,7,True,0.0012787954143500216,0.0010216757240674675,0.0003552898697818423,True,2.8756117496251843,1.6518100052123172
2025-10-19,2025-10-31,12.042647424768518,10,False,0.0011101340367998527,0.0010494440916854672,0.0004555110158720883,True,2.3038830129635346,2.280659551698108
2025-10-19,2025-12-26,68.01412957175926,7,True,0.0033381982016174394,0.0006628140044290373,0.0007685163572682711,False,0.862459202280407,0.3594718853144603
2026-02-04,2026-02-13,9.01450212962963,17,True,0.0009519562702989991,0.00043009541673250915,0.0006152877159329596,False,0.6990151202358336,0.9534149159397185
2026-02-04,2026-02-20,16.02920841435185,12,False,0.0013384118777580332,0.0003199689780972255,0.00039116064063485955,False,0.8179989110814193,0.6968934857233441
2026-02-04,2026-02-27,23.04357384837963,10,True,0.002064838646469618,0.0004163599297969764,0.00045422723538960145,False,0.9166335643433063,0.8891539114516045
2026-02-04,2026-03-27,51.01503381944445,9,False,0.002431791041787815,0.0006580985097608005,0.0005485880595485326,True,1.1996223729375206,1.4843636783814451
2026-02-07,2026-02-10,3.0271021006944445,10,False,0.0017676525918236291,0.000481737270533649,0.0004645004576175825,True,1.0371082797301727,0.7007793570613644
2026-02-07,2026-02-13,6.021216909722223,18,True,0.0022121658774588416,0.00037248772025802544,0.00043825947309125994,False,0.8499250857732431,0.5730907865816088
2026-02-07,2026-02-20,13.028716967592592,23,False,0.001858151514477325,0.0010058481291784869,0.0008366466759579448,True,1.2022376447343313,1.1593632860703513
2026-02-07,2026-02-27,20.02035407407407,15,True,0.003106632891699431,0.0010869365313812343,0.001314935566288167,False,0.8266082074648463,1.8540716371352748
2026-02-07,2026-03-27,48.02838563657407,13,False,0.0032458897441416576,0.0014611474040539133,0.0011108378790496045,True,1.3153561213667126,2.908981355442166
2026-02-07,2026-04-24,76.02745729166666,10,True,0.005604585273958208,0.001355924295005396,0.0018552745066873165,False,0.7308483408347293,3.1893475244703122
2026-02-11,2026-02-14,3.019583842592593,9,False,0.0016945022580867432,0.0004914339938964337,0.0005256801270230511,False,0.9348536660106314,1.2353288127514137
2026-02-11,2026-02-20,9.023511898148147,20,True,0.0015090267241915593,0.0006562303436143616,0.0006153796360320868,True,1.0663829369552698,1.2020926619192165
2026-02-11,2026-02-27,16.025840648148147,15,False,0.002563095310894002,0.0005893700882384455,0.0006473958654401993,False,0.9103704853562836,1.1237807028853426
2026-02-11,2026-03-27,44.02727716435185,13,True,0.003473268160631398,0.001470059670243881,0.001273395782423482,True,1.154440505092702,0.49136578325025027
2026-02-11,2026-04-24,72.03671376157408,13,False,0.00310924602403624,0.00035395092651142066,0.00039277086547332416,False,0.9011639040102376,0.4644375745584091
2026-06-06,2026-06-12,6.056566840277778,7,True,0.0004427368705340657,0.0006352653567094787,0.0004930986121413008,False,0.897866795064506,0.8496003816435609
2026-06-06,2026-06-19,13.015010092592592,9,False,0.0013034077197313571,0.001131220008315619,0.001019908502229659,True,1.1091387176816527,0.8222880417743015
2026-06-06,2026-06-26,20.040540028935187,12,True,0.0018287008961713012,0.0010213301759728626,0.0011867180150380427,False,0.860634256015842,1.0144950399080948
2026-06-06,2026-07-31,55.0221713599537,16,False,0.0024396581699146647,0.0006692099933542313,0.00046319455859272643,True,1.4447708440000226,0.7893641894697874
2026-06-06,2026-08-28,83.05149193287038,9,True,0.002685372994782122,0.0008265906818046375,0.0003997062054726895,True,2.0679956190000044,0.6820532855527843
2026-06-06,2026-09-25,111.05292653935186,9,False,0.0021546826146243247,0.0009017187584747446,0.0005986514115363836,True,1.5062501166756905,0.580792947284725
2026-06-09,2026-06-12,3.0396469212962964,8,False,0.0009414525096034672,0.00017701773181871372,0.0002545400583380575,False,0.6954415465074439,1.0549779598159743
2026-06-09,2026-06-19,10.043581481481482,11,True,0.0011732973805287598,0.0007195878729303853,0.0004676379945330679,True,1.5387711891307867,1.814912716832465
2026-06-09,2026-06-26,17.013217847222222,12,False,0.001555157530269972,0.0008191692968833863,0.0004212502811729831,True,1.9446142435855156,1.3863020301618676
2026-06-09,2026-07-31,52.03631071759259,7,True,0.0019117122135190493,0.0009026814544443316,0.0011733558139574013,False,0.7693160452325534,2.4370533079307712
2026-06-13,2026-07-31,48.01083202546297,10,False,0.0019129578830814965,0.0004985311415236198,0.0005305935235292868,False,0.9395726095705026,0.976941234897137
2026-06-29,2026-07-10,11.016251909722223,7,False,0.0013774985879907921,0.0006403940226764088,0.0002743993180015754,True,2.3338032592075613,1.3811966489981866
2026-06-29,2026-07-31,32.02944233796296,9,False,0.0011220770172877263,0.0005966693947136963,0.000637258700493004,False,0.9363063921325726,0.26107037471034367
2026-06-29,2026-09-25,88.02207631944445,7,False,0.0009799796496629037,0.0013416109297068118,0.000598070687545023,True,1.6385682663792656,2.2549067965896477
2026-07-02,2026-07-05,3.0287506597222222,7,False,0.0005357005241055277,0.00033469406077891013,9.272667504531249e-05,True,3.6094690186546226,0.8648507716807735
2026-07-02,2026-07-10,8.01520087962963,8,True,0.0010356515669463601,0.0019081612306362898,0.0012488868135399804,False,0.8292597501376421,2.3480259200535336
2026-07-02,2026-07-31,29.045475295138885,10,True,0.0017560910380915544,0.0013945197680320914,0.000489022690570597,True,2.8516463446817784,2.5715667017689476
2026-07-06,2026-07-09,3.034190590277778,7,False,0.001033956026899482,0.00034813694020098475,9.98038207889555e-05,True,3.488212549869737,1.2007243627687094
2026-07-06,2026-07-31,25.01325815972222,8,False,0.0019622892467531126,0.0005210482738950211,0.00010446312555292223,True,4.987867930785319,1.3278134161235196
