win,date,expiry,days,n,held,BS_pct,SH_pct,min_sep
0.7-1.1,2022-02-21,2022-03-25,32.04297881944444,8,True,8.899974706720526,2.8851601438933736,2.8851601438933736
0.7-1.1,2023-03-18,2023-03-31,13.041630092592593,27,True,4.2243185995406325,2.7869059369246796,2.7869059369246796
0.7-1.1,2023-03-18,2023-04-07,20.03836217592593,15,False,5.015022560941441,3.112059777577958,3.112059777577958
0.7-1.1,2023-03-18,2023-04-28,41.021209247685185,13,True,5.393272177990493,2.4347963184518506,2.4347963184518506
0.7-1.1,2023-03-18,2023-05-26,69.04582122685184,9,False,5.247675550939835,3.86798228518401,3.86798228518401
0.7-1.1,2023-03-18,2023-06-30,104.0645685763889,11,True,4.201494395784465,4.770617961906811,4.201494395784465
0.7-1.1,2023-03-21,2023-03-31,10.01918931712963,15,True,4.463055254035521,3.1286287769826795,3.1286287769826795
0.7-1.1,2023-03-21,2023-04-07,17.03519914351852,15,False,5.530303697953805,3.167858112346745,3.167858112346745
0.7-1.1,2023-03-21,2023-04-28,38.02910013310185,16,True,6.304954490013213,2.054229296473387,2.054229296473387
0.7-1.1,2023-03-21,2023-05-26,66.03547686921297,10,False,6.49855985399303,1.2355117259637372,1.2355117259637372
0.7-1.1,2023-03-21,2023-06-30,101.03859190972224,14,True,4.6399715482043735,1.2719614143762639,1.2719614143762639
0.7-1.1,2023-08-18,2023-09-29,42.01336123842593,18,True,6.42575236802068,2.6717501729532365,2.6717501729532365
0.7-1.1,2023-08-18,2023-12-29,133.00514627314814,21,True,7.8172455454450205,2.7948468216335622,2.7948468216335622
0.7-1.1,2023-08-21,2023-10-27,67.02494392361112,9,False,8.079896812492771,1.8730950660986077,1.8730950660986077
0.7-1.1,2023-08-21,2023-12-29,130.00763700231482,9,True,18.481101442360163,1.9259712479725029,1.9259712479725029
0.7-1.1,2023-08-21,2024-06-28,312.00482708333334,9,False,12.563526644520397,1.8753473402342886,1.8753473402342886
0.7-1.1,2023-08-25,2023-10-27,63.01005001157408,13,False,5.635703492977551,0.5473094908594646,0.5473094908594646
0.7-1.1,2023-08-25,2023-12-29,126.00954223958334,10,False,3.796314989834312,0.5729878976200157,0.5729878976200157
0.7-1.1,2023-10-23,2023-11-10,18.026562604166667,23,False,3.919572431745811,1.63407530287081,1.63407530287081
0.7-1.1,2023-10-23,2023-11-24,32.007348987268514,22,True,6.447182591437216,2.20131312350503,2.20131312350503
0.7-1.1,2023-10-23,2023-12-29,67.01976234953705,30,False,7.240156330058729,1.9628347809706113,1.9628347809706113
0.7-1.1,2023-10-23,2024-03-29,158.01392221064816,25,True,6.603081071199385,1.7826943718998236,1.7826943718998236
0.7-1.1,2023-10-26,2023-11-10,15.023106359953706,18,True,3.9513419923028033,1.646124007487925,1.646124007487925
0.7-1.1,2023-10-26,2023-11-24,29.01460188078704,18,False,4.033352533806498,2.578672346008682,2.578672346008682
0.7-1.1,2023-10-26,2023-12-29,64.02515347222223,26,True,2.8353315316329217,2.501782923243076,2.501782923243076
0.7-1.1,2023-10-30,2023-11-17,18.043124820601854,16,False,3.020858880365805,1.5887392544653889,1.5887392544653889
0.7-1.1,2023-10-30,2023-11-24,25.00646395833333,15,True,4.343694231743181,1.3975887720362064,1.3975887720362064
0.7-1.1,2023-10-30,2023-12-29,60.0161924074074,20,False,4.836137451429729,1.138814152062967,1.138814152062967
0.7-1.1,2023-10-30,2024-01-26,88.03014994212963,11,True,4.092539331941573,1.6351776731953191,1.6351776731953191
0.7-1.1,2023-10-30,2024-03-29,151.01159902199072,14,False,2.312633894244896,2.15768589949713,2.15768589949713
0.7-1.1,2024-01-06,2024-01-12,6.013890885416666,24,False,2.9608823538200646,1.0271416681394148,1.0271416681394148
0.7-1.1,2024-01-06,2024-01-19,13.016207644675927,14,True,3.935969196539326,2.0838152354124784,2.0838152354124784
0.7-1.1,2024-01-06,2024-01-26,20.021951203703704,19,False,5.339641474985589,2.156515089598567,2.156515089598567
0.7-1.1,2024-01-06,2024-02-23,48.02993706018518,9,True,6.091203200518536,1.0755366568465965,1.0755366568465965
0.7-1.1,2024-01-09,2024-01-12,3.0199440509259254,26,False,2.8195739201125356,1.7660451598931388,1.7660451598931388
0.7-1.1,2024-01-09,2024-01-26,17.02743671296296,25,False,4.288551796436411,4.515605196416408,4.288551796436411
0.7-1.1,2024-01-09,2024-02-23,45.05134601851852,9,True,6.233166473141118,4.20430147506224,4.20430147506224
0.7-1.1,2024-01-09,2024-03-29,80.02761068287037,19,False,6.108237614093499,3.1097615223072963,3.1097615223072963
0.7-1.1,2024-01-13,2024-01-26,13.01253417824074,19,True,4.465392500951227,0.571752708964629,0.571752708964629
0.7-1.1,2024-01-13,2024-02-02,20.006090248842593,14,False,4.703351705995197,1.0266429483225359,1.0266429483225359
0.7-1.1,2024-01-13,2024-02-23,41.0227391087963,19,True,3.17512335035424,1.526324770032439,1.526324770032439
0.7-1.1,2024-01-13,2024-03-29,76.03448825810185,14,False,1.432760486155782,1.1924616686237361,1.1924616686237361
0.7-1.1,2024-02-29,2024-03-29,29.01983179398148,29,False,3.1481682844513257,1.3222338227843302,1.3222338227843302
0.7-1.1,2024-02-29,2024-04-26,57.033333067129625,27,True,4.0098388263667095,1.3321544451663943,1.3321544451663943
0.7-1.1,2024-02-29,2024-05-31,92.04659883680557,16,False,4.2321251113139535,1.177493903927581,1.177493903927581
0.7-1.1,2024-02-29,2024-06-28,120.03693371527778,20,True,3.1449743058665436,1.0531816913180967,1.0531816913180967
0.7-1.1,2024-02-29,2024-12-27,302.0432365625,13,False,2.062221868906564,0.5431550127058262,0.5431550127058262
0.7-1.1,2024-03-03,2024-04-26,54.01252703125,24,False,2.71678568659935,0.5756532637718584,0.5756532637718584
0.7-1.1,2024-03-07,2024-03-29,22.025908622685183,17,False,2.6022639208544307,1.5753813516449777,1.5753813516449777
0.7-1.1,2024-03-07,2024-04-26,50.02432947916667,13,True,4.568587574091865,1.3929468416997144,1.3929468416997144
0.7-1.1,2024-04-11,2024-04-26,15.0149678125,23,True,4.229451793509141,0.7834978465782579,0.7834978465782579
0.7-1.1,2024-04-11,2024-05-31,50.029740798611115,18,False,1.757702089126389,1.325400058541179,1.325400058541179
0.7-1.1,2024-04-11,2024-06-28,78.03431347800925,14,True,1.1763121142072583,2.1790764159592335,1.1763121142072583
0.7-1.1,2024-07-20,2024-08-02,13.032782592592593,22,True,5.1373844879671395,0.480124309348535,0.480124309348535
0.7-1.1,2024-07-20,2024-08-09,20.02354978009259,13,False,5.198772599500268,0.600526308646125,0.600526308646125
0.7-1.1,2024-07-20,2024-08-30,41.026975694444445,19,True,4.657061540630626,0.582240381206833,0.582240381206833
0.7-1.1,2024-07-20,2024-09-27,69.02609829861112,11,False,3.660190386292466,0.5719050945715677,0.5719050945715677
0.7-1.1,2024-07-23,2024-08-02,10.042241770833334,28,True,4.2386512488863595,1.1907286742819505,1.1907286742819505
0.7-1.1,2024-07-23,2024-08-09,17.037118680555555,13,False,4.981455279281801,1.845353760730529,1.845353760730529
0.7-1.1,2024-07-23,2024-08-30,38.02985179398148,31,True,3.1828229205309553,2.16885760340638,2.16885760340638
0.7-1.1,2024-07-23,2024-09-27,66.02487324652776,18,False,3.141515485953551,1.8290959897764727,1.8290959897764727
0.7-1.1,2024-07-23,2024-12-27,157.06945369212963,19,False,4.199289411068879,0.9346498053618241,0.9346498053618241
0.7-1.1,2024-07-27,2024-08-16,20.01344515625,20,False,2.6912741403029,1.9963728570890686,1.9963728570890686
0.7-1.1,2024-07-27,2024-08-30,34.04372244791667,20,True,3.6707636192382007,2.778581775417283,2.778581775417283
0.7-1.1,2024-07-27,2024-09-27,62.01719908564815,14,False,2.993323539704211,2.2660163109270726,2.2660163109270726
0.7-1.1,2024-07-27,2024-12-27,153.0158437789352,12,False,5.731935003047156,1.9953472765481566,1.9953472765481566
0.7-1.1,2024-10-03,2024-10-25,22.02012861689815,22,False,0.9712970717500544,0.4403153812373531,0.4403153812373531
0.7-1.1,2024-10-03,2024-12-27,85.01754701388889,17,True,2.039176122935306,1.057007410616668,1.057007410616668
0.7-1.1,2024-10-20,2024-11-29,40.04791641782408,14,True,1.8622938967183782,0.656538293308933,0.656538293308933
0.7-1.1,2024-10-28,2024-11-29,32.02816462962963,20,True,1.1277160560928645,2.0582661135954967,1.1277160560928645
0.7-1.1,2024-10-28,2024-12-27,60.01708412037038,19,False,1.297429464565367,0.45843725821475634,0.45843725821475634
0.7-1.1,2024-12-30,2025-01-17,18.032392939814816,15,False,2.4190419956414146,0.6327017842582807,0.6327017842582807
0.7-1.1,2024-12-30,2025-01-31,32.04227109953704,21,True,5.974228396502537,0.6224803882848515,0.6224803882848515
0.7-1.1,2024-12-30,2025-03-28,88.01702776041667,8,False,8.032649131573804,1.5458884636646453,1.5458884636646453
0.7-1.1,2025-01-04,2025-01-31,27.022659722222222,22,True,2.457579751104851,1.4223747802580755,1.4223747802580755
0.7-1.1,2025-01-04,2025-02-28,55.01853548611112,8,False,1.5063016873556594,2.3110647607120307,1.5063016873556594
0.7-1.1,2025-01-15,2025-02-28,44.02730994212963,15,False,3.3708150412026026,1.918126452017603,1.918126452017603
0.7-1.1,2025-01-15,2025-03-28,72.01538428819444,12,True,3.037605046162673,2.046503452471088,2.046503452471088
0.7-1.1,2025-01-16,2025-01-31,15.028499513888889,21,True,2.3958119293949873,0.8527275951591399,0.8527275951591399
0.7-1.1,2025-01-16,2025-02-28,43.04133164351852,11,False,2.973979700146239,0.6648255032585828,0.6648255032585828
0.7-1.1,2025-01-16,2025-03-28,71.05223955439814,10,True,2.792621887466032,0.8290930581312355,0.8290930581312355
0.7-1.1,2025-07-18,2025-09-26,70.01677664930557,16,False,3.524084288473973,1.442649655570895,1.442649655570895
0.7-1.1,2025-07-18,2025-12-26,161.01049710648147,11,True,5.4394366201725575,1.997043190477724,1.997043190477724
0.7-1.1,2025-07-21,2025-08-08,18.04992453125,22,False,1.9257928076234527,1.9411733373328925,1.9257928076234527
0.7-1.1,2025-07-21,2025-08-29,39.021012615740744,27,True,4.769109063962128,3.1530031810762065,3.1530031810762065
0.7-1.1,2025-07-21,2025-09-26,67.01934116898148,17,False,4.64618875211619,2.7406843785064003,2.7406843785064003
0.7-1.1,2025-07-21,2025-12-26,158.0246643229167,16,True,3.5497559018515648,3.153547758746466,3.153547758746466
0.7-1.1,2025-07-21,2026-03-27,249.0576032291667,11,False,2.08890456134972,4.624278147649689,2.08890456134972
0.7-1.1,2025-07-23,2025-08-29,37.02101424768519,18,False,2.1273715059542564,1.6668761066826043,1.6668761066826043
0.7-1.1,2025-07-23,2025-12-26,156.01343903935185,12,False,2.343449497908162,2.5172782717115796,2.343449497908162
0.7-1.1,2025-08-31,2025-09-26,26.023674010416666,12,True,2.9881313849014495,1.347264260899489,1.347264260899489
0.7-1.1,2025-08-31,2025-10-31,61.00220133680556,14,False,2.292173461166381,1.5045133242908753,1.5045133242908753
0.7-1.1,2025-09-01,2025-09-26,25.02827662037037,23,False,1.7327116250602637,1.1746535660434148,1.1746535660434148
0.7-1.1,2025-09-01,2025-10-31,60.006475011574075,25,True,2.7512259289139123,1.562678332404843,1.562678332404843
0.7-1.1,2025-09-01,2025-11-28,88.0081598900463,18,False,1.8665597653706447,1.2999358597681432,1.2999358597681432
0.7-1.1,2025-09-01,2025-12-26,116.01747303819445,18,True,3.7561794986669796,0.8164154516152179,0.8164154516152179
0.7-1.1,2025-09-01,2026-03-27,207.0321444097222,10,False,4.259886827776459,2.0457131249811926,2.0457131249811926
0.7-1.1,2025-09-02,2025-09-26,24.02035949652778,22,True,2.0738432482563667,0.4928863557802897,0.4928863557802897
0.7-1.1,2025-09-02,2025-10-31,59.035523177083334,28,False,1.538434299788888,0.8727171342492208,0.8727171342492208
0.7-1.1,2025-09-02,2025-11-28,87.01036835069445,10,True,2.649128042837635,0.6735089680905992,0.6735089680905992
0.7-1.1,2025-09-02,2025-12-26,115.0104094675926,13,False,3.200113086184049,0.7296806736413932,0.7296806736413932
0.7-1.1,2025-09-03,2025-10-31,58.025834293981475,15,False,2.2258721431173547,0.7280406072524029,0.7280406072524029
0.7-1.1,2025-09-03,2025-12-26,114.02252598379629,19,False,4.659970251286384,1.5655620751393697,1.5655620751393697
0.7-1.1,2025-09-04,2025-10-31,57.04503717013889,24,False,2.3132018862863406,0.8223434355930703,0.8223434355930703
0.7-1.1,2025-09-04,2025-11-28,85.04724207175926,10,True,2.8888494775884053,0.6795545089904541,0.6795545089904541
0.7-1.1,2025-09-04,2025-12-26,113.03750865162036,16,False,3.629473119838444,0.5789305198621844,0.5789305198621844
0.7-1.1,2025-09-05,2025-10-31,56.02668528935186,28,False,2.1817602988375886,0.6851163489467474,0.6851163489467474
0.7-1.1,2025-09-05,2025-11-28,84.02683388888889,12,True,3.5921761050070615,1.2274737595620446,1.2274737595620446
0.7-1.1,2025-09-05,2025-12-26,112.02934420717591,20,False,4.450239228604554,1.52940802203135,1.52940802203135
0.7-1.1,2025-09-05,2026-03-27,203.03307251736106,10,True,7.466591956629302,2.165435973441603,2.165435973441603
0.7-1.1,2025-09-05,2026-06-26,294.03242050347217,8,False,7.734720673026119,2.8665131110101254,2.8665131110101254
0.7-1.1,2025-09-08,2025-11-28,81.01278088541667,8,True,3.442462722685278,0.992801768344829,0.992801768344829
0.7-1.1,2025-09-08,2025-12-26,109.01634467013888,14,False,4.858020153527521,0.8179616142598148,0.8179616142598148
0.7-1.1,2025-10-12,2025-10-31,19.01279303240741,37,True,2.892551015243589,0.7288124795448674,0.7288124795448674
0.7-1.1,2025-10-12,2025-11-28,47.01814262152778,30,False,2.2693190660184213,0.4520218900714894,0.4520218900714894
0.7-1.1,2025-10-12,2025-12-26,75.0366523900463,26,True,2.4478096741180875,0.08619893494838908,0.08619893494838908
0.7-1.1,2025-10-15,2025-11-28,44.025150787037035,29,True,3.657409516667167,1.5494533938817459,1.5494533938817459
0.7-1.1,2025-10-15,2025-12-26,72.04071675925925,29,False,2.998165594357733,1.5324283109514505,1.5324283109514505
0.7-1.1,2025-10-19,2025-11-28,40.038114907407405,13,False,2.7171532294084684,0.7666103890657086,0.7666103890657086
0.7-1.1,2025-10-19,2025-12-26,68.04771765046297,15,True,3.624346822763698,0.3086381504947716,0.3086381504947716
0.7-1.1,2026-02-04,2026-02-27,23.03078560763889,16,True,3.0268801129113405,0.6342742098386812,0.6342742098386812
0.7-1.1,2026-02-04,2026-03-27,51.016985115740745,16,False,3.292079761232465,1.1088670913366454,1.1088670913366454
0.7-1.1,2026-02-04,2026-04-24,79.02589510416666,10,True,3.080327339952407,1.423362769329916,1.423362769329916
0.7-1.1,2026-02-04,2026-06-26,142.02589947337964,16,False,2.420794816734681,1.730212745709051,1.730212745709051
0.7-1.1,2026-02-07,2026-02-27,20.028628321759257,26,True,7.58021083732287,1.2736873732960157,1.2736873732960157
0.7-1.1,2026-02-07,2026-03-27,48.02942586226851,26,False,4.6476691069416685,2.5249834948882475,2.5249834948882475
0.7-1.1,2026-02-07,2026-04-24,76.02524596064815,17,True,3.0033353937478133,2.9576978718455478,2.9576978718455478
0.7-1.1,2026-02-07,2026-06-26,139.0137193287037,15,False,3.3238741697519014,3.2987725528942033,3.2987725528942033
0.7-1.1,2026-02-07,2026-12-25,321.0475952777778,13,False,2.8042742898144413,3.6165900750180717,2.8042742898144413
0.7-1.1,2026-02-11,2026-02-27,16.023428854166667,25,False,5.330916926083976,0.744549587936079,0.744549587936079
0.7-1.1,2026-02-11,2026-03-27,44.013030781249995,26,True,5.903676467030449,0.3934728639208306,0.3934728639208306
0.7-1.1,2026-02-11,2026-04-24,72.04190745949074,20,False,5.938001159640409,0.5600674030571975,0.5600674030571975
0.7-1.1,2026-02-11,2026-06-26,135.01705045138888,15,True,3.897066515122905,1.0673170381703092,1.0673170381703092
0.7-1.1,2026-02-11,2026-09-25,226.0271799074074,11,False,4.590106442012351,1.3031823353713516,1.3031823353713516
0.7-1.1,2026-06-06,2026-06-26,20.03159920138889,19,True,4.017598277197248,0.6649346486452636,0.6649346486452636
0.7-1.1,2026-06-06,2026-07-31,55.037277708333335,26,False,3.8351750660787545,0.7337758169342944,0.7337758169342944
0.7-1.1,2026-06-06,2026-08-28,83.05635131944445,19,True,3.9820234666441516,0.6663265984913401,0.6663265984913401
0.7-1.1,2026-06-06,2026-09-25,111.05292653935186,19,False,4.3208025020699425,0.5561465408478794,0.5561465408478794
0.7-1.1,2026-06-06,2026-12-25,202.03066422453705,17,True,2.591726528867692,0.4197873755058132,0.4197873755058132
0.7-1.1,2026-06-06,2027-03-26,293.0259299305556,13,False,2.5295368991167217,0.7601607936781588,0.7601607936781588
0.7-1.1,2026-06-09,2026-08-28,80.0433462962963,10,False,3.2588221133828448,2.249916312313163,2.249916312313163
0.7-1.1,2026-06-09,2026-12-25,199.01851192129627,13,False,4.336690083029329,1.5853765471468075,1.5853765471468075
0.7-1.1,2026-06-13,2026-07-31,48.010830839120366,16,False,2.911003990301256,0.9152571818859263,0.9152571818859263
0.7-1.1,2026-06-13,2026-12-25,195.06059645833332,8,False,2.8407240686266406,0.6974619190743063,0.6974619190743063
0.7-1.1,2026-06-29,2026-09-25,88.03422215277777,10,False,8.90177813792984,1.6820342935210815,1.6820342935210815
0.7-1.1,2026-06-29,2026-12-25,179.01799153935184,9,False,4.149976258375676,1.8373591898624773,1.8373591898624773
0.7-1.1,2026-07-02,2026-09-25,85.02286395833335,9,True,2.715284276033908,1.7382307711826395,1.7382307711826395
0.7-1.1,2026-07-02,2026-12-25,176.02320133680556,10,False,3.1136829464419766,2.204224918443942,2.204224918443942
0.7-1.1,2026-07-06,2026-09-25,81.03985587384258,12,False,3.061197797483563,1.6019430526051686,1.6019430526051686
0.75-1.05,2022-02-21,2022-02-25,4.019348796296296,14,False,3.8194188105568796,0.903345271107369,0.903345271107369
0.75-1.05,2022-02-21,2022-03-25,32.04297881944444,8,True,11.898854873993354,3.0824391142562138,3.0824391142562138
0.75-1.05,2022-09-10,2022-09-16,6.054363900462963,16,False,4.235484621491972,1.6159115413533158,1.6159115413533158
0.75-1.05,2022-09-10,2022-09-23,13.015320237268519,10,True,4.910158389790185,1.413311156846904,1.413311156846904
0.75-1.05,2022-09-10,2022-09-30,20.037899479166665,10,False,4.718340965021021,1.653385616890975,1.653385616890975
0.75-1.05,2023-03-18,2023-03-24,6.012946666666666,21,False,5.2375048762206715,2.0316729079139373,2.0316729079139373
0.75-1.05,2023-03-18,2023-03-31,13.041630092592593,27,True,6.150806669029953,3.4667110380149118,3.4667110380149118
0.75-1.05,2023-03-18,2023-04-07,20.03836217592593,15,False,7.014781554246961,2.7673468230770615,2.7673468230770615
0.75-1.05,2023-03-18,2023-04-28,41.021209247685185,13,True,7.247305282535954,3.285630827402778,3.285630827402778
0.75-1.05,2023-03-18,2023-05-26,69.04582122685184,9,False,6.8893835769843115,5.1562974974308755,5.1562974974308755
0.75-1.05,2023-03-18,2023-06-30,104.0645685763889,11,True,5.355597719148952,6.226799337557385,5.355597719148952
0.75-1.05,2023-03-21,2023-03-24,3.0177808854166663,20,False,5.149830704297797,2.3668624756669523,2.3668624756669523
0.75-1.05,2023-03-21,2023-03-31,10.01918931712963,15,True,6.632903761253782,4.649753083051161,4.649753083051161
0.75-1.05,2023-03-21,2023-04-07,17.03519914351852,15,False,7.802982696654762,3.985883904479893,3.985883904479893
0.75-1.05,2023-03-21,2023-04-28,38.02910013310185,16,True,8.018831533415115,1.3463072620330476,1.3463072620330476
0.75-1.05,2023-03-21,2023-05-26,66.03547686921297,10,False,7.930916440184254,1.6460955838730718,1.6460955838730718
0.75-1.05,2023-03-21,2023-06-30,101.03859190972224,14,True,5.456585356229643,1.6885292050378464,1.6885292050378464
0.75-1.05,2023-08-18,2023-08-25,7.005815457175927,24,False,6.281499847260577,2.6219586407464015,2.6219586407464015
0.75-1.05,2023-08-18,2023-09-01,14.03001662037037,18,True,7.104584674322136,1.105025502064697,1.105025502064697
0.75-1.05,2023-08-18,2023-09-08,21.017334820601853,16,False,7.646375230765441,1.5819262050370517,1.5819262050370517
0.75-1.05,2023-08-18,2023-09-29,42.01336123842593,18,True,9.117136169257327,2.714707648513396,2.714707648513396
0.75-1.05,2023-08-18,2023-10-27,70.01779361689815,14,False,7.02024411276708,2.2688354463734015,2.2688354463734015
0.75-1.05,2023-08-18,2023-12-29,133.00514627314814,21,True,10.299840055740175,3.6824370411890848,3.6824370411890848
0.75-1.05,2023-08-21,2023-09-01,11.026647662037036,17,True,6.318770687903755,1.0278978301210548,1.0278978301210548
0.75-1.05,2023-08-21,2023-09-29,39.03546599537037,16,True,11.053282401495803,2.151496280168821,2.151496280168821
0.75-1.05,2023-08-21,2023-10-27,67.02494392361112,9,False,11.027210228182941,2.556363485819154,2.556363485819154
0.75-1.05,2023-08-21,2023-12-29,130.00763700231482,9,True,23.484804531415197,2.3393133494281346,2.3393133494281346
0.75-1.05,2023-08-21,2024-06-28,312.00482708333334,9,False,15.922363186878856,2.173503354863596,2.173503354863596
0.75-1.05,2023-08-25,2023-09-29,35.008858530092596,16,True,8.640170029984121,0.8787927140808163,0.8787927140808163
0.75-1.05,2023-08-25,2023-10-27,63.01005001157408,13,False,7.743329786458096,0.7520203154945292,0.7520203154945292
0.75-1.05,2023-08-25,2023-12-29,126.00954223958334,10,False,5.070353393233257,0.7123703525601274,0.7123703525601274
0.75-1.05,2023-10-23,2023-11-10,18.026562604166667,23,False,5.855876073881196,2.3088828644494974,2.3088828644494974
0.75-1.05,2023-10-23,2023-11-24,32.007348987268514,22,True,8.984168867585431,2.517511698496956,2.517511698496956
0.75-1.05,2023-10-23,2023-12-29,67.01976234953705,30,False,9.396402037905025,2.6117822258148937,2.6117822258148937
0.75-1.05,2023-10-23,2024-03-29,158.01392221064816,25,True,7.985785917213901,2.342545287830499,2.342545287830499
0.75-1.05,2023-10-26,2023-11-03,8.012109652777777,25,False,5.613624182840252,1.9191860677385375,1.9191860677385375
0.75-1.05,2023-10-26,2023-11-10,15.023106359953706,18,True,5.802029523648318,2.4170630287543173,2.4170630287543173
0.75-1.05,2023-10-26,2023-11-24,29.01460188078704,18,False,5.478954866122371,3.568196014543956,3.568196014543956
0.75-1.05,2023-10-26,2023-12-29,64.02515347222223,26,True,3.3218659108284396,3.3494505938744235,3.3218659108284396
0.75-1.05,2023-10-30,2023-11-17,18.043124820601854,16,False,4.489867258176228,2.3181195187926082,2.3181195187926082
0.75-1.05,2023-10-30,2023-11-24,25.00646395833333,15,True,6.186858579855536,1.6459103278276108,1.6459103278276108
0.75-1.05,2023-10-30,2023-12-29,60.0161924074074,20,False,6.4985514238810484,1.5302927419233254,1.5302927419233254
0.75-1.05,2023-10-30,2024-01-26,88.03014994212963,11,True,5.445174665374754,2.1782780986232395,2.1782780986232395
0.75-1.05,2023-10-30,2024-03-29,151.01159902199072,14,False,3.038996280455265,2.7725833228511525,2.7725833228511525
0.75-1.05,2024-01-06,2024-01-12,6.013890885416666,24,False,4.477517623811039,1.5532601390881,1.5532601390881
0.75-1.05,2024-01-06,2024-01-19,13.016207644675927,14,True,5.604299272489349,2.965347511468777,2.965347511468777
0.75-1.05,2024-01-06,2024-01-26,20.021951203703704,19,False,7.389858617036671,2.811663308417058,2.811663308417058
0.75-1.05,2024-01-06,2024-02-23,48.02993706018518,9,True,8.097063560641551,1.4418171136120734,1.4418171136120734
0.75-1.05,2024-01-09,2024-01-12,3.0199440509259254,26,False,4.5955862167405535,2.6993859907074387,2.6993859907074387
0.75-1.05,2024-01-09,2024-01-19,10.024085659722223,16,True,4.3129887968874,5.704436127049605,4.3129887968874
0.75-1.05,2024-01-09,2024-01-26,17.02743671296296,25,False,6.110171245979947,6.4337425261360455,6.110171245979947
0.75-1.05,2024-01-09,2024-02-23,45.05134601851852,9,True,8.403663971168841,5.668330079576439,5.668330079576439
0.75-1.05,2024-01-09,2024-03-29,80.02761068287037,19,False,8.022388618272062,4.084282298321741,4.084282298321741
0.75-1.05,2024-01-13,2024-01-19,6.0159976736111105,26,False,5.43478797996748,1.1401168140896993,1.1401168140896993
0.75-1.05,2024-01-13,2024-01-26,13.01253417824074,19,True,6.942820363048147,0.8412903866100586,0.8412903866100586
0.75-1.05,2024-01-13,2024-02-02,20.006090248842593,14,False,6.870605255724901,1.4996568026023027,1.4996568026023027
0.75-1.05,2024-01-13,2024-02-23,41.0227391087963,19,True,4.362541509287146,2.0970987686587947,2.0970987686587947
0.75-1.05,2024-01-13,2024-03-29,76.03448825810185,14,False,1.938642670381985,1.6047293455789813,1.6047293455789813
0.75-1.05,2024-02-29,2024-03-29,29.01983179398148,29,False,4.118378509742863,1.7952031006481024,1.7952031006481024
0.75-1.05,2024-02-29,2024-04-26,57.033333067129625,27,True,4.911648726196717,1.7765510680248402,1.7765510680248402
0.75-1.05,2024-02-29,2024-05-31,92.04659883680557,16,False,5.126118647138939,1.5628850614732268,1.5628850614732268
0.75-1.05,2024-02-29,2024-06-28,120.03693371527778,20,True,3.692967762260706,1.3966174851277497,1.3966174851277497
0.75-1.05,2024-02-29,2024-12-27,302.0432365625,13,False,2.480236953298228,0.7180398520457223,0.7180398520457223
0.75-1.05,2024-03-03,2024-03-22,19.016513715277778,14,False,3.8125854005584023,0.4676703351714043,0.4676703351714043
0.75-1.05,2024-03-03,2024-04-26,54.01252703125,24,False,3.316980775608472,0.7302431172305847,0.7302431172305847
0.75-1.05,2024-03-07,2024-03-22,15.037313958333332,14,True,3.0500864404377235,1.9500829638097175,1.9500829638097175
0.75-1.05,2024-03-07,2024-03-29,22.025908622685183,17,False,3.576191193243367,2.1798877950626148,2.1798877950626148
0.75-1.05,2024-03-07,2024-04-26,50.02432947916667,13,True,5.638525445533481,1.8614134917983338,1.8614134917983338
0.75-1.05,2024-04-11,2024-04-19,8.018865613425927,20,False,3.737013259306586,0.7731844392574353,0.7731844392574353
0.75-1.05,2024-04-11,2024-04-26,15.0149678125,23,True,6.016537286520491,0.6169711033209021,0.6169711033209021
0.75-1.05,2024-04-11,2024-05-31,50.029740798611115,18,False,2.3418156789996263,1.7662229057846937,1.7662229057846937
0.75-1.05,2024-04-11,2024-06-28,78.03431347800925,14,True,1.4699512796998937,2.862977662866495,1.4699512796998937
0.75-1.05,2024-07-20,2024-08-02,13.032782592592593,22,True,7.730520742339241,0.7224592754095883,0.7224592754095883
0.75-1.05,2024-07-20,2024-08-09,20.02354978009259,13,False,7.414936987944965,0.8565397792307722,0.8565397792307722
0.75-1.05,2024-07-20,2024-08-30,41.026975694444445,19,True,6.262503653339655,0.7875740199397282,0.7875740199397282
0.75-1.05,2024-07-20,2024-09-27,69.02609829861112,11,False,4.591287512817114,0.5458479663694942,0.5458479663694942
0.75-1.05,2024-07-23,2024-08-02,10.042241770833334,28,True,6.306765570246589,1.771816031505068,1.771816031505068
0.75-1.05,2024-07-23,2024-08-09,17.037118680555555,13,False,6.970160587928103,2.5959994424642012,2.5959994424642012
0.75-1.05,2024-07-23,2024-08-30,38.02985179398148,31,True,3.5014936030489854,2.923909212813216,2.923909212813216
0.75-1.05,2024-07-23,2024-09-27,66.02487324652776,18,False,4.177625877177364,2.4359756925741256,2.4359756925741256
0.75-1.05,2024-07-23,2024-12-27,157.06945369212963,19,False,4.9316246920348945,1.2258028760064417,1.2258028760064417
0.75-1.05,2024-07-27,2024-08-02,6.026728680555555,23,False,3.0460520569511877,2.054833574603765,2.054833574603765
0.75-1.05,2024-07-27,2024-08-09,13.021104745370373,18,True,3.192773796967253,1.2496166151802706,1.2496166151802706
0.75-1.05,2024-07-27,2024-08-16,20.01344515625,20,False,3.8201744079170905,2.8337825586971155,2.8337825586971155
0.75-1.05,2024-07-27,2024-08-30,34.04372244791667,20,True,5.023879768785845,3.8028446594638496,3.8028446594638496
0.75-1.05,2024-07-27,2024-09-27,62.01719908564815,14,False,3.9981578633091135,3.0338129385758084,3.0338129385758084
0.75-1.05,2024-07-27,2024-12-27,153.0158437789352,12,False,7.297320357582334,2.577165664200551,2.577165664200551
0.75-1.05,2024-10-03,2024-10-25,22.02012861689815,22,False,1.4358495427688782,0.5931429453990986,0.5931429453990986
0.75-1.05,2024-10-03,2024-11-08,36.01699317129629,8,True,3.75585365171466,0.9872906088918025,0.9872906088918025
0.75-1.05,2024-10-03,2024-11-29,57.02457651620371,17,False,3.7337936728043593,1.3200739424693373,1.3200739424693373
0.75-1.05,2024-10-03,2024-12-27,85.01754701388889,17,True,2.6931016172963247,1.407573752638443,1.407573752638443
0.75-1.05,2024-10-20,2024-11-08,19.028794270833338,11,False,4.076761925837568,2.2778275585823557,2.2778275585823557
0.75-1.05,2024-10-20,2024-11-29,40.04791641782408,14,True,2.4093756500379824,0.41211598757946255,0.41211598757946255
0.75-1.05,2024-10-28,2024-11-29,32.02816462962963,20,True,1.5623902846031095,2.853774096431978,1.5623902846031095
0.75-1.05,2024-10-28,2024-12-27,60.01708412037038,19,False,1.7453832604228714,0.6167160899886809,0.6167160899886809
0.75-1.05,2024-12-30,2025-01-10,11.023752378472224,20,True,3.9226443175079226,0.8398079608822164,0.8398079608822164
0.75-1.05,2024-12-30,2025-01-17,18.032392939814816,15,False,3.549479178463584,0.9284836697083974,0.9284836697083974
0.75-1.05,2024-12-30,2025-01-31,32.04227109953704,21,True,8.194425918033438,0.7116239856052391,0.7116239856052391
0.75-1.05,2024-12-30,2025-03-28,88.01702776041667,8,False,10.498921578904648,1.8248949329793342,1.8248949329793342
0.75-1.05,2025-01-04,2025-01-17,13.04096085648148,19,True,4.876557264177401,2.078902541042813,2.078902541042813
0.75-1.05,2025-01-04,2025-01-24,20.026429803240738,10,False,3.3426247450975044,2.3597835030708203,2.3597835030708203
0.75-1.05,2025-01-04,2025-01-31,27.022659722222222,22,True,3.4369667257670495,1.9892186147117166,1.9892186147117166
0.75-1.05,2025-01-04,2025-02-28,55.01853548611112,8,False,1.9673092642547745,2.34654361768727,1.9673092642547745
0.75-1.05,2025-01-15,2025-01-31,16.014375300925927,38,True,3.6124448156050404,1.3406220436178224,1.3406220436178224
0.75-1.05,2025-01-15,2025-02-28,44.02730994212963,15,False,4.552724800171755,2.5906754000247147,2.5906754000247147
0.75-1.05,2025-01-15,2025-03-28,72.01538428819444,12,True,3.996038104032299,2.7289218162605358,2.7289218162605358
0.75-1.05,2025-01-16,2025-01-31,15.028499513888889,21,True,3.527565801408693,1.2555685493608835,1.2555685493608835
0.75-1.05,2025-01-16,2025-02-28,43.04133164351852,11,False,4.0270038690587935,0.46056743689925483,0.46056743689925483
0.75-1.05,2025-01-16,2025-03-28,71.05223955439814,10,True,3.727219763867591,0.9566703731333198,0.9566703731333198
0.75-1.05,2025-07-18,2025-08-29,42.02422076388889,25,True,5.2027727114939255,1.4751076368135783,1.4751076368135783
0.75-1.05,2025-07-18,2025-09-26,70.01677664930557,16,False,4.742063429798432,1.6065231442777528,1.6065231442777528
0.75-1.05,2025-07-18,2025-12-26,161.01049710648147,11,True,6.787574991890055,2.6217115846563317,2.6217115846563317
0.75-1.05,2025-07-21,2025-08-08,18.04992453125,22,False,3.171785666591589,2.6300756995051575,2.6300756995051575
0.75-1.05,2025-07-21,2025-08-29,39.021012615740744,27,True,6.8593878511118564,3.3232643001421716,3.3232643001421716
0.75-1.05,2025-07-21,2025-09-26,67.01934116898148,17,False,6.3718536246194155,2.395933932128641,2.395933932128641
0.75-1.05,2025-07-21,2025-12-26,158.0246643229167,16,True,4.413238950597533,4.133186974809376,4.133186974809376
0.75-1.05,2025-07-21,2026-03-27,249.0576032291667,11,False,2.411260978602782,6.01961317413612,2.411260978602782
0.75-1.05,2025-07-23,2025-08-29,37.02101424768519,18,False,3.1350364581814274,1.1108775500379113,1.1108775500379113
0.75-1.05,2025-07-23,2025-12-26,156.01343903935185,12,False,2.979774089527406,3.3106379298024806,2.979774089527406
0.75-1.05,2025-08-31,2025-09-26,26.023674010416666,12,True,4.685715904484452,1.7430900886792497,1.7430900886792497
0.75-1.05,2025-08-31,2025-10-31,61.00220133680556,14,False,3.269051332378611,1.4046227476714073,1.4046227476714073
0.75-1.05,2025-09-01,2025-09-26,25.02827662037037,23,False,2.7243450043999835,1.1925056565241594,1.1925056565241594
0.75-1.05,2025-09-01,2025-10-31,60.006475011574075,25,True,3.9153620166628316,1.3293047021365207,1.3293047021365207
0.75-1.05,2025-09-01,2025-11-28,88.0081598900463,18,False,2.5849226721531418,1.0333736946577594,1.0333736946577594
0.75-1.05,2025-09-01,2025-12-26,116.01747303819445,18,True,5.001562060041743,0.4982343275787259,0.4982343275787259
0.75-1.05,2025-09-01,2026-03-27,207.0321444097222,10,False,5.520039719263706,2.6508805806161053,2.6508805806161053
0.75-1.05,2025-09-02,2025-09-26,24.02035949652778,22,True,3.2639038567037844,0.7757037953338147,0.7757037953338147
0.75-1.05,2025-09-02,2025-10-31,59.035523177083334,28,False,1.416938274897144,1.2416193050173943,1.2416193050173943
0.75-1.05,2025-09-02,2025-11-28,87.01036835069445,10,True,3.6058859540309944,0.9057726435276681,0.9057726435276681
0.75-1.05,2025-09-02,2025-12-26,115.0104094675926,13,False,4.270925641014555,0.6583999379956793,0.6583999379956793
0.75-1.05,2025-09-03,2025-10-31,58.025834293981475,15,False,3.152906084670603,1.031247145324802,1.031247145324802
0.75-1.05,2025-09-03,2025-12-26,114.02252598379629,19,False,6.1816513113079425,2.0767554653155282,2.0767554653155282
0.75-1.05,2025-09-04,2025-10-31,57.04503717013889,24,False,1.5460968298757538,1.1705581565985106,1.1705581565985106
0.75-1.05,2025-09-04,2025-11-28,85.04724207175926,10,True,3.9309670671628822,0.9247286344035736,0.9247286344035736
0.75-1.05,2025-09-04,2025-12-26,113.03750865162036,16,False,4.841865163163145,0.7723059761756321,0.7723059761756321
0.75-1.05,2025-09-05,2025-10-31,56.02668528935186,28,False,1.7421207655591517,0.9844843842207128,0.9844843842207128
0.75-1.05,2025-09-05,2025-11-28,84.02683388888889,12,True,4.8714187977652115,1.6645968861814853,1.6645968861814853
0.75-1.05,2025-09-05,2025-12-26,112.02934420717591,20,False,5.897928357177499,2.026953387425845,2.026953387425845
0.75-1.05,2025-09-05,2026-03-27,203.03307251736106,10,True,9.575702492927405,2.7771237036516547,2.7771237036516547
0.75-1.05,2025-09-05,2026-06-26,294.03242050347217,8,False,9.857242933956979,3.653125227870498,3.653125227870498
0.75-1.05,2025-09-08,2025-11-28,81.01278088541667,8,True,4.698118612287262,1.3549377906375242,1.3549377906375242
0.75-1.05,2025-09-08,2025-12-26,109.01634467013888,14,False,6.438626062858299,1.0841069365466562,1.0841069365466562
0.75-1.05,2025-10-12,2025-10-31,19.01279303240741,37,True,4.46345359034672,0.8675509998936222,0.8675509998936222
0.75-1.05,2025-10-12,2025-11-28,47.01814262152778,30,False,3.1814818618170526,0.4957272810039493,0.4957272810039493
0.75-1.05,2025-10-12,2025-12-26,75.0366523900463,26,True,3.312629023779948,0.11665415713630059,0.11665415713630059
0.75-1.05,2025-10-15,2025-11-28,44.025150787037035,29,True,5.19062232206739,1.7977383811711023,1.7977383811711023
0.75-1.05,2025-10-15,2025-12-26,72.04071675925925,29,False,4.103204315700861,1.6992315314085131,1.6992315314085131
0.75-1.05,2025-10-19,2025-10-31,12.054084907407406,13,False,3.9974730494982773,2.2806731147555577,2.2806731147555577
0.75-1.05,2025-10-19,2025-11-28,40.038114907407405,13,False,3.853051384950353,1.0870956785934434,1.0870956785934434
0.75-1.05,2025-10-19,2025-12-26,68.04771765046297,15,True,4.842013403243991,0.3589226377183684,0.3589226377183684
0.75-1.05,2026-02-04,2026-02-20,16.02920841435185,16,False,4.142256225528462,0.6968934857233441,0.6968934857233441
0.75-1.05,2026-02-04,2026-02-27,23.03078560763889,16,True,4.52355881356025,0.8888451441643835,0.8888451441643835
0.75-1.05,2026-02-04,2026-03-27,51.016985115740745,16,False,4.578575095600985,1.4843958454626478,1.4843958454626478
0.75-1.05,2026-02-04,2026-04-24,79.02589510416666,10,True,4.157702101359114,1.822808361556481,1.822808361556481
0.75-1.05,2026-02-04,2026-06-26,142.02589947337964,16,False,3.2104731923029033,2.123567879816778,2.123567879816778
0.75-1.05,2026-02-07,2026-02-20,13.02870357638889,31,False,7.660344979174621,1.1593618935025165,1.1593618935025165
0.75-1.05,2026-02-07,2026-02-27,20.028628321759257,26,True,6.319386104432058,1.8548311089910858,1.8548311089910858
0.75-1.05,2026-02-07,2026-03-27,48.02942586226851,26,False,3.3516259915150823,2.908995552993575,2.908995552993575
0.75-1.05,2026-02-07,2026-04-24,76.02524596064815,17,True,4.004362757181501,3.1893293818648276,3.1893293818648276
0.75-1.05,2026-02-07,2026-06-26,139.0137193287037,15,False,4.366762001353364,3.622934635980259,3.622934635980259
0.75-1.05,2026-02-07,2026-12-25,321.0475952777778,13,False,3.657300441589601,4.318192079767206,3.657300441589601
0.75-1.05,2026-02-11,2026-02-20,9.02203347222222,26,True,6.32829774243201,1.2020387866810225,1.2020387866810225
0.75-1.05,2026-02-11,2026-02-27,16.023428854166667,25,False,5.443498066341858,1.1238670471130625,1.1238670471130625
0.75-1.05,2026-02-11,2026-03-27,44.013030781249995,26,True,4.946282706869333,0.4914955537913443,0.4914955537913443
0.75-1.05,2026-02-11,2026-04-24,72.04190745949074,20,False,5.294114517960957,0.4645257590214605,0.4645257590214605
0.75-1.05,2026-02-11,2026-06-26,135.01705045138888,15,True,5.143479552466103,1.2589400327723617,1.2589400327723617
0.75-1.05,2026-02-11,2026-09-25,226.0271799074074,11,False,6.046583521240899,1.6645517485730572,1.6645517485730572
0.75-1.05,2026-06-06,2026-06-26,20.03159920138889,19,True,5.408883775555174,1.0143799955309754,1.0143799955309754
0.75-1.05,2026-06-06,2026-07-31,55.037277708333335,26,False,4.0987011010971095,0.7891935677990092,0.7891935677990092
0.75-1.05,2026-06-06,2026-08-28,83.05635131944445,19,True,3.1896229980557997,0.682040349263031,0.682040349263031
0.75-1.05,2026-06-06,2026-09-25,111.05292653935186,19,False,3.615222627377324,0.580792947284725,0.580792947284725
0.75-1.05,2026-06-06,2026-12-25,202.03066422453705,17,True,3.425002184739496,0.46861885421543126,0.46861885421543126
0.75-1.05,2026-06-06,2027-03-26,293.0259299305556,13,False,3.3358511395948756,0.9326216125472516,0.9326216125472516
0.75-1.05,2026-06-09,2026-06-26,17.01369342592593,16,False,3.3524623744697877,1.3862587030344204,1.3862587030344204
0.75-1.05,2026-06-09,2026-08-28,80.0433462962963,10,False,2.9690674948389395,3.075042537559675,2.9690674948389395
0.75-1.05,2026-06-09,2026-12-25,199.01851192129627,13,False,5.726020670813302,2.0932750822731108,2.0932750822731108
0.75-1.05,2026-06-13,2026-07-31,48.010830839120366,16,False,4.215936683280793,0.9769411999257741,0.9769411999257741
0.75-1.05,2026-06-13,2026-12-25,195.06059645833332,8,False,3.7649085089712266,0.7964717638417574,0.7964717638417574
0.75-1.05,2026-06-29,2026-07-31,32.04076949074074,13,False,5.798661339516211,0.26141032412239484,0.26141032412239484
0.75-1.05,2026-06-29,2026-09-25,88.03422215277777,10,False,9.423415200633285,2.2551112313227524,2.2551112313227524
0.75-1.05,2026-06-29,2026-12-25,179.01799153935184,9,False,3.998632487221754,2.41043043105923,2.41043043105923
0.75-1.05,2026-07-02,2026-09-25,85.02286395833335,9,True,2.9349546535171576,1.4236328228643924,1.4236328228643924
0.75-1.05,2026-07-02,2026-12-25,176.02320133680556,10,False,4.111621844746263,2.6324497190380365,2.6324497190380365
0.75-1.05,2026-07-06,2026-07-31,25.013443807870367,13,False,4.844138409682871,1.327824345578118,1.327824345578118
0.75-1.05,2026-07-06,2026-09-25,81.03985587384258,12,False,4.263439636091939,2.2310569038566244,2.2310569038566244
0.8-1.2,2022-02-21,2022-02-25,4.019348796296296,14,False,1.6370319405111002,0.34477085605277363,0.34477085605277363
0.8-1.2,2022-02-21,2022-03-25,32.04297881944444,8,True,5.777712888569997,1.9047648807167947,1.9047648807167947
0.8-1.2,2022-09-10,2022-09-16,6.054363900462963,16,False,1.425687863688581,0.543919197175919,0.543919197175919
0.8-1.2,2022-09-10,2022-09-23,13.015320237268519,10,True,1.9628046015640486,0.6418087065978608,0.6418087065978608
0.8-1.2,2022-09-10,2022-09-30,20.037899479166665,10,False,2.086653334326689,0.7312355542040763,0.7312355542040763
0.8-1.2,2023-03-18,2023-03-24,6.012946666666666,21,False,1.8190864056149574,0.7061866088827466,0.7061866088827466
0.8-1.2,2023-03-18,2023-03-31,13.041630092592593,27,True,2.4495952879003258,1.6160118738979112,1.6160118738979112
0.8-1.2,2023-03-18,2023-04-07,20.03836217592593,15,False,3.0591611661045155,1.9534261954061076,1.9534261954061076
0.8-1.2,2023-03-18,2023-04-28,41.021209247685185,13,True,3.7208560484501736,2.0163754015712567,2.0163754015712567
0.8-1.2,2023-03-18,2023-05-26,69.04582122685184,9,False,3.880299188301963,2.860097610472359,2.860097610472359
0.8-1.2,2023-03-18,2023-06-30,104.0645685763889,11,True,3.232962783426942,3.6708509240191027,3.232962783426942
0.8-1.2,2023-03-21,2023-03-24,3.0177808854166663,20,False,1.5809058033919445,0.7265490947081908,0.7265490947081908
0.8-1.2,2023-03-21,2023-03-31,10.01918931712963,15,True,2.5004793072128852,1.752813608291468,1.752813608291468
0.8-1.2,2023-03-21,2023-04-07,17.03519914351852,15,False,3.351349124090379,1.9197409838971078,1.9197409838971078
0.8-1.2,2023-03-21,2023-04-28,38.02910013310185,16,True,4.359391195958254,1.877572072787625,1.877572072787625
0.8-1.2,2023-03-21,2023-05-26,66.03547686921297,10,False,4.950440258080265,1.4975390874602483,1.4975390874602483
0.8-1.2,2023-03-21,2023-06-30,101.03859190972224,14,True,3.917172191332408,1.003607563786943,1.003607563786943
0.8-1.2,2023-08-18,2023-08-25,7.005815457175927,24,False,1.8685189833839533,0.7799212578314109,0.7799212578314109
0.8-1.2,2023-08-18,2023-09-01,14.03001662037037,18,True,2.312339632969449,0.3596653496937489,0.3596653496937489
0.8-1.2,2023-08-18,2023-09-08,21.017334820601853,16,False,2.6835412211166543,0.555197430805372,0.555197430805372
0.8-1.2,2023-08-18,2023-09-29,42.01336123842593,18,True,3.7978400186466215,1.6679470538549397,1.6679470538549397
0.8-1.2,2023-08-18,2023-10-27,70.01779361689815,14,False,3.309337387130961,2.589075563581302,2.589075563581302
0.8-1.2,2023-08-18,2023-12-29,133.00514627314814,21,True,5.828147896879573,2.0836950063698763,2.0836950063698763
0.8-1.2,2023-08-21,2023-09-01,11.026647662037036,17,True,1.92866366646066,0.31371766536738926,0.31371766536738926
0.8-1.2,2023-08-21,2023-09-29,39.03546599537037,16,True,4.5947334954968255,0.8943652360434541,0.8943652360434541
0.8-1.2,2023-08-21,2023-10-27,67.02494392361112,9,False,5.296821009007085,1.2279179746298792,1.2279179746298792
0.8-1.2,2023-08-21,2023-12-29,130.00763700231482,9,True,13.962590205687983,1.5246529177518482,1.5246529177518482
0.8-1.2,2023-08-21,2024-06-28,312.00482708333334,9,False,10.551678877140072,1.253318085338412,1.253318085338412
0.8-1.2,2023-08-25,2023-09-15,21.02178196759259,11,False,2.3625918205844982,0.3219162497048555,0.3219162497048555
0.8-1.2,2023-08-25,2023-09-29,35.008858530092596,16,True,3.417069321551754,0.3728613344087907,0.3728613344087907
0.8-1.2,2023-08-25,2023-12-29,126.00954223958334,10,False,2.7895985363784783,0.3919320941116554,0.3919320941116554
0.8-1.2,2023-10-23,2023-10-27,4.0048525,18,False,1.0980263215108537,0.26739298762545755,0.26739298762545755
0.8-1.2,2023-10-23,2023-11-03,11.014201516203704,19,True,1.85269189695703,0.6413135149630084,0.6413135149630084
0.8-1.2,2023-10-23,2023-11-10,18.026562604166667,23,False,2.1830381593477766,0.9100772941712442,0.9100772941712442
0.8-1.2,2023-10-23,2023-11-24,32.007348987268514,22,True,4.0133419625874085,1.495026603302291,1.495026603302291
0.8-1.2,2023-10-23,2023-12-29,67.01976234953705,30,False,5.198017326051972,2.2276611717084815,2.2276611717084815
0.8-1.2,2023-10-23,2024-03-29,158.01392221064816,25,True,5.475919348734769,1.9134434641041171,1.9134434641041171
0.8-1.2,2023-10-26,2023-11-03,8.012109652777777,25,False,1.8836839760930952,0.7130200220956897,0.7130200220956897
0.8-1.2,2023-10-26,2023-11-10,15.023106359953706,18,True,2.253968873467365,0.9389271853344859,0.9389271853344859
0.8-1.2,2023-10-26,2023-11-24,29.01460188078704,18,False,2.565229433537729,1.6400675400384706,1.6400675400384706
0.8-1.2,2023-10-26,2023-12-29,64.02515347222223,26,True,2.078929807087575,1.8082109317263564,1.8082109317263564
0.8-1.2,2023-10-30,2023-11-17,18.043124820601854,16,False,1.704746114041204,0.89655121818612,0.89655121818612
0.8-1.2,2023-10-30,2023-11-24,25.00646395833333,15,True,2.6039120266678224,0.8487360694455526,0.8487360694455526
0.8-1.2,2023-10-30,2023-12-29,60.0161924074074,20,False,3.418412105854209,0.7490360287508995,0.7490360287508995
0.8-1.2,2023-10-30,2024-01-26,88.03014994212963,11,True,3.083237604314652,1.2319216255582763,1.2319216255582763
0.8-1.2,2023-10-30,2024-03-29,151.01159902199072,14,False,1.8784437399296414,1.7525853878769337,1.7525853878769337
0.8-1.2,2024-01-06,2024-01-12,6.013890885416666,24,False,1.6362373033459745,0.567641333155257,0.567641333155257
0.8-1.2,2024-01-06,2024-01-19,13.016207644675927,14,True,2.3411820399062195,1.2395184366861565,1.2395184366861565
0.8-1.2,2024-01-06,2024-01-26,20.021951203703704,19,False,3.3834488446460345,1.3664711664001137,1.3664711664001137
0.8-1.2,2024-01-06,2024-02-23,48.02993706018518,9,True,4.356977305580721,0.9548514649204991,0.9548514649204991
0.8-1.2,2024-01-09,2024-01-12,3.0199440509259254,26,False,1.5088393413657315,0.9451134587789515,0.9451134587789515
0.8-1.2,2024-01-09,2024-01-19,10.024085659722223,16,True,2.518453904330671,2.2414514456606214,2.2414514456606214
0.8-1.2,2024-01-09,2024-01-26,17.02743671296296,25,False,2.61618058472817,2.754763986372549,2.61618058472817
0.8-1.2,2024-01-09,2024-02-23,45.05134601851852,9,True,4.264842761378987,2.876724171062484,2.876724171062484
0.8-1.2,2024-01-09,2024-03-29,80.02761068287037,19,False,4.5903309960857905,2.3369905978481524,2.3369905978481524
0.8-1.2,2024-01-13,2024-01-19,6.0159976736111105,26,False,1.6489344435772877,0.3459218817595913,0.3459218817595913
0.8-1.2,2024-01-13,2024-01-26,13.01253417824074,19,True,2.4574931112433402,0.3146582552538925,0.3146582552538925
0.8-1.2,2024-01-13,2024-02-02,20.006090248842593,14,False,2.7058338109388087,0.5905929841907693,0.5905929841907693
0.8-1.2,2024-01-13,2024-02-23,41.0227391087963,19,True,2.024276349689213,1.1116288129750251,1.1116288129750251
0.8-1.2,2024-01-13,2024-03-29,76.03448825810185,14,False,1.3456549202373038,1.5509540728206177,1.3456549202373038
0.8-1.2,2024-02-29,2024-03-08,8.019279699074072,34,False,1.0078351999550395,0.36888787358430514,0.36888787358430514
0.8-1.2,2024-02-29,2024-03-15,15.016645364583333,24,True,1.388116570609239,0.6454531441968745,0.6454531441968745
0.8-1.2,2024-02-29,2024-03-29,29.01983179398148,29,False,2.123767999213979,0.9601186832175058,0.9601186832175058
0.8-1.2,2024-02-29,2024-04-26,57.033333067129625,27,True,3.011282259623008,0.9929664038081228,0.9929664038081228
0.8-1.2,2024-02-29,2024-05-31,92.04659883680557,16,False,3.4684822045578705,0.9290242075432712,0.9290242075432712
0.8-1.2,2024-02-29,2024-06-28,120.03693371527778,20,True,2.7986401037622004,0.8568237056762477,0.8568237056762477
0.8-1.2,2024-02-29,2024-12-27,302.0432365625,13,False,1.4689180933079016,0.47597346076641595,0.47597346076641595
0.8-1.2,2024-03-03,2024-03-15,12.018522222222222,17,True,1.4569617549875744,0.4159053006684689,0.4159053006684689
0.8-1.2,2024-03-03,2024-03-22,19.016513715277778,14,False,1.6509644829289751,0.44478690483763034,0.44478690483763034
0.8-1.2,2024-03-03,2024-03-29,26.01574359375,16,True,1.8054998342341908,0.3848766376023214,0.3848766376023214
0.8-1.2,2024-03-03,2024-04-26,54.01252703125,24,False,2.003900534534041,0.33191335549619017,0.33191335549619017
0.8-1.2,2024-03-07,2024-03-15,8.016718975694445,22,False,0.9523540290977862,0.43764985990116123,0.43764985990116123
0.8-1.2,2024-03-07,2024-03-22,15.037313958333332,14,True,1.2815463738014858,0.8145274291775697,0.8145274291775697
0.8-1.2,2024-03-07,2024-03-29,22.025908622685183,17,False,1.6469693380245731,1.0288930938524055,1.0288930938524055
0.8-1.2,2024-03-07,2024-04-26,50.02432947916667,13,True,3.353893044465906,1.2666539305583284,1.2666539305583284
0.8-1.2,2024-04-11,2024-04-19,8.018865613425927,20,False,1.3041652949062514,0.2698154317519964,0.2698154317519964
0.8-1.2,2024-04-11,2024-04-26,15.0149678125,23,True,2.5327866009603817,0.5534700021132436,0.5534700021132436
0.8-1.2,2024-04-11,2024-05-31,50.029740798611115,18,False,1.3010969937651236,0.981087089113223,0.981087089113223
0.8-1.2,2024-04-11,2024-06-28,78.03431347800925,14,True,0.9364005452127178,1.723012471243974,0.9364005452127178
0.8-1.2,2024-07-20,2024-07-26,6.025786869212963,22,False,1.3768848494248862,0.09905456154625225,0.09905456154625225
0.8-1.2,2024-07-20,2024-08-02,13.032782592592593,22,True,2.8682993573166295,0.2680453341355724,0.2680453341355724
0.8-1.2,2024-07-20,2024-08-09,20.02354978009259,13,False,3.117899596407684,0.3814891392461418,0.3814891392461418
0.8-1.2,2024-07-20,2024-08-30,41.026975694444445,19,True,3.188806423651036,0.6800197186350828,0.6800197186350828
0.8-1.2,2024-07-20,2024-09-27,69.02609829861112,11,False,2.7398960424213477,0.784630295885801,0.784630295885801
0.8-1.2,2024-07-23,2024-08-02,10.042241770833334,28,True,2.386302967522042,0.6703837553259397,0.6703837553259397
0.8-1.2,2024-07-23,2024-08-09,17.037118680555555,13,False,3.0612688736092926,1.1340107997867561,1.1340107997867561
0.8-1.2,2024-07-23,2024-08-30,38.02985179398148,31,True,2.2864548747657367,1.5076357761475676,1.5076357761475676
0.8-1.2,2024-07-23,2024-09-27,66.02487324652776,18,False,2.2104887660004295,1.3817185655559479,1.3817185655559479
0.8-1.2,2024-07-23,2024-12-27,157.06945369212963,19,False,4.06018099388864,1.1762316592612545,1.1762316592612545
0.8-1.2,2024-07-27,2024-08-02,6.026728680555555,23,False,1.0455840769700981,0.705361750424564,0.705361750424564
0.8-1.2,2024-07-27,2024-08-09,13.021104745370373,18,True,1.2393923755716776,0.5146861750678571,0.5146861750678571
0.8-1.2,2024-07-27,2024-08-16,20.01344515625,20,False,1.6139487275475197,1.1972191461922834,1.1972191461922834
0.8-1.2,2024-07-27,2024-08-30,34.04372244791667,20,True,2.40060724327995,1.8171385760990266,1.8171385760990266
0.8-1.2,2024-07-27,2024-09-27,62.01719908564815,14,False,2.163474871130229,1.6378151424411385,1.6378151424411385
0.8-1.2,2024-07-27,2024-12-27,153.0158437789352,12,False,4.732361791751063,1.6081616239905754,1.6081616239905754
0.8-1.2,2024-10-03,2024-10-25,22.02012861689815,22,False,1.3250208891543596,0.2537606996101687,0.2537606996101687
0.8-1.2,2024-10-03,2024-11-08,36.01699317129629,8,True,1.7313203276217217,0.5967456997904222,0.5967456997904222
0.8-1.2,2024-10-03,2024-11-29,57.02457651620371,17,False,1.9382375443861826,1.0334556192104807,1.0334556192104807
0.8-1.2,2024-10-03,2024-12-27,85.01754701388889,17,True,1.5220225343112168,1.3723484902486573,1.3723484902486573
0.8-1.2,2024-10-20,2024-11-01,12.04217488425926,13,True,1.4696873029905946,0.8756361726055091,0.8756361726055091
0.8-1.2,2024-10-20,2024-11-08,19.028794270833338,11,False,1.6251002486474597,0.9067662199874406,0.9067662199874406
0.8-1.2,2024-10-20,2024-11-29,40.04791641782408,14,True,1.2244982388794547,0.6075495790583852,0.6075495790583852
0.8-1.2,2024-10-28,2024-11-15,18.02665996527778,13,False,1.8240823662947145,1.5277248091216085,1.5277248091216085
0.8-1.2,2024-10-28,2024-11-29,32.02816462962963,20,True,0.7149029382144227,1.304820450785998,0.7149029382144227
0.8-1.2,2024-10-28,2024-12-27,60.01708412037038,19,False,0.8657728990945925,0.31984016223632733,0.31984016223632733
0.8-1.2,2024-12-30,2025-01-10,11.023752378472224,20,True,1.3511716274508088,0.2892669790312888,0.2892669790312888
0.8-1.2,2024-12-30,2025-01-17,18.032392939814816,15,False,1.3799555873373361,0.3609607184479757,0.3609607184479757
0.8-1.2,2024-12-30,2025-01-31,32.04227109953704,21,True,3.8967832594340894,0.4130266359000017,0.4130266359000017
0.8-1.2,2024-12-30,2025-03-28,88.01702776041667,8,False,6.157519377819766,1.19369845503113,1.19369845503113
0.8-1.2,2025-01-04,2025-01-17,13.04096085648148,19,True,1.7278979991928018,0.7366060104106509,0.7366060104106509
0.8-1.2,2025-01-04,2025-01-24,20.026429803240738,10,False,1.3383590917604489,0.944806982552766,0.944806982552766
0.8-1.2,2025-01-04,2025-01-31,27.022659722222222,22,True,1.5124856799667346,0.9114456003802256,0.9114456003802256
0.8-1.2,2025-01-04,2025-02-28,55.01853548611112,8,False,1.0308346542073066,1.965218092738527,1.0308346542073066
0.8-1.2,2025-01-15,2025-01-31,16.014375300925927,38,True,1.421090097960895,0.5273837078825035,0.5273837078825035
0.8-1.2,2025-01-15,2025-02-28,44.02730994212963,15,False,2.3231492963618066,1.3219385530102252,1.3219385530102252
0.8-1.2,2025-01-15,2025-03-28,72.01538428819444,12,True,2.2536060580759867,1.5182850144381723,1.5182850144381723
0.8-1.2,2025-01-16,2025-01-31,15.028499513888889,21,True,1.3637844790384515,0.4854175588633267,0.4854175588633267
0.8-1.2,2025-01-16,2025-02-28,43.04133164351852,11,False,2.027557054568884,0.5605921164033347,0.5605921164033347
0.8-1.2,2025-01-16,2025-03-28,71.05223955439814,10,True,2.0666058842953126,0.6329200932755565,0.6329200932755565
0.8-1.2,2025-07-18,2025-08-01,14.013102210648148,25,True,1.0686430860404463,0.4717104246773742,0.4717104246773742
0.8-1.2,2025-07-18,2025-08-29,42.02422076388889,25,True,2.161904751426445,1.1351679486276078,1.1351679486276078
0.8-1.2,2025-07-18,2025-09-26,70.01677664930557,16,False,2.3094620953632825,1.220218689653925,1.220218689653925
0.8-1.2,2025-07-18,2025-12-26,161.01049710648147,11,True,4.129277328944084,1.5110120587581641,1.5110120587581641
0.8-1.2,2025-07-21,2025-08-01,11.033644328703703,28,True,0.9556012959785194,0.5691861354429961,0.5691861354429961
0.8-1.2,2025-07-21,2025-08-08,18.04992453125,22,False,1.0736074976888472,1.0392695035929738,1.0392695035929738
0.8-1.2,2025-07-21,2025-08-29,39.021012615740744,27,True,2.780585979102241,1.8723530175377463,1.8723530175377463
0.8-1.2,2025-07-21,2025-09-26,67.01934116898148,17,False,3.0068786475094114,2.117038063805431,2.117038063805431
0.8-1.2,2025-07-21,2025-12-26,158.0246643229167,16,True,2.6773335668966634,2.372731716336864,2.372731716336864
0.8-1.2,2025-07-21,2026-03-27,249.0576032291667,11,False,1.7989038259159809,3.72168179803413,1.7989038259159809
0.8-1.2,2025-07-23,2025-08-29,37.02101424768519,18,False,1.2224895205371102,1.0887196356971258,1.0887196356971258
0.8-1.2,2025-07-23,2025-12-26,156.01343903935185,12,False,1.7701687580414485,1.901473084071492,1.7701687580414485
0.8-1.2,2025-08-03,2025-08-29,26.02145461226852,16,True,1.2491794284148496,1.2431972062307663,1.2431972062307663
0.8-1.2,2025-08-31,2025-10-31,61.00220133680556,14,False,2.446160742391331,1.1631875515480492,1.1631875515480492
0.8-1.2,2025-09-01,2025-09-19,18.01758744212963,15,True,1.1323395736679414,0.43747327512304807,0.43747327512304807
0.8-1.2,2025-09-01,2025-09-26,25.02827662037037,23,False,1.3947280709684613,0.6504695717489631,0.6504695717489631
0.8-1.2,2025-09-01,2025-10-31,60.006475011574075,25,True,1.7193701034557443,1.2629033968386616,1.2629033968386616
0.8-1.2,2025-09-01,2025-11-28,88.0081598900463,18,False,2.110818134782599,1.3239043009596718,1.3239043009596718
0.8-1.2,2025-09-01,2025-12-26,116.01747303819445,18,True,2.6026719574854367,1.0936222481411846,1.0936222481411846
0.8-1.2,2025-09-01,2026-03-27,207.0321444097222,10,False,3.3366543979281587,1.6023550924430876,1.6023550924430876
0.8-1.2,2025-09-02,2025-09-12,10.03307777199074,22,True,0.9928378635366001,0.18727596547151254,0.18727596547151254
0.8-1.2,2025-09-02,2025-09-26,24.02035949652778,22,True,1.1365002239691961,0.2700827694198428,0.2700827694198428
0.8-1.2,2025-09-02,2025-10-31,59.035523177083334,28,False,1.9064484171748908,0.7741748998022357,0.7741748998022357
0.8-1.2,2025-09-02,2025-11-28,87.01036835069445,10,True,1.7434188176875942,0.9941863150931505,0.9941863150931505
0.8-1.2,2025-09-02,2025-12-26,115.0104094675926,13,False,2.2196728602497475,1.0474465299315507,1.0474465299315507
0.8-1.2,2025-09-03,2025-10-31,58.025834293981475,15,False,1.6320941338086106,0.5504904409176156,0.5504904409176156
0.8-1.2,2025-09-03,2025-11-28,86.01245899305556,8,True,2.7101955507302153,0.8388450533883338,0.8388450533883338
0.8-1.2,2025-09-03,2025-12-26,114.02252598379629,19,False,3.270726673640745,1.0988338114515293,1.0988338114515293
0.8-1.2,2025-09-04,2025-09-26,22.03948409722222,15,True,1.2045559155881282,0.21092831261348266,0.21092831261348266
0.8-1.2,2025-09-04,2025-10-31,57.04503717013889,24,False,2.2347336959856627,0.5009080853808874,0.5009080853808874
0.8-1.2,2025-09-04,2025-11-28,85.04724207175926,10,True,1.8881498884266017,0.6211473021719833,0.6211473021719833
0.8-1.2,2025-09-04,2025-12-26,113.03750865162036,16,False,2.5166869148221025,0.6158224174481991,0.6158224174481991
0.8-1.2,2025-09-05,2025-09-26,21.02073490740741,23,True,1.3825622375115474,0.423164936701285,0.423164936701285
0.8-1.2,2025-09-05,2025-10-31,56.02668528935186,28,False,2.207143393407057,0.706292709363673,0.706292709363673
0.8-1.2,2025-09-05,2025-11-28,84.02683388888889,12,True,2.3319407911884835,0.8517076822118046,0.8517076822118046
0.8-1.2,2025-09-05,2025-12-26,112.02934420717591,20,False,3.074263260573468,1.0565327513803866,1.0565327513803866
0.8-1.2,2025-09-05,2026-03-27,203.03307251736106,10,True,5.819883301839293,1.68786710177668,1.68786710177668
0.8-1.2,2025-09-05,2026-06-26,294.03242050347217,8,False,6.377851962841337,2.363652696163191,2.363652696163191
0.8-1.2,2025-09-08,2025-09-26,18.02339260416667,19,True,1.3334717507624683,0.20373346525573835,0.20373346525573835
0.8-1.2,2025-09-08,2025-10-31,53.02658320023148,14,False,2.813301782551554,0.6846023922962219,0.6846023922962219
0.8-1.2,2025-09-08,2025-11-28,81.01278088541667,8,True,2.207607819637961,0.715556746292967,0.715556746292967
0.8-1.2,2025-09-08,2025-12-26,109.01634467013888,14,False,3.3263839428446116,0.7732513257543944,0.7732513257543944
0.8-1.2,2025-10-12,2025-10-24,12.025535208333332,15,False,1.385617227357319,0.27970668971717266,0.27970668971717266
0.8-1.2,2025-10-12,2025-10-31,19.01279303240741,37,True,1.6057636475502246,0.41090097860894803,0.41090097860894803
0.8-1.2,2025-10-12,2025-11-28,47.01814262152778,30,False,1.5593574222636348,0.2979478340680942,0.2979478340680942
0.8-1.2,2025-10-12,2025-12-26,75.0366523900463,26,True,1.6484100366573031,0.058049055058690506,0.058049055058690506
0.8-1.2,2025-10-15,2025-11-28,44.025150787037035,29,True,2.243636489562035,0.961841989773318,0.961841989773318
0.8-1.2,2025-10-15,2025-12-26,72.04071675925925,29,False,1.9914642538213667,1.0701341567148313,1.0701341567148313
0.8-1.2,2025-10-19,2025-10-31,12.054084907407406,13,False,1.6385392789753646,0.7504675381559978,0.7504675381559978
0.8-1.2,2025-10-19,2025-11-28,40.038114907407405,13,False,2.161888421591968,0.47303283064155194,0.47303283064155194
0.8-1.2,2025-10-19,2025-12-26,68.04771765046297,15,True,2.436750556206217,0.36533288861637797,0.36533288861637797
0.8-1.2,2026-02-04,2026-02-13,9.016220052083334,22,True,2.048498056676662,0.3117569831383377,0.3117569831383377
0.8-1.2,2026-02-04,2026-02-20,16.02920841435185,16,False,2.3867180063292763,0.2591811086522389,0.2591811086522389
0.8-1.2,2026-02-04,2026-02-27,23.03078560763889,16,True,2.560285856057627,0.3678067107979066,0.3678067107979066
0.8-1.2,2026-02-04,2026-03-27,51.016985115740745,16,False,2.4178690186518197,0.7119895014577442,0.7119895014577442
0.8-1.2,2026-02-04,2026-04-24,79.02589510416666,10,True,2.120253346686356,0.9837210884798783,0.9837210884798783
0.8-1.2,2026-02-04,2026-06-26,142.02589947337964,16,False,1.8374049113711937,1.3691866946617197,1.3691866946617197
0.8-1.2,2026-02-07,2026-02-13,6.017134502314816,26,True,3.7760252140307777,0.42574622674308427,0.42574622674308427
0.8-1.2,2026-02-07,2026-02-20,13.02870357638889,31,False,5.365309869071532,0.4693622099866001,0.4693622099866001
0.8-1.2,2026-02-07,2026-02-27,20.028628321759257,26,True,6.100653571674255,0.7630925426170792,0.7630925426170792
0.8-1.2,2026-02-07,2026-03-27,48.02942586226851,26,False,5.595525577947304,1.6599573625179413,1.6599573625179413
0.8-1.2,2026-02-07,2026-04-24,76.02524596064815,17,True,4.574678999679321,2.185983102249412,2.185983102249412
0.8-1.2,2026-02-07,2026-06-26,139.0137193287037,15,False,3.450424637023284,2.8553921402063986,2.8553921402063986
0.8-1.2,2026-02-07,2026-12-25,321.0475952777778,13,False,3.3565693353810175,3.4432242898723415,3.3565693353810175
0.8-1.2,2026-02-11,2026-02-20,9.02203347222222,26,True,3.1404654950293187,0.4211105409450726,0.4211105409450726
0.8-1.2,2026-02-11,2026-02-27,16.023428854166667,25,False,3.706116380245747,0.42983329842058504,0.42983329842058504
0.8-1.2,2026-02-11,2026-03-27,44.013030781249995,26,True,5.500020298023746,0.35796419238046207,0.35796419238046207
0.8-1.2,2026-02-11,2026-04-24,72.04190745949074,20,False,6.030512542901773,0.5010828910263467,0.5010828910263467
0.8-1.2,2026-02-11,2026-06-26,135.01705045138888,15,True,3.971109799339267,0.8448792640543712,0.8448792640543712
0.8-1.2,2026-02-11,2026-09-25,226.0271799074074,11,False,3.7445694512148613,1.0652119564373588,1.0652119564373588
0.8-1.2,2026-06-06,2026-06-12,6.047329201388889,10,True,1.9290853169158084,0.26915191208074274,0.26915191208074274
0.8-1.2,2026-06-06,2026-06-19,13.024007870370372,11,False,2.5090917928627365,0.28803652313656125,0.28803652313656125
0.8-1.2,2026-06-06,2026-06-26,20.03159920138889,19,True,3.0550696461640183,0.4227366456594407,0.4227366456594407
0.8-1.2,2026-06-06,2026-07-31,55.037277708333335,26,False,4.131403898996207,0.6158023122919868,0.6158023122919868
0.8-1.2,2026-06-06,2026-08-28,83.05635131944445,19,True,4.488043678416844,0.5764987848854531,0.5764987848854531
0.8-1.2,2026-06-06,2026-09-25,111.05292653935186,19,False,4.838891408401373,0.48938263298663753,0.48938263298663753
0.8-1.2,2026-06-06,2026-12-25,202.03066422453705,17,True,3.646369167573634,0.23101941353256622,0.23101941353256622
0.8-1.2,2026-06-06,2027-03-26,293.0259299305556,13,False,3.2370998195269807,0.5354302344880225,0.5354302344880225
0.8-1.2,2026-06-09,2026-06-19,10.043581481481482,17,True,1.7634300961903409,0.5741878623160851,0.5741878623160851
0.8-1.2,2026-06-09,2026-06-26,17.01369342592593,16,False,2.1683950258969786,0.5364270813116673,0.5364270813116673
0.8-1.2,2026-06-09,2026-07-31,52.03627777777778,10,True,3.368973424110056,1.1499667604226058,1.1499667604226058
0.8-1.2,2026-06-09,2026-08-28,80.0433462962963,10,False,4.003163172680864,1.495006936425563,1.495006936425563
0.8-1.2,2026-06-09,2026-12-25,199.01851192129627,13,False,3.3361749670686045,1.2195947577691908,1.2195947577691908
0.8-1.2,2026-06-13,2026-07-31,48.010830839120366,16,False,2.7380240309273907,0.5750345818277336,0.5750345818277336
0.8-1.2,2026-06-13,2026-12-25,195.06059645833332,8,False,2.853680309044986,0.60793727542233,0.60793727542233
0.8-1.2,2026-06-29,2026-07-31,32.04076949074074,13,False,3.833545882516678,0.4062770100123426,0.4062770100123426
0.8-1.2,2026-06-29,2026-09-25,88.03422215277777,10,False,7.416458595338035,1.1443777580908594,1.1443777580908594
0.8-1.2,2026-06-29,2026-12-25,179.01799153935184,9,False,5.514592611067171,1.398613002090337,1.398613002090337
0.8-1.2,2026-07-02,2026-07-31,29.037993807870368,17,True,2.411683655560807,1.473412442024254,1.473412442024254
0.8-1.2,2026-07-02,2026-09-25,85.02286395833335,9,True,3.4281396006844744,1.4493260958149214,1.4493260958149214
0.8-1.2,2026-07-02,2026-12-25,176.02320133680556,10,False,3.1193992994834985,1.7240988547345006,1.7240988547345006
0.8-1.2,2026-07-06,2026-07-31,25.013443807870367,13,False,2.2050869965102122,0.6651572946908823,0.6651572946908823
0.8-1.2,2026-07-06,2026-09-25,81.03985587384258,12,False,3.6939104860753993,1.1773932729074144,1.1773932729074144
