date,expiry,days,n,held_out_expiry,y_range,gap_BS,gap_SH,BS_pct_of_range,SH_pct_of_range,min_sep_pct
2022-02-21,2022-02-25,4.019348796296296,14,False,0.30952169914285904,0.0032996088545113322,0.0006949488012768928,1.0660347444617786,0.2245234512479659,0.2245234512479659
2022-02-21,2022-03-04,11.015617858796295,7,True,0.45101951247932204,0.006215418507416821,0.0013656543699559764,1.3780819533172148,0.30279274669265843,0.30279274669265843
2022-02-21,2022-03-11,18.028017598379627,6,False,0.239454097578936,0.007997401652750223,0.0023656815557312194,3.3398474837599643,0.9879478278509614,0.9879478278509614
2022-02-21,2022-03-25,32.04297881944444,8,True,0.45971688885973433,0.012671467488975671,0.0041777029928422305,2.756363274015348,0.9087556046079704,0.9087556046079704
2022-02-21,2022-06-24,123.06282526041667,6,True,0.3749349671328927,0.016010269209889544,0.010169986750956539,4.270145655477056,2.7124668655809496,2.7124668655809496
2022-09-10,2022-09-16,6.054363900462963,16,False,0.3502337248375574,0.0028772091725296073,0.0010978472861417482,0.821511170537358,0.31346132833179985,0.31346132833179985
2022-09-10,2022-09-23,13.015320237268519,10,True,0.44981920813999465,0.0040504135661329,0.001324467466427115,0.9004536695712454,0.2944443995408281,0.2944443995408281
2022-09-10,2022-09-30,20.037899479166665,10,False,0.34847587244945316,0.004439842124597304,0.0015356374731426911,1.2740744698878137,0.44067253848842497,0.44067253848842497
2022-09-10,2022-10-28,48.025611464120374,6,True,0.3315005765068514,0.008175739986520353,0.002052380372953258,2.4662822830268527,0.6191181911597188,0.6191181911597188
2022-09-10,2022-12-30,111.01606649305555,6,False,0.44261410413022395,0.011637889637735266,0.0028447981674961376,2.629353545026486,0.6427265062161583,0.6427265062161583
2023-03-18,2023-03-24,6.012946666666666,21,False,0.45029791913773703,0.003690614386077734,0.0014325888880655918,0.8195939242057323,0.3181424623966321,0.3181424623966321
2023-03-18,2023-03-31,13.041630092592593,27,True,0.45234021456368095,0.005074795668808169,0.0033478996147652818,1.1218979664903823,0.7401286701856928,0.7401286701856928
2023-03-18,2023-04-07,20.03836217592593,15,False,0.4537369744893831,0.006415782031004194,0.0040969263756297225,1.4139870435342525,0.9029298042638545,0.9029298042638545
2023-03-18,2023-04-28,41.021209247685185,13,True,0.45757939776111434,0.007894988542962028,0.004321961585446954,1.7253811210887857,0.944527137059456,0.944527137059456
2023-03-18,2023-05-26,69.04582122685184,9,False,0.4588571462579435,0.008528945909899915,0.006286514403915436,1.858736641557158,1.3700373755063004,1.3700373755063004
2023-03-18,2023-06-30,104.0645685763889,11,True,0.4599452546397164,0.007373745841803614,0.008372285296039159,1.603179023464348,1.8202786552493784,1.603179023464348
2023-03-18,2023-09-29,195.03752587384258,6,False,0.42215737734611075,0.004823879200524683,0.011112562652030256,1.142673197102456,2.63232700607752,1.142673197102456
2023-03-21,2023-03-24,3.0177808854166663,20,False,0.27948989697908316,0.0031736814474292926,0.0014586664155666548,1.1355263577440902,0.521903092502775,0.521903092502775
2023-03-21,2023-03-31,10.01918931712963,15,True,0.39267898414580066,0.005138636110187639,0.00360274792258021,1.3086099123348238,0.9174791796961865,0.9174791796961865
2023-03-21,2023-04-07,17.03519914351852,15,False,0.2700287960399854,0.00692079798982137,0.003964365921593271,2.562985167254736,1.4681270959732142,1.4681270959732142
2023-03-21,2023-04-28,38.02910013310185,16,True,0.3829415253698768,0.00921984709924012,0.003970732846505426,2.4076383699403774,1.0369031780165814,1.0369031780165814
2023-03-21,2023-05-26,66.03547686921297,10,False,0.4536131842063416,0.01080875828908942,0.0036526157993924113,2.3828139625176075,0.8052269921967024,0.8052269921967024
2023-03-21,2023-06-30,101.03859190972224,14,True,0.4571055233160918,0.008765281886098403,0.0031560114121749194,1.9175620155517454,0.6904338825922509,0.6904338825922509
2023-08-18,2023-08-25,7.005815457175927,24,False,0.39284574932794514,0.003766386466910944,0.0015720965283005615,0.9587443604402572,0.4001816313374911,0.4001816313374911
2023-08-18,2023-09-01,14.03001662037037,18,True,0.21104343614744547,0.004726024349079403,0.0007352254870528277,2.239360974855227,0.34837638188337805,0.34837638188337805
2023-08-18,2023-09-08,21.017334820601853,16,False,0.1860420050446009,0.005532881076874149,0.0011447031820572672,2.973995617574494,0.6152928645242461,0.6152928645242461
2023-08-18,2023-09-29,42.01336123842593,18,True,0.45482990215235897,0.008006068439113494,0.0035160910988178973,1.7602335293319435,0.7730562749236476,0.7730562749236476
2023-08-18,2023-10-27,70.01779361689815,14,False,0.3469245390200264,0.007108132583791227,0.005628306110239817,2.0488987616355687,1.6223430392495009,1.6223430392495009
2023-08-18,2023-12-29,133.00514627314814,21,True,0.46090615494779125,0.01304901889192775,0.00696767617173466,2.8311661174075375,1.51173424284688,1.51173424284688
2023-08-18,2024-06-28,315.00665185185187,7,False,0.4787348505876554,0.00756583362329688,0.01729420245601855,1.5803807919999322,3.6124803604311686,1.5803807919999322
2023-08-21,2023-09-01,11.026647662037036,17,True,0.1621517575792897,0.0039002435653563913,0.0006344258969174024,2.4053045268098514,0.3912544066056009,0.3912544066056009
2023-08-21,2023-09-08,18.04576203703704,15,False,0.18561324741750296,0.005241618692048859,0.0008843044780709958,2.823946439695007,0.47642314887251286,0.47642314887251286
2023-08-21,2023-09-29,39.03546599537037,16,True,0.45296860578993464,0.009566351179885413,0.0018622553526975588,2.1119236648205666,0.41112238881322927,0.41112238881322927
2023-08-21,2023-10-27,67.02494392361112,9,False,0.4567679083825129,0.011184908763473972,0.0025930503329781654,2.4487072226859143,0.5676953843278011,0.5676953843278011
2023-08-21,2023-12-29,130.00763700231482,9,True,0.41211693572847297,0.033225091743605065,0.003632900391486227,8.062054446967869,0.8815217421396622,0.8815217421396622
2023-08-21,2024-06-28,312.00482708333334,9,False,0.4812762132603808,0.02680416002893879,0.004001058345002813,5.569392230576989,0.831343464472896,0.831343464472896
2023-08-25,2023-09-08,14.012535081018518,12,True,0.23785892993631444,0.004445333424714336,0.0004985389159837929,1.8688949058606092,0.20959436591986444,0.20959436591986444
2023-08-25,2023-09-15,21.02178196759259,11,False,0.30632468176493866,0.00481193951443637,0.0006556444676536592,1.5708624870551111,0.21403579492062433,0.21403579492062433
2023-08-25,2023-09-29,35.008858530092596,16,True,0.45063092112957975,0.007055373200217145,0.0007698484387026194,1.5656655745086698,0.17083790805408317,0.17083790805408317
2023-08-25,2023-10-27,63.01005001157408,13,False,0.16606181137905393,0.007604573909159043,0.0007384815917403365,4.579363458706822,0.44470284023017964,0.44470284023017964
2023-08-25,2023-11-24,91.03725162037036,7,True,0.4577873894587465,0.007244747785773359,0.001140131471294492,1.5825573077360227,0.24905261646514512,0.24905261646514512
2023-08-25,2023-12-29,126.00954223958334,10,False,0.28725543790580677,0.0060308773952156974,0.0009680169809639927,2.0994824116065183,0.33698821788063515,0.33698821788063515
2023-10-23,2023-10-27,4.0048525,18,False,0.28452634735577637,0.002200855633896163,0.0005360472058290426,0.773515582774546,0.1883998479616232,0.1883998479616232
2023-10-23,2023-11-03,11.014201516203704,19,True,0.23644307736272446,0.0037603662244759736,0.0013016918959322388,1.5903896474445058,0.5505307706409729,0.5505307706409729
2023-10-23,2023-11-10,18.026562604166667,23,False,0.2008137988264623,0.004477836670222009,0.0018667017417635101,2.2298451084487625,0.9295684622632242,0.9295684622632242
2023-10-23,2023-11-24,32.007348987268514,22,True,0.45365559159641483,0.008329486679601969,0.0031028200868120637,1.8360815636131567,0.683959405392367,0.683959405392367
2023-10-23,2023-12-29,67.01976234953705,30,False,0.4558900133989544,0.011125417856951314,0.004782518825563048,2.4403732325707557,1.049051017789638,1.049051017789638
2023-10-23,2024-03-29,158.01392221064816,25,True,0.46063537114948583,0.012627123425829556,0.005740530188899862,2.741240516185152,1.2462200144497673,1.2462200144497673
2023-10-23,2024-06-28,249.02006565972223,6,False,0.23041273854879807,0.011637196537196082,0.0032070762696594923,5.050587311487335,1.3918832308745293,1.3918832308745293
2023-10-23,2024-09-27,340.02440700231483,7,False,0.4795410942336844,0.006734299915055156,0.004577178545543958,1.4043217559522594,0.954491408678619,0.954491408678619
2023-10-26,2023-11-03,8.012109652777777,25,False,0.38744678711604663,0.003808028849696325,0.0014414185028235466,0.9828520912616986,0.3720300569667179,0.3720300569667179
2023-10-26,2023-11-10,15.023106359953706,18,True,0.16309891348103897,0.0046116945262168335,0.0019212568405275916,2.8275446033262295,1.177970349110233,1.177970349110233
2023-10-26,2023-11-24,29.01460188078704,18,False,0.45340153736748434,0.0053180203968162115,0.0033996708704603362,1.1729162692507433,0.7498145882343766,0.7498145882343766
2023-10-26,2023-12-29,64.02515347222223,26,True,0.45537853241341913,0.004459785581969911,0.003879078864547289,0.9793578889926804,0.8518361293820578,0.8518361293820578
2023-10-26,2024-03-29,155.0401240914352,6,False,0.3513605495700184,0.0032086815931676935,0.0021876515655028655,0.9132162381617275,0.6226229917331442,0.6226229917331442
2023-10-26,2024-06-28,246.01139570023145,6,True,0.4706615659967778,0.004470057706447483,0.001653693072454887,0.9497392668935466,0.35135502703575516,0.35135502703575516
2023-10-30,2023-11-03,4.015183200231482,14,False,0.2284194000246929,0.0012966878480285774,0.0011913284097455502,0.567678510620552,0.5215530771978052,0.5215530771978052
2023-10-30,2023-11-10,11.014045486111112,11,True,0.22105863981313215,0.0029932315742741827,0.0015787842334634011,1.3540441472020528,0.7141925033095279,0.7141925033095279
2023-10-30,2023-11-17,18.043124820601854,16,False,0.19335192169714327,0.0034679579883548084,0.001823839873593372,1.7935989246524497,0.9432747590945297,0.9432747590945297
2023-10-30,2023-11-24,25.00646395833333,15,True,0.43536194492519953,0.00533606412109186,0.0017392893672359966,1.225661586478042,0.399504225739075,0.399504225739075
2023-10-30,2023-12-29,60.0161924074074,20,False,0.4535252636834846,0.0072790516656633525,0.0017140606654182083,1.6049936461187757,0.37794160605228194,0.37794160605228194
2023-10-30,2024-01-26,88.03014994212963,11,True,0.45502336319415354,0.006718509335156442,0.0026843695069964923,1.4765196424188283,0.5899410281161983,0.5899410281161983
2023-10-30,2024-03-29,151.01159902199072,14,False,0.45937471483123776,0.004250074680175769,0.003965285848034128,0.925186899269616,0.8631920129715608,0.8631920129715608
2024-01-06,2024-01-12,6.013890885416666,24,False,0.28916052453974533,0.0033288439776786513,0.001154796257905856,1.1512096898347892,0.39936165551779124,0.39936165551779124
2024-01-06,2024-01-19,13.016207644675927,14,True,0.4524764904476828,0.004838863223022433,0.00256172356099528,1.0694175996270732,0.5661561683482597,0.5661561683482597
2024-01-06,2024-01-26,20.021951203703704,19,False,0.42023316311999975,0.00703642982401162,0.00284162882024154,1.674410884607489,0.6762028963026172,0.6762028963026172
2024-01-06,2024-02-23,48.02993706018518,9,True,0.3086284954197383,0.009338738220110804,0.0020466242696684234,3.025883338286704,0.6631352256974816,0.6631352256974816
2024-01-06,2024-03-29,83.0160394386574,6,False,0.45512056698039255,0.010886138680825025,0.003409477585189488,2.391924134093026,0.7491372248480203,0.7491372248480203
2024-01-09,2024-01-12,3.0199440509259254,26,False,0.4500590008553549,0.0030443569852202403,0.0019072687646965875,0.6764350850520309,0.42378193993937413,0.42378193993937413
2024-01-09,2024-01-19,10.024085659722223,16,True,0.3077531719113374,0.005227239832090058,0.004652287792467687,1.6985169639765754,1.5116945062090195,1.5116945062090195
2024-01-09,2024-01-26,17.02743671296296,25,False,0.4532124261877551,0.005516607550898979,0.005809652322631198,1.2172233663808636,1.281882840569865,1.2172233663808636
2024-01-09,2024-02-23,45.05134601851852,9,True,0.30413634068031953,0.009254426849557212,0.0062421945600712875,3.042854671314871,2.0524329799287337,2.0524329799287337
2024-01-09,2024-03-29,80.02761068287037,19,False,0.4614700083085879,0.0102488196687954,0.005217813412034061,2.220906989461805,1.1306939385202421,1.1306939385202421
2024-01-13,2024-01-19,6.0159976736111105,26,False,0.3509642864935805,0.0033271411676520993,0.0006980802806856139,0.9479999235514681,0.19890350886125915,0.19890350886125915
2024-01-13,2024-01-26,13.01253417824074,19,True,0.45163227946494827,0.005045036864198514,0.0006460379101903835,1.1170673783936353,0.14304511425882774,0.14304511425882774
2024-01-13,2024-02-02,20.006090248842593,14,False,0.449742353547942,0.005626093824065301,0.0012280904916004767,1.2509593058518929,0.2730653410585587,0.2730653410585587
2024-01-13,2024-02-23,41.0227391087963,19,True,0.2323747109691715,0.004328000810238264,0.0023767575059221446,1.862509389333871,1.0228124635462,1.0228124635462
2024-01-13,2024-03-29,76.03448825810185,14,False,0.22791363641183862,0.0026449336016609037,0.0033399175350547483,1.1604981796181444,1.4654311991317346,1.1604981796181444
2024-02-29,2024-03-08,8.019279699074072,34,False,0.44787070029230114,0.0020515819945772645,0.0007509475877092095,0.4580746169013305,0.1676706217261157,0.1676706217261157
2024-02-29,2024-03-15,15.016645364583333,24,True,0.3743054570224361,0.0028505906851035677,0.0013351128952599003,0.7615680272950713,0.35669073752773867,0.35669073752773867
2024-02-29,2024-03-29,29.01983179398148,29,False,0.45342074830051743,0.004460024301337517,0.0020471794300615243,0.983639217670187,0.4514966370053931,0.4514966370053931
2024-02-29,2024-04-26,57.033333067129625,27,True,0.4546779526073982,0.006533629381674344,0.00272128186165993,1.4369795905445963,0.5985075471670563,0.5985075471670563
2024-02-29,2024-05-31,92.04659883680557,16,False,0.45742928594677823,0.007801751786379624,0.0029140204321274066,1.7055645596087512,0.6370428220606872,0.6370428220606872
2024-02-29,2024-06-28,120.03693371527778,20,True,0.4607509179987319,0.006385215970404534,0.002876948839803495,1.3858281602864018,0.6244043641409333,0.6244043641409333
2024-02-29,2024-12-27,302.0432365625,13,False,0.4823211451735505,0.004483195580213331,0.0016151366944932022,0.9295042577078332,0.33486748624965174,0.33486748624965174
2024-03-03,2024-03-08,5.018685358796296,23,False,0.12511775830345614,0.0020124945436140055,0.0004824750141430162,1.6084803395637677,0.3856167347346797,0.3856167347346797
2024-03-03,2024-03-15,12.018522222222222,17,True,0.34964950199464107,0.0029595289550362527,0.0008448033126115528,0.8464273331301961,0.2416143331514028,0.2416143331514028
2024-03-03,2024-03-22,19.016513715277778,14,False,0.29892841839351636,0.003387112878063211,0.000912515662805119,1.1330849359408635,0.3052622656986269,0.3052622656986269
2024-03-03,2024-03-29,26.01574359375,16,True,0.438877965438454,0.003750190820758184,0.0007995072240346845,0.8544951253161266,0.18217073696920502,0.18217073696920502
2024-03-03,2024-04-26,54.01252703125,24,False,0.45248404921425067,0.004322907378678825,0.0009117518953758643,0.9553723244356694,0.2014992344943746,0.2014992344943746
2024-03-07,2024-03-15,8.016718975694445,22,False,0.27549227342124005,0.0019322460050195944,0.0008879331757720571,0.7013793820870989,0.32230783271891167,0.32230783271891167
2024-03-07,2024-03-22,15.037313958333332,14,True,0.19943693558948786,0.0026429896881527415,0.0016798014549141566,1.3252257814434907,0.8422719943771024,0.8422719943771024
2024-03-07,2024-03-29,22.025908622685183,17,False,0.45146581813889114,0.0034311341245656934,0.0021435276103726197,0.7599986503319555,0.4747928911227504,0.4747928911227504
2024-03-07,2024-04-26,50.02432947916667,13,True,0.45519882886699276,0.007229511826177648,0.003196363906168953,1.588209671842122,0.7021907139183167,0.7021907139183167
2024-03-07,2024-05-31,85.05902438078704,6,False,0.4570680645150425,0.00887643426379725,0.00346350600671258,1.9420377298106153,0.7577659161961846,0.7577659161961846
2024-04-11,2024-04-19,8.018865613425927,20,False,0.27474645905017825,0.0026418933771449743,0.0005466341320057508,0.9615750413229066,0.19895948209687989,0.19895948209687989
2024-04-11,2024-04-26,15.0149678125,23,True,0.43623618773966166,0.005209137261894405,0.001138308138655536,1.1941093857630924,0.26093849401940467,0.26093849401940467
2024-04-11,2024-05-31,50.029740798611115,18,False,0.456594754811291,0.002840026966991288,0.0029473821343320994,0.6220016627578345,0.6455137960466151,0.6220016627578345
2024-04-11,2024-06-28,78.03431347800925,14,True,0.46059775421206933,0.00212695542334701,0.003913608980852024,0.4617815445030835,0.8496804304977379,0.4617815445030835
2024-07-20,2024-07-26,6.025786869212963,22,False,0.19428963990421158,0.0027620015542728256,0.00019870886988166553,1.4215897232783712,0.10227455770654201,0.10227455770654201
2024-07-20,2024-08-02,13.032782592592593,22,True,0.2652578057212269,0.005808874725527657,0.0005428221679319618,2.1898977523898027,0.20463947006424443,0.20463947006424443
2024-07-20,2024-08-09,20.02354978009259,13,False,0.2968184676464171,0.006369075491577975,0.0007793335244546673,2.1457814070939447,0.26256234345332,0.26256234345332
2024-07-20,2024-08-30,41.026975694444445,19,True,0.452491471523546,0.006724868000075837,0.0014639138822993836,1.4861866848966454,0.3235229776531173,0.3235229776531173
2024-07-20,2024-09-27,69.02609829861112,11,False,0.45421125846239235,0.005952728670215901,0.001987731170960627,1.3105638751375805,0.4376226114891,0.4376226114891
2024-07-23,2024-07-26,3.021987552083333,26,False,0.21171477380722417,0.0015129650795879211,0.0005686330475215551,0.7146242335291839,0.2685844909620342,0.2685844909620342
2024-07-23,2024-08-02,10.042241770833334,28,True,0.4510955114209858,0.004858728090518752,0.001364923952744606,1.0770951976918108,0.3025798125201889,0.3025798125201889
2024-07-23,2024-08-09,17.037118680555555,13,False,0.20678821485841767,0.006285122835402682,0.0023281681080452796,3.0394008864121855,1.125870789899373,1.125870789899373
2024-07-23,2024-08-30,38.02985179398148,31,True,0.45323874423439314,0.004843417548688361,0.003193686206415844,1.0686239008251202,0.7046366284971048,0.7046366284971048
2024-07-23,2024-09-27,66.02487324652776,18,False,0.4557539304365186,0.005176778785038985,0.0036548257547688867,1.1358714515266373,0.8019296183070358,0.8019296183070358
2024-07-23,2024-12-27,157.06945369212963,19,False,0.46889611986121865,0.010111035619172426,0.00470100562792064,2.1563487499459444,1.0025686775382185,1.0025686775382185
2024-07-23,2025-03-28,248.02631597800928,6,True,0.48166695654644187,0.010048045646510406,0.004797730774169451,2.086098186712873,0.996068073377763,0.996068073377763
2024-07-27,2024-08-02,6.026728680555555,23,False,0.26538306994760824,0.00210481754069234,0.0014200224943389725,0.7931242716831454,0.5350840558967505,0.5350840558967505
2024-07-27,2024-08-09,13.021104745370373,18,True,0.3193865563144314,0.0025298028905250333,0.0010505920618261305,0.7920818332862074,0.3289406022437081,0.3289406022437081
2024-07-27,2024-08-16,20.01344515625,20,False,0.3227422400177964,0.0033304272024962805,0.002470495070336906,1.0319155008382654,0.7654700141514418,0.7654700141514418
2024-07-27,2024-08-30,34.04372244791667,20,True,0.3857497925550302,0.005024614226697005,0.0038035306304788352,1.3025578558101765,0.9860097669232659,0.9860097669232659
2024-07-27,2024-09-27,62.01719908564815,14,False,0.45376551164092377,0.004641040193921003,0.0035134463993157644,1.0227838112107508,0.7742867867172868,0.7742867867172868
2024-07-27,2024-10-25,90.01247991319445,6,True,0.4549246563554472,0.008639964710387443,0.0017573209921158406,1.8992078335795373,0.38628835952623974,0.38628835952623974
2024-07-27,2024-12-27,153.0158437789352,12,False,0.46910033004021967,0.011315146782942542,0.004391469308068385,2.412095250918371,0.9361471367312554,0.9361471367312554
2024-07-27,2025-03-28,244.0059087037037,6,False,0.29042041728597034,0.0034678040149122707,0.011585229426270827,1.1940634364895921,3.989123607264539,1.1940634364895921
2024-10-03,2024-10-18,15.011945144675925,10,True,0.13999530550763362,0.001854873441288686,0.00023621916312642835,1.3249540293960387,0.16873363165277558,0.16873363165277558
2024-10-03,2024-10-25,22.02012861689815,22,False,0.2127100151434926,0.002776265743079348,0.0005217415346901316,1.3051880708139199,0.2452830132789792,0.2452830132789792
2024-10-03,2024-11-08,36.01699317129629,8,True,0.24274154454851557,0.003615627614383596,0.001246257633943204,1.4894968313349255,0.5134092873394075,0.5134092873394075
2024-10-03,2024-11-29,57.02457651620371,17,False,0.44674446807785817,0.004145451665637304,0.0022386018889830883,0.9279245657978329,0.5010922460024613,0.5010922460024613
2024-10-03,2024-12-27,85.01754701388889,17,True,0.45821693034868727,0.003343606000399929,0.0034543492835317213,0.7296993583051504,0.7538676671992632,0.7296993583051504
2024-10-03,2025-03-28,176.0252137673611,6,False,0.31665641117265203,0.002315252770378584,0.006690238292319517,0.7311561328585349,2.112775253008147,0.7311561328585349
2024-10-20,2024-10-25,5.016102326388889,12,False,0.1612790253719069,0.0010382575692314128,0.0002764753009983356,0.6437647839433598,0.1714266938064562,0.1714266938064562
2024-10-20,2024-11-01,12.04217488425926,13,True,0.247875253374089,0.002964855171984776,0.0017664155423816504,1.1961077726102285,0.7126227884135762,0.7126227884135762
2024-10-20,2024-11-08,19.028794270833338,11,False,0.2521448532572098,0.00329960271612241,0.0018410400391829576,1.3086139469031821,0.7301517423022454,0.7301517423022454
2024-10-20,2024-11-29,40.04791641782408,14,True,0.4522895965978194,0.002554024959415313,0.0012672416788937213,0.5646879739501014,0.2801836894825962,0.2801836894825962
2024-10-20,2024-12-27,68.0591261574074,7,False,0.45344869020864187,0.0028674871218108446,0.002677412786180694,0.6323730079563025,0.5904555121658321,0.5904555121658321
2024-10-28,2024-11-08,11.007795671296297,21,True,0.44774462152225114,0.0030060463372070384,0.0023373624762689713,0.6713751975371635,0.5220302743832766,0.5220302743832766
2024-10-28,2024-11-15,18.02665996527778,13,False,0.22837253483028985,0.0037082619367231895,0.00310581305384805,1.6237775437746509,1.3599766084639155,1.3599766084639155
2024-10-28,2024-11-29,32.02816462962963,20,True,0.4507917213752053,0.0014779721487990782,0.002697368251430819,0.3278614221863504,0.5983624196119014,0.3278614221863504
2024-10-28,2024-12-27,60.01708412037038,19,False,0.45286086505782136,0.0019282292029006304,0.0007956772564481351,0.4257884378360744,0.17570015822553864,0.17570015822553864
2024-10-28,2025-01-31,95.0258765625,6,True,0.4561507487674865,0.0017765246891964116,0.002528629632684687,0.3894599962833687,0.5543407830672232,0.3894599962833687
2024-12-30,2025-01-10,11.023752378472224,20,True,0.25400158215172947,0.0027419152197425897,0.0005869747967067636,1.0794874569342996,0.23109100019547535,0.23109100019547535
2024-12-30,2025-01-17,18.032392939814816,15,False,0.18303875641778644,0.0028376090242839477,0.0007421818697030194,1.5502777006455932,0.40547798959526765,0.40547798959526765
2024-12-30,2025-01-31,32.04227109953704,21,True,0.4536565840648972,0.008111177759537652,0.0008597034967683104,1.7879554809629568,0.18950534985409287,0.18950534985409287
2024-12-30,2025-03-28,88.01702776041667,8,False,0.456532626765229,0.013938811903292797,0.002702195819977743,3.0531907439029116,0.5918954443900768,0.5918954443900768
2025-01-04,2025-01-10,6.028996296296296,17,False,0.1571474003949625,0.0021085674722163515,0.0003062461336278896,1.3417768712157097,0.19487826897434735,0.19487826897434735
2025-01-04,2025-01-17,13.04096085648148,19,True,0.31823333205522086,0.003504416519234138,0.0014938442027543214,1.1012097622212749,0.46941789318760135,0.46941789318760135
2025-01-04,2025-01-24,20.026429803240738,10,False,0.24014205717571835,0.0027495947845276036,0.0019412569027611216,1.1449867702747512,0.8083785595876077,0.8083785595876077
2025-01-04,2025-01-31,27.022659722222222,22,True,0.36133332412667946,0.0031457351037871423,0.0018956007765108807,0.8705909180644192,0.5246127743939566,0.5246127743939566
2025-01-04,2025-02-28,55.01853548611112,8,False,0.21003985357612037,0.0022425406263052866,0.004258607934619546,1.0676738667086194,2.027523758997569,1.0676738667086194
2025-01-15,2025-01-24,9.026113819444443,19,False,0.21789958260878237,0.002075600246734588,0.0008043686952190487,0.9525489777835543,0.3691465057384782,0.3691465057384782
2025-01-15,2025-01-31,16.014375300925927,38,True,0.45147045523178336,0.0030795801356387487,0.0010998452930495173,0.6821221853947681,0.243614012900326,0.243614012900326
2025-01-15,2025-02-28,44.02730994212963,15,False,0.32427711738140647,0.004908437994303891,0.002793042955916522,1.5136553679582365,0.8613136130205007,0.8613136130205007
2025-01-15,2025-03-28,72.01538428819444,12,True,0.34247462431735176,0.004918153533542247,0.0033134533270960664,1.4360636334284649,0.967503310267355,0.967503310267355
2025-01-15,2025-06-27,163.03802048611112,7,False,0.46517542151241115,0.005052603208266171,0.0032936478084148457,1.0861715762709026,0.7080442465567732,0.7080442465567732
2025-01-16,2025-01-24,8.018830717592593,17,False,0.24847276526066295,0.0016715182470205467,0.0006324501045726211,0.6727168851954551,0.2545349804873555,0.2545349804873555
2025-01-16,2025-01-31,15.028499513888889,21,True,0.4513068054043491,0.00278506244204281,0.0009911823240515705,0.6171106681069275,0.21962494519964507,0.21962494519964507
2025-01-16,2025-02-28,43.04133164351852,11,False,0.21414312916188025,0.004270573797788307,0.001180765797079264,1.99426141501836,0.5513909326442461,0.5513909326442461
2025-01-16,2025-03-28,71.05223955439814,10,True,0.45627794544988765,0.004471450346144823,0.0013734958340900216,0.979983887175611,0.30102174514171665,0.30102174514171665
2025-07-18,2025-07-25,7.008225335648148,29,False,0.26654138398846194,0.0014699463869058335,0.0010627391803747846,0.5514889901560144,0.3987145127230181,0.3987145127230181
2025-07-18,2025-08-01,14.013102210648148,25,True,0.20955172275922768,0.002156894944158806,0.0009522372174217281,1.029290008098407,0.4544163154009651,0.4544163154009651
2025-07-18,2025-08-08,21.013439409722224,17,False,0.20219019969855948,0.002258258417179658,0.0014886004279924259,1.1168980596222968,0.7362376763125733,0.7362376763125733
2025-07-18,2025-08-29,42.02422076388889,25,True,0.45131726115683096,0.004453428656532019,0.002338430796724411,0.9867623155198733,0.5181345802574601,0.5181345802574601
2025-07-18,2025-09-26,70.01677664930557,16,False,0.4528199724942012,0.0048208405160389545,0.002547144432590326,1.0646262993845066,0.5625070861075909,0.5625070861075909
2025-07-18,2025-12-26,161.01049710648147,11,True,0.45112149979707156,0.009234111185814686,0.0033790147440826354,2.0469233210938684,0.7490254278731165,0.7490254278731165
2025-07-21,2025-07-25,4.017923784722223,28,False,0.16185048778232472,0.001344382447123033,0.00098895312681661,0.8306323110568032,0.6110288207142562,0.6110288207142562
2025-07-21,2025-08-01,11.033644328703703,28,True,0.25893553906180306,0.0019248304116194007,0.0011464803266447998,0.7433627761540991,0.4427666942895608,0.4427666942895608
2025-07-21,2025-08-08,18.04992453125,22,False,0.2666534777608622,0.0021807194856564016,0.0021109662793231815,0.8178102547052079,0.7916515085606045,0.7916515085606045
2025-07-21,2025-08-29,39.021012615740744,27,True,0.4521433069143807,0.0057526372232790945,0.0038734338968893223,1.2723039654258184,0.8566827900922147,0.8566827900922147
2025-07-21,2025-09-26,67.01934116898148,17,False,0.4536295040939127,0.006311458932772865,0.004443695581225898,1.391324610902344,0.9795869847799717,0.9795869847799717
2025-07-21,2025-12-26,158.0246643229167,16,True,0.4573313397948526,0.005992505951999794,0.00531073969343001,1.310320424287538,1.1612455196733893,1.1612455196733893
2025-07-21,2026-03-27,249.0576032291667,11,False,0.4643794882496944,0.004203832166636223,0.008697270119585501,0.9052579351601001,1.8728799052616694,0.9052579351601001
2025-07-23,2025-08-01,9.039725873842592,22,False,0.32119970916477525,0.0016195915424518266,0.0006993160362649513,0.5042319454968675,0.21772000917541384,0.21772000917541384
2025-07-23,2025-08-08,16.038020127314812,12,True,0.1361141923201807,0.003099565747710843,0.0008337885588952099,2.277180428341925,0.6125654824692295,0.6125654824692295
2025-07-23,2025-08-29,37.02101424768519,18,False,0.4079632104355021,0.0028005193450475474,0.0022488544757384155,0.6864636990325631,0.5512395280294407,0.5512395280294407
2025-07-23,2025-09-26,65.05088811342593,7,True,0.445980133292487,0.004571884421378153,0.0030464317279053077,1.0251318567994991,0.6830868687837643,0.6830868687837643
2025-07-23,2025-12-26,156.01343903935185,12,False,0.4581493020289924,0.003941610696028275,0.004233844871978115,0.860333231671898,0.9241190269695513,0.860333231671898
2025-08-03,2025-08-08,5.011329392361111,16,False,0.1960966336407159,0.0015837989597621838,0.0010624055410912159,0.8076624929033646,0.5417765319917388,0.5417765319917388
2025-08-03,2025-08-15,12.022880474537036,15,True,0.1393380670517949,0.0022599936849275887,0.0008055956556855953,1.6219499328116136,0.5781590578446437,0.5781590578446437
2025-08-03,2025-08-22,19.020918738425923,8,False,0.2621760457719434,0.0024735832585998374,0.0017670427985499448,0.943481793432612,0.6739909412193308,0.6739909412193308
2025-08-03,2025-08-29,26.02145461226852,16,True,0.4253202726382795,0.002557095066935567,0.0025451082432731975,0.6012163612784782,0.5983980560074845,0.5983980560074845
2025-08-03,2025-09-26,54.03757243055556,6,False,0.4526775833051052,0.002814171767059115,0.004257344070298458,0.6216724377010646,0.9404804274191335,0.6216724377010646
2025-08-03,2025-12-26,145.01752681134258,6,False,0.3220057446801366,0.006964352584909558,0.007705206650733404,2.162803831909141,2.392878629661513,2.162803831909141
2025-08-31,2025-09-12,12.03079480324074,9,False,0.14735659016446248,0.001818932845648942,0.0006166897949721056,1.2343749564365316,0.41850167290368717,0.41850167290368717
2025-08-31,2025-09-26,26.023674010416666,12,True,0.12588320775899967,0.0033843381047202296,0.0015260019597221064,2.6884746305475966,1.2122363156201104,1.2122363156201104
2025-08-31,2025-10-31,61.00220133680556,14,False,0.4546825728074277,0.005671623234272727,0.0024830319383989385,1.2473808264199377,0.5461022891349259,0.5461022891349259
2025-08-31,2025-12-26,117.02975250578703,12,False,0.07328560008621773,0.004338130902075132,0.002224137783724253,5.919486088633355,3.0348905939333775,3.0348905939333775
2025-09-01,2025-09-12,11.014503287037037,16,False,0.1496055074903068,0.001662831589640569,0.00036447042216634917,1.11147752347841,0.2436209924891728,0.2436209924891728
2025-09-01,2025-09-19,18.01758744212963,15,True,0.15421260948755725,0.002284546268355031,0.0008863931816121967,1.4814263735932445,0.5747864487590529,0.5747864487590529
2025-09-01,2025-09-26,25.02827662037037,23,False,0.45132923961594723,0.002853387048528916,0.0013308008596748938,0.6322185221052747,0.2948625399957073,0.2948625399957073
2025-09-01,2025-10-31,60.006475011574075,25,True,0.45507438473450534,0.004533996897388037,0.0026824407268176698,0.9963199532826296,0.5894510473013397,0.5894510473013397
2025-09-01,2025-11-28,88.0081598900463,18,False,0.45872314283013854,0.006249584090487648,0.0030376825768578253,1.3623869185954323,0.662203907593704,0.662203907593704
2025-09-01,2025-12-26,116.01747303819445,18,True,0.46065144398031915,0.006266249813533076,0.002957013445849699,1.3603017846614618,0.6419199341478747,0.6419199341478747
2025-09-01,2026-03-27,207.0321444097222,10,False,0.46849843247608935,0.0077462880355060465,0.0037199119941420805,1.6534288054211135,0.7940073512053709,0.7940073512053709
2025-09-02,2025-09-12,10.03307777199074,22,True,0.23068331553010643,0.001991548541350769,0.0003756667364825106,0.8633257835635938,0.16284954792644396,0.16284954792644396
2025-09-02,2025-09-26,24.02035949652778,22,True,0.4504019304187744,0.0023117832498821614,0.0005492890094392182,0.5132711682058541,0.1219552964456659,0.1219552964456659
2025-09-02,2025-10-31,59.035523177083334,28,False,0.45393875034065356,0.0043722489623774785,0.0016557632630541386,0.9631803760080783,0.36475477403319023,0.36475477403319023
2025-09-02,2025-11-28,87.01036835069445,10,True,0.45665693980887373,0.0048667149138309496,0.0022950980969280166,1.0657266953761468,0.5025869305497891,0.5025869305497891
2025-09-02,2025-12-26,115.0104094675926,13,False,0.3446289233690673,0.004862764524357591,0.002560740808426054,1.4110146289578827,0.7430429179862322,0.7430429179862322
2025-09-03,2025-09-12,9.014315092592591,17,True,0.11241479480969045,0.001758048748055888,0.0008934788641674248,1.563894459828111,0.7948054041107447,0.7948054041107447
2025-09-03,2025-09-19,16.027850358796297,12,False,0.1354514343868611,0.002143813457492077,0.0009689497708777507,1.5827174272434494,0.7153484754619472,0.7153484754619472
2025-09-03,2025-10-31,58.025834293981475,15,False,0.45339324405727877,0.003967614411733378,0.0011715641533599497,0.8750934125591283,0.2583991201271499,0.2583991201271499
2025-09-03,2025-11-28,86.01245899305556,8,True,0.4470722447046609,0.005799725841686185,0.0017951297019869333,1.2972681508147583,0.4015301158256444,0.4015301158256444
2025-09-03,2025-12-26,114.02252598379629,19,False,0.4579392219057397,0.007106145865227273,0.002387317464264932,1.5517661570141665,0.5213175351807554,0.5213175351807554
2025-09-04,2025-09-12,8.032742650462962,17,True,0.1637562116053752,0.00165263257613937,0.0006459518647337764,1.009202985302283,0.3944594579962629,0.3944594579962629
2025-09-04,2025-09-19,15.03970940972222,14,False,0.16653412032926243,0.002311432690235756,0.0004853041778190015,1.3879634309567999,0.2914142620500134,0.2914142620500134
2025-09-04,2025-09-26,22.03948409722222,15,True,0.23697026043923436,0.0024440985689420935,0.0004279924637908619,1.0313946418474005,0.1806102010427637,0.1806102010427637
2025-09-04,2025-10-31,57.04503717013889,24,False,0.4534888068741149,0.004791304473240082,0.0010555502770689118,1.056543050371277,0.2327621456293021,0.2327621456293021
2025-09-04,2025-11-28,85.04724207175926,10,True,0.4529026400311481,0.004698187717255942,0.0015965559300117893,1.0373504815367882,0.35251636640978445,0.35251636640978445
2025-09-04,2025-12-26,113.03750865162036,16,False,0.4218628634290468,0.005490197769363318,0.001741786355742736,1.301417651399106,0.41287975471102056,0.41287975471102056
2025-09-05,2025-09-12,7.007245833333332,24,True,0.18340556426816942,0.00197344983856094,0.0010439623013172045,1.0760032534647792,0.5692097213532508,0.5692097213532508
2025-09-05,2025-09-19,14.009292175925928,17,False,0.1929218739514287,0.0026943473735753995,0.0011630855012349783,1.3966002498263865,0.602879019062299,0.602879019062299
2025-09-05,2025-09-26,21.02073490740741,23,True,0.3284061778115785,0.002805423437956499,0.0008586322948133246,0.8542541607015985,0.2614543674345739,0.2614543674345739
2025-09-05,2025-10-31,56.02668528935186,28,False,0.45342953617115617,0.0047425588581058165,0.001506699755720986,1.0459307300871643,0.3322897243183231,0.3322897243183231
2025-09-05,2025-11-28,84.02683388888889,12,True,0.45600696725942125,0.00502312736830695,0.0022041181482441163,1.1015461887557751,0.4833518578654082,0.4833518578654082
2025-09-05,2025-12-26,112.02934420717591,20,False,0.4590259476394452,0.006736235771921208,0.0025186630050553216,1.4675065334677708,0.5486973052411573,0.5486973052411573
2025-09-05,2026-03-27,203.03307251736106,10,True,0.46769149689184947,0.01376728326907399,0.0039927582716396265,2.943667644284237,0.8537162420472496,0.8537162420472496
2025-09-05,2026-06-26,294.03242050347217,8,False,0.4769842448133504,0.015887295408269914,0.0058878423761659915,3.3307799117110886,1.234389278092398,1.234389278092398
2025-09-08,2025-09-26,18.02339260416667,19,True,0.3100936532081025,0.002696087919069015,0.00041195826118594486,0.869443115386719,0.13284962685433663,0.13284962685433663
2025-09-08,2025-10-31,53.02658320023148,14,False,0.32109675332614346,0.005935923170265506,0.001444352632525854,1.8486400465831827,0.4498185103288168,0.4498185103288168
2025-09-08,2025-11-28,81.01278088541667,8,True,0.4561971150519331,0.004929282918649469,0.0019117989477950292,1.0805160216956486,0.4190730025939317,0.4190730025939317
2025-09-08,2025-12-26,109.01634467013888,14,False,0.4589523284001946,0.007294430144370839,0.002244786571631463,1.5893655382025393,0.4891110541820951,0.4891110541820951
2025-09-08,2026-03-27,200.0522694097222,7,True,0.4599344292762316,0.014130827144527347,0.001783607833904563,3.072356893734634,0.3877961118743184,0.3877961118743184
2025-10-12,2025-10-17,5.030759305555556,26,True,0.17596551102732078,0.0014146146339346528,0.0006719934841834564,0.8039158501435072,0.3818893147073129,0.3818893147073129
2025-10-12,2025-10-24,12.025535208333332,15,False,0.18069033702929033,0.0028102956823124053,0.0005672905352103602,1.5553104435556229,0.3139573175506342,0.3139573175506342
2025-10-12,2025-10-31,19.01279303240741,37,True,0.3992179305745719,0.0032887599780274668,0.0008416204857390752,0.8238006677941895,0.21081730585792532,0.21081730585792532
2025-10-12,2025-11-28,47.01814262152778,30,False,0.45337064501778007,0.0040980599746168744,0.0006262295658864825,0.9039094214968767,0.13812750621777095,0.13812750621777095
2025-10-12,2025-12-26,75.0366523900463,26,True,0.4554949015969927,0.004846001227391594,0.0004607450189900164,1.0638980173875099,0.10115261825645391,0.10115261825645391
2025-10-12,2026-03-27,166.04023497685185,7,False,0.43389775296990013,0.005759115075509191,0.002152896316923336,1.327297741481668,0.4961759544011016,0.4961759544011016
2025-10-12,2026-06-26,257.0402689525463,6,True,0.47005567656259034,0.007343923333225921,0.0036388208462752036,1.5623518020099987,0.7741254978314629,0.7741254978314629
2025-10-15,2025-10-24,9.02927917824074,16,True,0.18389004734250566,0.0027680281055845884,0.0009750002770167673,1.5052625988120927,0.5302082908276019,0.5302082908276019
2025-10-15,2025-10-31,16.012936145833333,23,False,0.18556509318190986,0.0036861148159934576,0.0008396611445428415,1.9864268396534854,0.4524887359713283,0.4524887359713283
2025-10-15,2025-11-28,44.025150787037035,29,True,0.4545058898609892,0.005074075080169216,0.0020327373079585542,1.1163936911183094,0.4472411366506752,0.4472411366506752
2025-10-15,2025-12-26,72.04071675925925,29,False,0.4575485210005392,0.006228801883964463,0.0023238223247587786,1.3613423709344965,0.5078854412373983,0.5078854412373983
2025-10-15,2026-03-27,163.01078622106482,6,False,0.26290351570534487,0.0054560013414945985,0.0021441375767989566,2.075286565437009,0.8155606329745883,0.8155606329745883
2025-10-19,2025-10-24,5.05478771412037,10,True,0.18549643496769427,0.002198020337339582,0.0009437037647787201,1.1849393966640842,0.5087449604856685,0.5087449604856685
2025-10-19,2025-10-31,12.054084907407406,13,False,0.19311648680420163,0.003324687247210009,0.001522562968133613,1.7215967948820794,0.7884168738411861,0.7884168738411861
2025-10-19,2025-11-28,40.038114907407405,13,False,0.3487568428050993,0.004768402337489541,0.0010009077183921744,1.3672569974933324,0.28699299785539284,0.28699299785539284
2025-10-19,2025-12-26,68.04771765046297,15,True,0.45690540739648866,0.005308953924538104,0.0012704563719774242,1.1619372059501925,0.2780567599794153,0.2780567599794153
2026-02-04,2026-02-13,9.016220052083334,22,True,0.2768257595977311,0.004170066868917521,0.0006346040088206768,1.5063868604486979,0.2292431202005372,0.2292431202005372
2026-02-04,2026-02-20,16.02920841435185,16,False,0.2804473525652646,0.004926678710301086,0.0005350133586801559,1.7567214185609288,0.1907714063928094,0.1907714063928094
2026-02-04,2026-02-27,23.03078560763889,16,True,0.4524054796892004,0.005346635756982271,0.0007678866459759764,1.1818238277430624,0.16973416115638332,0.16973416115638332
2026-02-04,2026-03-27,51.016985115740745,16,False,0.4070095895341511,0.006401782769206277,0.0015401406143147889,1.5728825398275093,0.37840401158055753,0.37840401158055753
2026-02-04,2026-04-24,79.02589510416666,10,True,0.4168097529059943,0.006944685012929608,0.002181976423851789,1.6661522348052844,0.5234945700380249,0.5234945700380249
2026-02-04,2026-06-26,142.02589947337964,16,False,0.4670591840421025,0.007398165287696434,0.003144215581136367,1.5839888263560054,0.6731942521556188,0.6731942521556188
2026-02-04,2026-09-25,233.05708508101853,7,True,0.4747155633076513,0.006023157810154459,0.004011129959257176,1.2687929943116274,0.8449543830644674,0.8449543830644674
2026-02-07,2026-02-10,3.0271021006944445,14,False,0.16775792660965527,0.0038286646771458765,0.0005545751363032203,2.282255601581522,0.33058058567546805,0.33058058567546805
2026-02-07,2026-02-13,6.017134502314816,26,True,0.3643605402726027,0.007761926238378389,0.000875150521890633,2.130287278795659,0.24018806241638405,0.24018806241638405
2026-02-07,2026-02-20,13.02870357638889,31,False,0.37487811192881093,0.011432717155044847,0.001351539347945463,3.049715838628613,0.3605276768471666,0.3605276768471666
2026-02-07,2026-02-27,20.028628321759257,26,True,0.4585259446199836,0.013250283122419437,0.0016553760394917572,2.8897564637047934,0.3610212374926128,0.3610212374926128
2026-02-07,2026-03-27,48.02942586226851,26,False,0.46566042995191753,0.015426013897071045,0.003789356238762226,3.31271735901285,0.8137595541784604,0.8137595541784604
2026-02-07,2026-04-24,76.02524596064815,17,True,0.47272493102662727,0.016585037517003076,0.005149955915529941,3.508390700059965,1.0894191479060915,1.0894191479060915
2026-02-07,2026-06-26,139.0137193287037,15,False,0.4848249898702428,0.017475666683911373,0.00699887922776693,3.6045309233314295,1.4435887947195316,1.4435887947195316
2026-02-07,2026-12-25,321.0475952777778,13,False,0.5029920429115886,0.017972544037871185,0.009124815626931626,3.5731269094907403,1.8141073513036674,1.8141073513036674
2026-02-11,2026-02-20,9.02203347222222,26,True,0.3364720297741397,0.006465598917831064,0.0008670955590077706,1.9215858513324757,0.2577021215076383,0.2577021215076383
2026-02-11,2026-02-27,16.023428854166667,25,False,0.4533813945961258,0.007803509723924296,0.0009048961135162976,1.721179963918832,0.19958827695661907,0.19958827695661907
2026-02-11,2026-03-27,44.013030781249995,26,True,0.4608308931880729,0.0127846406072602,0.0007975324425223418,2.774258582972772,0.17306401422112455,0.17306401422112455
2026-02-11,2026-04-24,72.04190745949074,20,False,0.46680391993216525,0.015832577129244185,0.001148096786606878,3.3916975529136377,0.24594840308404364,0.24594840308404364
2026-02-11,2026-06-26,135.01705045138888,15,True,0.47751670165664767,0.016931862429749867,0.0020160553381882995,3.545815752832978,0.4221957747643178,0.4221957747643178
2026-02-11,2026-09-25,226.0271799074074,11,False,0.4875626553578933,0.01579771981387096,0.0026285499226139375,3.240141475206855,0.5391204379023783,0.5391204379023783
2026-02-11,2026-12-25,317.02498177083334,7,False,0.4948848793637428,0.021801423828460065,0.002721989979909689,4.405352585532506,0.5500248832434044,0.5500248832434044
2026-06-06,2026-06-12,6.047329201388889,10,True,0.17615303893117498,0.003899606287536009,0.0005440456345137713,2.213760438762359,0.30884828204771203,0.30884828204771203
2026-06-06,2026-06-19,13.024007870370372,11,False,0.16185714265760442,0.0051763609556537415,0.0005942294864591481,3.1981047426519265,0.36713207505225276,0.36713207505225276
2026-06-06,2026-06-26,20.03159920138889,19,True,0.45297717645201996,0.006392925947009381,0.0008845768620519001,1.4113130372445002,0.19528066932211005,0.19528066932211005
2026-06-06,2026-07-31,55.037277708333335,26,False,0.34651608298087294,0.009681828472735077,0.001370192031835915,2.7940488041559375,0.39541946222206004,0.39541946222206004
2026-06-06,2026-08-28,83.05635131944445,19,True,0.4625526622805218,0.011684969349675611,0.0013172122377365092,2.526192216052816,0.28477022080951003,0.28477022080951003
2026-06-06,2026-09-25,111.05292653935186,19,False,0.46614855798596383,0.013550663763218673,0.0011303230309921974,2.9069410450963353,0.24248128877108582,0.24248128877108582
2026-06-06,2026-12-25,202.03066422453705,17,True,0.47595087709796174,0.014995721536822382,0.0007739791098890364,3.1506868163068673,0.1626174353555679,0.1626174353555679
2026-06-06,2027-03-26,293.0259299305556,13,False,0.48414483252420587,0.015305122610905886,0.0019628443486144898,3.1612694348319152,0.4054250333274709,0.4054250333274709
2026-06-09,2026-06-19,10.043581481481482,17,True,0.19824440642442923,0.0035762539486599715,0.0011642502566455819,1.8039620956585425,0.5872802555412296,0.5872802555412296
2026-06-09,2026-06-26,17.01369342592593,16,False,0.22068974232155528,0.004459796393562143,0.0011032789810048044,2.0208444428123946,0.4999230908508993,0.4999230908508993
2026-06-09,2026-07-31,52.03627777777778,10,True,0.3794280962924608,0.007772250239889755,0.0024813814736085182,2.0484118903780266,0.6539793699662886,0.6539793699662886
2026-06-09,2026-08-28,80.0433462962963,10,False,0.188354719205309,0.007351706616944759,0.0033147586908616883,3.90311782362687,1.7598490257356174,1.7598490257356174
2026-06-09,2026-12-25,199.01851192129627,13,False,0.4754514154624456,0.01466694466038998,0.0035457953944698084,3.0848461448209683,0.7457744953858234,0.7457744953858234
2026-06-13,2026-07-31,48.010830839120366,16,False,0.3962696696350021,0.006015564279979818,0.0012189752961754285,1.5180481225122937,0.30761256527611813,0.30761256527611813
2026-06-13,2026-09-25,104.02058722800925,6,False,0.44272264235783954,0.010165815453253624,0.0015977401053968443,2.296204097245358,0.36088962987925033,0.36088962987925033
2026-06-13,2026-12-25,195.06059645833332,8,False,0.47400418240788345,0.014370335534375278,0.004522903209532192,3.0316896069093158,0.9541905699136229,0.9541905699136229
2026-06-29,2026-07-10,11.016858668981484,11,False,0.1580140324584809,0.0046127494787407824,0.0009099233670807061,2.919202432197159,0.5758497222832369,0.5758497222832369
2026-06-29,2026-07-17,18.01711363425926,8,True,0.254674783646539,0.005935955285715375,0.0011159908346200231,2.330798204958461,0.43820232951248816,0.43820232951248816
2026-06-29,2026-07-31,32.04076949074074,13,False,0.3412863757145877,0.008122889954980977,0.0009637030632129173,2.3800803468855785,0.2823737282788126,0.2823737282788126
2026-06-29,2026-08-28,60.038938530092594,6,True,0.18788712212446038,0.012713354161506735,0.0015634912384249536,6.766485120297464,0.8321439068023322,0.8321439068023322
2026-06-29,2026-09-25,88.03422215277777,10,False,0.4639754958730228,0.017074538547812934,0.002591338955968414,3.6800517914605044,0.5585077184070927,0.5585077184070927
2026-06-29,2026-12-25,179.01799153935184,9,False,0.47894846051291917,0.020328650165078288,0.005600023614202365,4.244433762937201,1.1692330335930394,1.1692330335930394
2026-07-02,2026-07-17,15.03325487847222,8,False,0.16475428799622904,0.0031388174042657757,0.0025818527132016773,1.9051506594703127,1.5670928778865965,1.5670928778865965
2026-07-02,2026-07-31,29.037993807870368,17,True,0.34243254811076823,0.005025666682651114,0.0030702310005983544,1.4676369727054797,0.8965943855328883,0.8965943855328883
2026-07-02,2026-08-28,57.03226611111111,6,False,0.1889575030765862,0.007362773374200937,0.002605986115205239,3.896523426866377,1.3791387337231107,1.3791387337231107
2026-07-02,2026-09-25,85.02286395833335,9,True,0.4622377665246978,0.010391194325621855,0.0032394228121177537,2.248019326449096,0.7008130980887016,0.7008130980887016
2026-07-02,2026-12-25,176.02320133680556,10,False,0.47156807402473305,0.014877690377128883,0.0040732911798059546,3.1549401235225627,0.8637758584972223,0.8637758584972223
2026-07-06,2026-07-17,11.031100457175924,12,False,0.256806630446468,0.003231010264347356,0.00040505109749548003,1.2581490823387709,0.15772610574395352,0.15772610574395352
2026-07-06,2026-07-24,18.035247135416668,6,True,0.17220505518645848,0.003866400971457129,0.0008789997609295608,2.2452308193105632,0.5104378381794925,0.5104378381794925
2026-07-06,2026-07-31,25.013443807870367,13,False,0.26473521126169375,0.004547989034917349,0.001371894609365043,1.7179388466091163,0.5182138797581066,0.5182138797581066
2026-07-06,2026-08-28,53.01076980902778,8,True,0.3711504109308537,0.006931769076443661,0.002427193764971858,1.8676441874491332,0.6539649946458096,0.6539649946458096
2026-07-06,2026-09-25,81.03985587384258,12,False,0.45958106150953976,0.009738366991712266,0.00267677599591859,2.1189661209549477,0.5824382726142919,0.5824382726142919
2026-07-06,2026-12-25,172.05121837962963,6,True,0.322013263449614,0.01623023009173124,0.00308100821759838,5.040236516304494,0.9567954389805657,0.9567954389805657
