scenario,model,regime,date,quotes,RMSE_USD,RMSE_forward
fixed_28pct,BS_fixed,calm,2025-07-18,27,371.51189675663716,0.0030980005685125613
fixed_28pct,BS_fixed,calm,2025-09-05,23,384.87587571464746,0.003405423761921487
fixed_28pct,BS_fixed,calm,2025-09-08,12,539.2516605611042,0.004835415963650381
fixed_28pct,BS_fixed,shock,2023-08-18,12,303.9781614747494,0.011405661653004119
fixed_28pct,BS_fixed,shock,2023-10-23,13,1054.5976834357436,0.03398045524732483
fixed_28pct,BS_fixed,shock,2023-10-26,12,721.5087077843101,0.020601852143779603
fixed_28pct,BS_fixed,shock,2024-02-29,23,1088.3094785820267,0.01723545516961717
fixed_28pct,BS_fixed,shock,2025-10-12,30,989.0248057052976,0.008839132586343876
fixed_28pct,BS_fixed,shock,2025-10-15,34,1269.5380443872834,0.011211302508803932
fixed_28pct,BS_fixed,shock,2026-02-11,15,1046.446371304753,0.01565930464489108
fixed_28pct,DH_PINN,calm,2025-07-18,27,369.1025300484649,0.0030773473107791227
fixed_28pct,DH_PINN,calm,2025-09-05,23,364.10984258952374,0.0032215455183845798
fixed_28pct,DH_PINN,calm,2025-09-08,12,476.21718228451675,0.004271427215103983
fixed_28pct,DH_PINN,shock,2023-08-18,12,264.6808424213204,0.009930464574632482
fixed_28pct,DH_PINN,shock,2023-10-23,13,1011.712740156217,0.03259940278503792
fixed_28pct,DH_PINN,shock,2023-10-26,12,712.3923441309272,0.020342189586951984
fixed_28pct,DH_PINN,shock,2024-02-29,23,1084.6401794046315,0.017177608192278367
fixed_28pct,DH_PINN,shock,2025-10-12,30,952.5860304956642,0.0085136220426815
fixed_28pct,DH_PINN,shock,2025-10-15,34,1192.5720643274835,0.010531514543176943
fixed_28pct,DH_PINN,shock,2026-02-11,15,1017.3683539616369,0.01522326605722402
fixed_28pct,DH_numerical,calm,2025-07-18,27,369.54410450339435,0.003081025252628887
fixed_28pct,DH_numerical,calm,2025-09-05,23,364.31804216345637,0.0032233839483730444
fixed_28pct,DH_numerical,calm,2025-09-08,12,476.04175910061105,0.004269846449745305
fixed_28pct,DH_numerical,shock,2023-08-18,12,264.378311705851,0.009919109397393206
fixed_28pct,DH_numerical,shock,2023-10-23,13,1011.4785758787626,0.03259187509681766
fixed_28pct,DH_numerical,shock,2023-10-26,12,712.1280904940735,0.020334645417001227
fixed_28pct,DH_numerical,shock,2024-02-29,23,1084.7502723286339,0.01717935730422287
fixed_28pct,DH_numerical,shock,2025-10-12,30,952.3038548141963,0.008511097618429362
fixed_28pct,DH_numerical,shock,2025-10-15,34,1191.7941866520555,0.010524661595439216
fixed_28pct,DH_numerical,shock,2026-02-11,15,1017.4074169138808,0.015223855938521437
fixed_28pct,SH_numerical,calm,2025-07-18,27,339.99694767125123,0.0028343966800940196
fixed_28pct,SH_numerical,calm,2025-09-05,23,335.169567260513,0.002965530336808274
fixed_28pct,SH_numerical,calm,2025-09-08,12,369.46752195966144,0.003314203842886443
fixed_28pct,SH_numerical,shock,2023-08-18,12,185.19735500705357,0.006947683162927934
fixed_28pct,SH_numerical,shock,2023-10-23,13,874.140902803037,0.028167700765139938
fixed_28pct,SH_numerical,shock,2023-10-26,12,663.5292833898723,0.018947010829335368
fixed_28pct,SH_numerical,shock,2024-02-29,23,1069.3309806889365,0.016935124039543323
fixed_28pct,SH_numerical,shock,2025-10-12,30,850.3634855937585,0.0075998803280317865
fixed_28pct,SH_numerical,shock,2025-10-15,34,958.421463497789,0.008466039778833931
fixed_28pct,SH_numerical,shock,2026-02-11,15,964.5869641892104,0.01443322707802076
fixed_45pct,BS_fixed,calm,2025-07-18,27,325.49431814741115,0.0027158453668949655
fixed_45pct,BS_fixed,calm,2025-09-05,23,256.411919514919,0.002268007856456126
fixed_45pct,BS_fixed,calm,2025-09-08,12,530.6495844905605,0.0047605381705278635
fixed_45pct,BS_fixed,shock,2023-08-18,12,124.57301869895366,0.00467498692583944
fixed_45pct,BS_fixed,shock,2023-10-23,13,466.2925378553795,0.01502756628853154
fixed_45pct,BS_fixed,shock,2023-10-26,12,388.0608584979642,0.011080877002553356
fixed_45pct,BS_fixed,shock,2024-02-29,23,796.2924125112326,0.012609432587168979
fixed_45pct,BS_fixed,shock,2025-10-12,30,160.55253417016684,0.0014345919498643385
fixed_45pct,BS_fixed,shock,2025-10-15,34,245.0869065486924,0.0021663023391604013
fixed_45pct,BS_fixed,shock,2026-02-11,15,517.8854296236001,0.007750363852757559
fixed_45pct,DH_PINN,calm,2025-07-18,27,313.5800727090942,0.0026166980005224182
fixed_45pct,DH_PINN,calm,2025-09-05,23,242.90472895211266,0.0021485678531787435
fixed_45pct,DH_PINN,calm,2025-09-08,12,477.2593394305053,0.004280876671535671
fixed_45pct,DH_PINN,shock,2023-08-18,12,99.11590784426421,0.0037197155689766125
fixed_45pct,DH_PINN,shock,2023-10-23,13,547.3017572702588,0.017636918614396282
fixed_45pct,DH_PINN,shock,2023-10-26,12,416.565316910093,0.011894858612907793
fixed_45pct,DH_PINN,shock,2024-02-29,23,802.1353460206002,0.012702346627128823
fixed_45pct,DH_PINN,shock,2025-10-12,30,186.58834566908928,0.0016671971874316007
fixed_45pct,DH_PINN,shock,2025-10-15,34,152.21455683093674,0.0013462804863181032
fixed_45pct,DH_PINN,shock,2026-02-11,15,524.8659872713023,0.007854251308863735
fixed_45pct,DH_numerical,calm,2025-07-18,27,313.1676708693292,0.0026132456676146595
fixed_45pct,DH_numerical,calm,2025-09-05,23,242.68014761340012,0.0021465791231659857
fixed_45pct,DH_numerical,calm,2025-09-08,12,477.440667705298,0.00428250658033239
fixed_45pct,DH_numerical,shock,2023-08-18,12,99.09132543978143,0.003718792849425281
fixed_45pct,DH_numerical,shock,2023-10-23,13,547.8135451784725,0.017653411485187218
fixed_45pct,DH_numerical,shock,2023-10-26,12,416.62823706892937,0.011896657794795935
fixed_45pct,DH_numerical,shock,2024-02-29,23,802.2354588337587,0.012703915448215251
fixed_45pct,DH_numerical,shock,2025-10-12,30,186.46870557878958,0.0016661280284187077
fixed_45pct,DH_numerical,shock,2025-10-15,34,152.33850314902583,0.0013473869889998138
fixed_45pct,DH_numerical,shock,2026-02-11,15,524.8076952367348,0.007853385270573601
fixed_45pct,SH_numerical,calm,2025-07-18,27,314.0960660697029,0.002621158090431453
fixed_45pct,SH_numerical,calm,2025-09-05,23,241.3048817977648,0.002134463408388325
fixed_45pct,SH_numerical,calm,2025-09-08,12,470.02404652950037,0.004215158451587072
fixed_45pct,SH_numerical,shock,2023-08-18,12,105.27635657138347,0.003950733278288965
fixed_45pct,SH_numerical,shock,2023-10-23,13,602.2580845239981,0.01940730366215012
fixed_45pct,SH_numerical,shock,2023-10-26,12,433.2572095853091,0.012371564777588662
fixed_45pct,SH_numerical,shock,2024-02-29,23,803.4252991964531,0.01272307311496059
fixed_45pct,SH_numerical,shock,2025-10-12,30,224.57572632126804,0.0020066609041921274
fixed_45pct,SH_numerical,shock,2025-10-15,34,197.51775749689725,0.0017438249661098277
fixed_45pct,SH_numerical,shock,2026-02-11,15,518.6009905751874,0.007759737378707404
fixed_60pct,BS_fixed,calm,2025-07-18,27,1005.0492696770195,0.008382804842074376
fixed_60pct,BS_fixed,calm,2025-09-05,23,875.1572207925657,0.007741544955722931
fixed_60pct,BS_fixed,calm,2025-09-08,12,1633.2103977539205,0.01465063146097384
fixed_60pct,BS_fixed,shock,2023-08-18,12,515.6416444465768,0.01934874201156068
fixed_60pct,BS_fixed,shock,2023-10-23,13,223.72769049126518,0.007207306159479486
fixed_60pct,BS_fixed,shock,2023-10-26,12,91.85923846986162,0.002621884123189794
fixed_60pct,BS_fixed,shock,2024-02-29,23,483.34057972788486,0.007653027023883111
fixed_60pct,BS_fixed,shock,2025-10-12,30,954.1299021343814,0.008527736627793717
fixed_60pct,BS_fixed,shock,2025-10-15,34,1694.4428138512826,0.014965203599553754
fixed_60pct,BS_fixed,shock,2026-02-11,15,299.7402504661058,0.004476553314113767
fixed_60pct,DH_PINN,calm,2025-07-18,27,953.2147179242488,0.007950920765889264
fixed_60pct,DH_PINN,calm,2025-09-05,23,830.771311189796,0.007348973088370506
fixed_60pct,DH_PINN,calm,2025-09-08,12,1436.1283068673379,0.012881984290492695
fixed_60pct,DH_PINN,shock,2023-08-18,12,387.7330028748824,0.014549622758069878
fixed_60pct,DH_PINN,shock,2023-10-23,13,186.0708649407668,0.005995577921550325
fixed_60pct,DH_PINN,shock,2023-10-26,12,151.04023158865886,0.004312329380741223
fixed_60pct,DH_PINN,shock,2024-02-29,23,508.8612866229908,0.00805758007682872
fixed_60pct,DH_PINN,shock,2025-10-12,30,775.7466791770552,0.006933446707254312
fixed_60pct,DH_PINN,shock,2025-10-15,34,1228.5501308819228,0.010857254424284743
fixed_60pct,DH_PINN,shock,2026-02-11,15,234.830680155416,0.0035079457753129334
fixed_60pct,DH_numerical,calm,2025-07-18,27,952.3882302840125,0.007944003969768148
fixed_60pct,DH_numerical,calm,2025-09-05,23,829.9005406674738,0.007341264282353441
fixed_60pct,DH_numerical,calm,2025-09-08,12,1434.389434729164,0.012866387080685895
fixed_60pct,DH_numerical,shock,2023-08-18,12,387.4250105260692,0.014538064470075756
fixed_60pct,DH_numerical,shock,2023-10-23,13,186.234695336439,0.006000879909545508
fixed_60pct,DH_numerical,shock,2023-10-26,12,151.3054828341325,0.0043199075206386325
fixed_60pct,DH_numerical,shock,2024-02-29,23,509.20669156632226,0.008063035198191126
fixed_60pct,DH_numerical,shock,2025-10-12,30,774.0584849313327,0.0069183555837768595
fixed_60pct,DH_numerical,shock,2025-10-15,34,1227.2660487031258,0.010845886710448373
fixed_60pct,DH_numerical,shock,2026-02-11,15,234.58213147436814,0.0035042332507495217
fixed_60pct,SH_numerical,calm,2025-07-18,27,935.9128393705453,0.007806929956475722
fixed_60pct,SH_numerical,calm,2025-09-05,23,818.1386355093772,0.007237310583302284
fixed_60pct,SH_numerical,calm,2025-09-08,12,1368.412460772675,0.012273687271764895
fixed_60pct,SH_numerical,shock,2023-08-18,12,349.1450162221143,0.013101942802230792
fixed_60pct,SH_numerical,shock,2023-10-23,13,323.39069422566536,0.010421169917441433
fixed_60pct,SH_numerical,shock,2023-10-26,12,202.44672248577737,0.00578021450706147
fixed_60pct,SH_numerical,shock,2024-02-29,23,517.5004094001782,0.008194726912497346
fixed_60pct,SH_numerical,shock,2025-10-12,30,720.4925993111399,0.006439507190951031
fixed_60pct,SH_numerical,shock,2025-10-15,34,1044.5920126097565,0.009236158324631847
fixed_60pct,SH_numerical,shock,2026-02-11,15,196.3459002492854,0.0029334561849094104
