trade_id,instrument,expiry,strike,cp,timestamp,hour,tau,index,price_btc,forward,reason,x,date,price_usd,market_call_fwd,regime
262999512,BTC-29SEP23-20000-P,2023-09-29,20000.0,P,1692344560920,7,0.11510144216133943,26449.57,0.0043,26651.33758029029,,0.2871070664283846,2023-08-18,113.73315099999999,0.2538360677361771,shock
262998576,BTC-29SEP23-21000-P,2023-09-29,21000.0,P,1692344352055,7,0.1151080652270421,26452.99,0.006,26654.78366937698,,0.23844619656927588,2023-08-18,158.71794000000003,0.21810349997535217,shock
263001529,BTC-29SEP23-22000-P,2023-09-29,22000.0,P,1692344963866,7,0.11508866482749873,26448.91,0.008,26650.67254555426,,0.19177193316603847,2023-08-18,211.59128,0.18244431982882023,shock
262998577,BTC-29SEP23-23000-P,2023-09-29,23000.0,P,1692344352055,7,0.1151080652270421,26452.99,0.0122,26654.78366937698,,0.14747441836354905,2023-08-18,322.72647800000004,0.1492231262017948,shock
263003299,BTC-29SEP23-24000-P,2023-09-29,24000.0,P,1692345220564,7,0.1150805249873161,26446.66,0.018,26648.405381681438,,0.10467548288950165,2023-08-18,476.03988,0.11724698783775014,shock
262998647,BTC-29SEP23-25000-P,2023-09-29,25000.0,P,1692344386033,7,0.11510698779173009,26457.85,0.0278,26659.68074334227,,0.06427651469221499,2023-08-18,735.5282299999999,0.08984387309065676,shock
263004882,BTC-29SEP23-26000-P,2023-09-29,26000.0,P,1692345427501,7,0.11507396305809234,26433.96,0.042,26635.60850115485,,0.024152448009356446,2023-08-18,1110.22632,0.06554514499186886,shock
263005348,BTC-29SEP23-27000-C,2023-09-29,27000.0,C,1692345484041,7,0.11507217018645358,26426.58,0.0465,26628.172203651997,,-0.013867105272662581,2023-08-18,1228.83597,0.04614796541804953,shock
262998974,BTC-29SEP23-28000-C,2023-09-29,28000.0,C,1692344462779,7,0.1151045541920345,26465.75,0.034,26667.641007606842,,-0.04875362705166406,2023-08-18,899.8355,0.033742598370186755,shock
263002759,BTC-29SEP23-29000-C,2023-09-29,29000.0,C,1692345113202,7,0.11508392941400304,26451.4,0.024,26653.181540240184,,-0.08438730412713888,2023-08-18,634.8336,0.02381830473189653,shock
262998855,BTC-29SEP23-30000-C,2023-09-29,30000.0,C,1692344428399,7,0.11510564437468289,26466.39,0.018,26668.28588977511,,-0.117722316633254,2023-08-18,476.39501999999993,0.017863728548922396,shock
262996338,BTC-29SEP23-35000-C,2023-09-29,35000.0,C,1692343605586,7,0.11513173560375443,26467.15,0.005,26669.051687349933,,-0.2718442812073834,2023-08-18,132.33575000000002,0.004962146819145111,shock
267678700,BTC-29DEC23-24000-P,2023-12-29,24000.0,P,1698047961034,7,0.18356287943937089,30522.92,0.0155,30861.220798051287,,0.25144657504154105,2023-10-23,473.10526,0.23765508519722617,shock
267671344,BTC-29DEC23-25000-P,2023-12-29,25000.0,P,1698047679493,7,0.18357180704591577,30515.98,0.02,30854.20387855805,,0.21039718454822928,2023-10-23,610.3196,0.2095184015767308,shock
267666454,BTC-29DEC23-27000-P,2023-12-29,27000.0,P,1698046217120,7,0.18361817858954846,30714.35,0.0335,31054.772512545544,,0.13991563467163953,2023-10-23,1028.930725,0.16370119071043981,shock
267667410,BTC-29DEC23-30000-P,2023-12-29,30000.0,P,1698046940611,7,0.18359523684043633,30746.78,0.071,31087.561950465664,,0.03561042024272565,2023-10-23,2183.0213799999997,0.10520552675301297,shock
267663873,BTC-29DEC23-32000-C,2023-12-29,32000.0,C,1698044720898,7,0.18366562347792997,30703.86,0.08,31044.166246625653,,-0.03032499462871697,2023-10-23,2456.3088000000002,0.07912303975201745,shock
267667864,BTC-29DEC23-33000-C,2023-12-29,33000.0,C,1698047182114,7,0.18358757883054286,30740.36,0.0685,31081.07079439267,,-0.05990858371648203,2023-10-23,2105.71466,0.06774910278766495,shock
267668207,BTC-29DEC23-34000-C,2023-12-29,34000.0,C,1698047370439,7,0.18358160708396754,30703.55,0.059,31043.852810740507,,-0.09095971294653507,2023-10-23,1811.5094499999998,0.05835324181711287,shock
267663653,BTC-29DEC23-35000-C,2023-12-29,35000.0,C,1698044625243,7,0.1836686566780822,30680.14,0.0525,31020.183345994592,,-0.12070999318483927,2023-10-23,1610.70735,0.051924494837261456,shock
267668872,BTC-29DEC23-36000-C,2023-12-29,36000.0,C,1698047548074,7,0.1835759743150685,30630.8,0.044,30970.29648608159,,-0.15049037118516015,2023-10-23,1347.7551999999998,0.043517671863609594,shock
267665113,BTC-29DEC23-37000-C,2023-12-29,37000.0,C,1698045082812,7,0.183654147260274,30648.06,0.039,30987.74778729964,,-0.17732601895184827,2023-10-23,1195.27434,0.0385724818791085,shock
267667767,BTC-29DEC23-38000-C,2023-12-29,38000.0,C,1698047137476,7,0.18358899429223746,30738.97,0.034,31079.665388327023,,-0.20103240042623854,2023-10-23,1045.12498,0.03362729189460742,shock
267668417,BTC-29DEC23-39000-C,2023-12-29,39000.0,C,1698047441150,7,0.18357936485286655,30679.47,0.0295,31019.505920049283,,-0.228945416295037,2023-10-23,905.044365,0.029176620908556432,shock
267667771,BTC-29DEC23-40000-C,2023-12-29,40000.0,C,1698047139557,7,0.18358892830416032,30739.08,0.0265,31079.776607512074,,-0.2523221163008076,2023-10-23,814.5856200000001,0.026209506917855785,shock
268697566,BTC-24NOV23-29000-P,2023-11-24,29000.0,P,1698306326714,7,0.07947974651192288,34693.83,0.0105,35006.13817785115,,0.18822759263631017,2023-10-26,364.28521500000005,0.1819801818894094,shock
268699633,BTC-24NOV23-30000-P,2023-11-24,30000.0,P,1698307169226,7,0.07945303063165907,34658.38,0.0144,34970.36906275475,,0.1533037230536002,2023-10-26,499.08067199999994,0.15640240241502038,shock
268693783,BTC-24NOV23-31000-P,2023-11-24,31000.0,P,1698304978191,7,0.0795225078957382,34728.17,0.0195,35040.787300909265,,0.12252552996388377,2023-10-26,677.199315,0.13464271151769577,shock
268695339,BTC-24NOV23-32000-P,2023-11-24,32000.0,P,1698305518029,7,0.07950538974505326,34740.91,0.0265,35053.64198430357,,0.09114361353680861,2023-10-26,920.6341150000001,0.1133769809448954,shock
268697337,BTC-24NOV23-36000-C,2023-11-24,36000.0,C,1698306244382,7,0.07948235724251648,34735.04,0.0535,35047.71914352456,,-0.026808401457431037,2023-10-26,1858.32464,0.05302269834992515,shock
268698366,BTC-24NOV23-37000-C,2023-11-24,37000.0,C,1698306659649,7,0.07946918921232876,34688.66,0.044,35000.92163835754,,-0.055543518977004484,2023-10-26,1526.30104,0.04360745284853658,shock
268698925,BTC-24NOV23-38000-C,2023-11-24,38000.0,C,1698306875757,7,0.07946233647260273,34675.5,0.0365,34987.643174191995,,-0.08259121274050377,2023-10-26,1265.65575,0.03617436429480875,shock
268696493,BTC-24NOV23-40000-C,2023-11-24,40000.0,C,1698305948050,7,0.07949175386859463,34720.99,0.025,35033.542667724716,,-0.13257348962513577,2023-10-26,868.02475,0.02477696184575942,shock
268696643,BTC-24NOV23-42000-C,2023-11-24,42000.0,C,1698306036281,7,0.07948895608193811,34742.64,0.017,35055.387557480346,,-0.18074030598792323,2023-10-26,590.6248800000001,0.016848334055116407,shock
268698107,BTC-24NOV23-44000-C,2023-11-24,44000.0,C,1698306509179,7,0.07947396058472857,34671.89,0.0115,34984.000677562995,,-0.22929880043984524,2023-10-26,398.72673499999996,0.011397402449049332,shock
268697338,BTC-24NOV23-46000-C,2023-11-24,46000.0,C,1698306248025,7,0.0794822417237443,34735.46,0.008,35048.1429242958,,-0.27191876802713305,2023-10-26,277.88368,0.007928627790643015,shock
268693739,BTC-24NOV23-48000-C,2023-11-24,48000.0,C,1698304950600,7,0.07952338280060882,34738.67,0.0055,35051.38182019028,,-0.3143859739479086,2023-10-26,191.062685,0.0054509316060670715,shock
286715200,BTC-8MAR24-49000-P,2024-03-08,49000.0,P,1709191250641,7,0.02199230590436327,62813.96,0.0018,63251.177727365415,,0.2552934495191499,2024-02-29,113.065128,0.22709842522269394,shock
286712304,BTC-8MAR24-50000-P,2024-03-08,50000.0,P,1709190530110,7,0.02201515379249112,62995.6,0.002,63434.08203593629,,0.23797828311994992,2024-02-29,125.9912,0.21376636660800608,shock
286723247,BTC-8MAR24-52000-P,2024-03-08,52000.0,P,1709192845919,7,0.02194171997082699,62623.46,0.0033,63059.35174860109,,0.19283265556829868,2024-02-29,206.657418,0.17865723091343097,shock
286725658,BTC-8MAR24-53000-P,2024-03-08,53000.0,P,1709193411575,7,0.021923783136732624,62734.15,0.0039,63170.812208388095,,0.17555044877762052,2024-02-29,244.663185,0.1648779717922494,shock
286723703,BTC-8MAR24-54000-P,2024-03-08,54000.0,P,1709193001784,7,0.021936777524099442,62631.46,0.0055,63067.407432748674,,0.1552200670788126,2024-02-29,344.47303,0.14923525234147195,shock
286717241,BTC-8MAR24-55000-P,2024-03-08,55000.0,P,1709191630424,7,0.021980263064434298,62824.93,0.007,63262.22408425279,,0.13995518985585573,2024-02-29,439.77451,0.13755442082882588,shock
286719752,BTC-8MAR24-55500-P,2024-03-08,55500.0,P,1709192064557,7,0.021966496797311007,62791.94,0.008,63229.00445674919,,0.1303801064013499,2024-02-29,502.33552000000003,0.1301829761115362,shock
286715049,BTC-8MAR24-56000-P,2024-03-08,56000.0,P,1709191227586,7,0.02199303697361745,62890.96,0.009,63328.713687285905,,0.12298714831714998,2024-02-29,566.01864,0.12466276144924884,shock
286713094,BTC-8MAR24-56500-P,2024-03-08,56500.0,P,1709190738323,7,0.022008551401572807,63094.57,0.009,63533.74091844708,,0.11733047967461836,2024-02-29,567.8511299999999,0.11964653644753277,shock
286712633,BTC-8MAR24-58500-P,2024-03-08,58500.0,P,1709190624791,7,0.02201215147767631,63091.28,0.016,63530.42801834139,,0.08249221828129787,2024-02-29,1009.46048,0.09507079814726974,shock
286723271,BTC-8MAR24-59000-P,2024-03-08,59000.0,P,1709192863951,7,0.02194114817985794,62604.31,0.02,63040.068454672815,,0.06623308753596721,2024-02-29,1252.0862,0.08394906262638328,shock
286723525,BTC-8MAR24-59500-P,2024-03-08,59500.0,P,1709192940249,7,0.021938728786149164,62591.87,0.023,63027.541865823325,,0.05759549078129061,2024-02-29,1439.61301,0.07880927494201967,shock
286717133,BTC-8MAR24-61000-P,2024-03-08,61000.0,P,1709191576620,7,0.021981969178082192,62788.49,0.03,63225.530442960546,,0.03583431811360583,2024-02-29,1883.6546999999998,0.06499249771684686,shock
286718282,BTC-8MAR24-63000-P,2024-03-08,63000.0,P,1709191803911,7,0.02197476182775241,62653.07,0.0465,63089.16784955234,,0.0014143620096400077,2024-02-29,2913.3677549999998,0.04759193546049666,shock
286722197,BTC-8MAR24-64000-C,2024-03-08,64000.0,C,1709192626466,7,0.021948678779807204,62788.33,0.0405,63225.3693292776,,-0.012177449313743727,2024-02-29,2542.927365,0.04022004761658946,shock
286723632,BTC-8MAR24-64500-C,2024-03-08,64500.0,C,1709192972077,7,0.0219377195268899,62621.28,0.037,63057.15657467087,,-0.022623661493204078,2024-02-29,2316.9873599999996,0.036744241032439756,shock
286721490,BTC-8MAR24-65000-C,2024-03-08,65000.0,C,1709192435581,7,0.021954731703450026,62734.62,0.034,63171.285479831764,,-0.028537415661734043,2024-02-29,2132.97708,0.03376497824602572,shock
286724612,BTC-8MAR24-66000-C,2024-03-08,66000.0,C,1709193277390,7,0.021928038115169964,62612.56,0.0285,63048.375878950006,,-0.04575243920262514,2024-02-29,1784.45796,0.028302996470933327,shock
286723670,BTC-8MAR24-68000-C,2024-03-08,68000.0,C,1709192995550,7,0.021936975202942667,62619.59,0.0205,63055.454811394695,,-0.07549313086279838,2024-02-29,1283.701595,0.02035829570716257,shock
286723948,BTC-8MAR24-70000-C,2024-03-08,70000.0,C,1709193074612,7,0.02193446816336885,62681.9,0.0145,63118.198521299186,,-0.10348610645611421,2024-02-29,908.88755,0.014399770134334501,shock
286710859,BTC-8MAR24-72000-C,2024-03-08,72000.0,C,1709190307754,7,0.022022204654997466,62900.47,0.011,63338.289881816345,,-0.128176077294097,2024-02-29,691.90517,0.010923963550184792,shock
286726325,BTC-8MAR24-74000-C,2024-03-08,74000.0,C,1709193583589,7,0.021918328608574327,62665.76,0.007,63101.94617853144,,-0.1593134813666806,2024-02-29,438.66032,0.006951613168299413,shock
286725655,BTC-8MAR24-76000-C,2024-03-08,76000.0,C,1709193410321,7,0.02192382290081177,62732.34,0.005,63168.9896098497,,-0.18491983028202047,2024-02-29,313.6617,0.004965437977356724,shock
390365700,BTC-31OCT25-100000-P,2025-10-31,100000.0,P,1760254977329,7,0.052087223205225776,111825.67,0.0085,112016.34144251612,,0.1134745804005474,2025-10-12,950.5181950000001,0.11575864262778462,shock
390367555,BTC-31OCT25-102000-P,2025-10-31,102000.0,P,1760255598212,7,0.05206753513444952,111736.07,0.011,111926.58866756519,,0.09287038477879103,2025-10-12,1229.09677,0.09966966357474581,shock
390359057,BTC-31OCT25-105000-P,2025-10-31,105000.0,P,1760252455225,7,0.052167198598427195,111768.07,0.018,111958.64323004766,,0.06416919607088947,2025-10-12,2011.82526,0.08012305464988122,shock
390362379,BTC-31OCT25-106000-P,2025-10-31,106000.0,P,1760253715451,7,0.05212723709411467,111873.06,0.0185,112063.81224614252,,0.0556293671335694,2025-10-12,2069.65161,0.07257886103569082,shock
390368612,BTC-31OCT25-108000-P,2025-10-31,108000.0,P,1760255962739,7,0.05205597605910705,111607.24,0.026,111797.53900242086,,0.034558320853792596,2025-10-12,2901.78824,0.05992374521120533,shock
390368089,BTC-31OCT25-111000-P,2025-10-31,111000.0,P,1760255733414,7,0.05206324790715373,111619.6,0.036,111809.92007717972,,0.0072700860374546785,2025-10-12,4018.3055999999997,0.04318244457957672,shock
390365345,BTC-31OCT25-112000-C,2025-10-31,112000.0,C,1760254894682,7,0.052089843924403856,111719.0,0.0405,111909.48956189092,,-0.0008084556238861046,2025-10-12,4524.6195,0.04043106190291114,shock
390368492,BTC-31OCT25-113000-C,2025-10-31,113000.0,C,1760255929258,7,0.052057037734652464,111633.05,0.035,111823.39301047313,,-0.010467040071485245,2025-10-12,3907.1567500000006,0.03494042386671334,shock
390368120,BTC-31OCT25-115000-C,2025-10-31,115000.0,C,1760255742729,7,0.0520629525304414,111608.31,0.0275,111798.61082685385,,-0.028232993239539463,2025-10-12,3069.228525,0.02745319018098905,shock
390362011,BTC-31OCT25-116000-C,2025-10-31,116000.0,C,1760253553248,7,0.05213238051750381,111709.71,0.0255,111900.18372172024,,-0.03598293395140361,2025-10-12,2848.597605,0.025456594531462567,shock
390364908,BTC-31OCT25-118000-C,2025-10-31,118000.0,C,1760254702006,7,0.05209595364028412,111711.75,0.02,111902.22720007849,,-0.05305910585990082,2025-10-12,2234.235,0.01996595649526476,shock
390366999,BTC-31OCT25-120000-C,2025-10-31,120000.0,C,1760255442711,7,0.05207246603881279,111711.75,0.0155,111902.22720007849,,-0.06986622417628213,2025-10-12,1731.532125,0.01547361628383019,shock
390366991,BTC-31OCT25-123000-C,2025-10-31,123000.0,C,1760255433213,7,0.05207276721841705,111706.49,0.011,111896.95823137043,,-0.09460592334294181,2025-10-12,1228.7713899999999,0.010981276072395617,shock
390358970,BTC-31OCT25-124000-C,2025-10-31,124000.0,C,1760252410610,7,0.052168613330796546,111782.06,0.011,111972.65708408297,,-0.1020268572931283,2025-10-12,1229.60266,0.010981276072395619,shock
390366994,BTC-31OCT25-126000-C,2025-10-31,126000.0,C,1760255435928,7,0.05207268112633181,111710.2,0.008,111900.67455720824,,-0.11867026343721723,2025-10-12,893.6816,0.007986382598105904,shock
390366996,BTC-31OCT25-128000-C,2025-10-31,128000.0,C,1760255439136,7,0.05207257940131913,111710.69,0.0065,111901.16539269626,,-0.13441423406529657,2025-10-12,726.1194849999999,0.006488935860961046,shock
390361309,BTC-31OCT25-130000-C,2025-10-31,130000.0,C,1760253316084,7,0.05213990093860984,111682.42,0.006,111872.84719015313,,-0.15017151703875645,2025-10-12,670.09452,0.005989786948579428,shock
390365548,BTC-31OCT25-132000-C,2025-10-31,132000.0,C,1760254946037,7,0.052088215468036526,111760.32,0.0047,111950.88001569644,,-0.1647417187802167,2025-10-12,525.273504,0.004691999776387218,shock
390364889,BTC-31OCT25-134000-C,2025-10-31,134000.0,C,1760254697824,7,0.052096086250634194,111717.41,0.0039,111907.89685081757,,-0.18016361651696475,2025-10-12,435.697899,0.0038933615165766284,shock
390364979,BTC-31OCT25-135000-C,2025-10-31,135000.0,C,1760254752687,7,0.05209434655631659,111701.86,0.0034,111892.32033686124,,-0.18773779517307265,2025-10-12,379.786324,0.003394212604195009,shock
390364892,BTC-31OCT25-138000-C,2025-10-31,138000.0,C,1760254697854,7,0.052096085299340435,111717.12,0.0027,111907.60635634507,,-0.20958009756195858,2025-10-12,301.636224,0.002695404126860743,shock
390364894,BTC-31OCT25-140000-C,2025-10-31,140000.0,C,1760254697871,7,0.05209608476027397,111717.12,0.0023,111907.60635634507,,-0.22396883501405812,2025-10-12,256.949376,0.0022960849969554473,shock
390366772,BTC-31OCT25-150000-C,2025-10-31,150000.0,C,1760255334049,7,0.05207591168822932,111752.45,0.0011,111942.99659673589,,-0.2926455113224503,2025-10-12,122.927695,0.001098127607239562,shock
390362629,BTC-31OCT25-155000-C,2025-10-31,155000.0,C,1760253816952,7,0.052124018518518514,111947.09,0.0009,112137.9684730356,,-0.3236951423764416,2025-10-12,100.752381,0.0008984680422869142,shock
390368038,BTC-31OCT25-160000-C,2025-10-31,160000.0,C,1760255704791,7,0.05206415553652968,111630.87,0.0006,111821.20929340401,,-0.3582725650505931,2025-10-12,66.978522,0.0005989786948579428,shock
390368460,BTC-31OCT25-80000-P,2025-10-31,80000.0,P,1760255916333,7,0.05205744758371385,111632.05,0.0005,111822.39130539555,,0.3348851860062355,2025-10-12,55.816025,0.28507892702217136,shock
390366416,BTC-31OCT25-85000-P,2025-10-31,85000.0,P,1760255156524,7,0.052081540969051245,111676.26,0.001,111866.67668687525,,0.2746565190074033,2025-10-12,111.67626,0.24116523120097733,shock
390365271,BTC-31OCT25-90000-P,2025-10-31,90000.0,P,1760254854712,7,0.052091111364789444,111726.16,0.0019,111916.66177024638,,0.21794483265438055,2025-10-12,212.279704,0.19772696151065397,shock
390367926,BTC-31OCT25-95000-P,2025-10-31,95000.0,P,1760255660203,7,0.05206556941273465,111647.78,0.0041,111838.14812626585,,0.16317582850632734,2025-10-12,457.75589800000006,0.15465120188451872,shock
390359056,BTC-31OCT25-98000-P,2025-10-31,98000.0,P,1760252455176,7,0.052167200152207,111768.07,0.007,111958.64323004766,,0.1331620675578409,2025-10-12,782.3764900000001,0.13166486565720936,shock
391150014,BTC-28NOV25-105000-P,2025-11-28,105000.0,P,1760514058855,7,0.12058413067605277,112500.55,0.031,113377.49231675502,,0.07676254098438098,2025-10-15,3487.51705,0.10465048330409751,shock
391150387,BTC-28NOV25-108000-P,2025-11-28,108000.0,P,1760514172578,7,0.12058052454337899,112506.46,0.0395,113383.44838523283,,0.048644195714375685,2025-10-15,4444.00517,0.08667449874908514,shock
391150389,BTC-28NOV25-112000-P,2025-11-28,112000.0,P,1760514172647,7,0.12058052235540336,112506.46,0.054,113383.44838523283,,0.012276551543500845,2025-10-15,6075.348840000001,0.06578382763497131,shock
391148699,BTC-28NOV25-118000-C,2025-11-28,118000.0,C,1760513486289,7,0.12060228662480975,112461.27,0.042,113337.90612897013,,-0.040310948140738614,2025-10-15,4723.37334,0.04167514207140153,shock
391150804,BTC-28NOV25-120000-C,2025-11-28,120000.0,C,1760514307894,7,0.12057623370116692,112499.97,0.0355,113376.90779565228,,-0.056774007183782255,2025-10-15,3993.7489349999996,0.03522541770320843,shock
391145140,BTC-28NOV25-122000-C,2025-11-28,122000.0,C,1760511767173,7,0.1206567994355657,112544.81,0.03,113422.09732366331,,-0.07290481066199231,2025-10-15,3376.3442999999997,0.029767958622429664,shock
391152854,BTC-28NOV25-125000-C,2025-11-28,125000.0,C,1760515055301,7,0.12055253358066971,112583.52,0.0235,113461.10906829553,,-0.09685361047989792,2025-10-15,2645.71272,0.02331823425423657,shock
391149985,BTC-28NOV25-126000-C,2025-11-28,126000.0,C,1760514046311,7,0.1205845284436834,112496.88,0.022,113373.79370908774,,-0.10559163840442144,2025-10-15,2474.93136,0.021829836323115085,shock
391148384,BTC-28NOV25-130000-C,2025-11-28,130000.0,C,1760513408160,7,0.12060476407914764,112428.22,0.0155,113304.59850406458,,-0.1374546962720417,2025-10-15,1742.63741,0.015380111954921992,shock
391152000,BTC-28NOV25-134000-C,2025-11-28,134000.0,C,1760514743121,7,0.1205624327435312,112587.15,0.011,113464.7673641626,,-0.1663474309186297,2025-10-15,1238.4586499999998,0.01091491816155754,shock
391151623,BTC-28NOV25-135000-C,2025-11-28,135000.0,C,1760514633850,7,0.12056589770421106,112565.33,0.01,113442.77727715991,,-0.1739762336098013,2025-10-15,1125.6533,0.00992265287414322,shock
391146513,BTC-28NOV25-136000-C,2025-11-28,136000.0,C,1760512405244,7,0.12063656633688483,112621.1,0.009,113498.9820045724,,-0.1808610179775276,2025-10-15,1013.5899,0.008930387586728898,shock
391151626,BTC-28NOV25-138000-C,2025-11-28,138000.0,C,1760514635578,7,0.12056584290969051,112564.84,0.008,113442.2834576076,,-0.19595949336575502,2025-10-15,900.51872,0.007938122299314577,shock
391150114,BTC-28NOV25-140000-C,2025-11-28,140000.0,C,1760514082330,7,0.12058338628868594,112504.19,0.007,113381.16069057214,,-0.2108871765934511,2025-10-15,787.5293300000001,0.006945857011900255,shock
391151608,BTC-28NOV25-145000-C,2025-11-28,145000.0,C,1760514621375,7,0.12056629328386606,112563.08,0.0048,113440.50973839931,,-0.2454551861842352,2025-10-15,540.302784,0.004762873379588746,shock
391147890,BTC-28NOV25-160000-C,2025-11-28,160000.0,C,1760513026972,7,0.12061685147133434,112556.32,0.0021,113433.69704416751,,-0.34395531601613666,2025-10-15,236.368272,0.002083757103570076,shock
391149540,BTC-28NOV25-95000-P,2025-11-28,95000.0,P,1760513846296,7,0.12059087087772703,112485.57,0.0125,113362.3955475845,,0.17671283577088592,2025-10-15,1406.069625,0.174382916637348,shock
391151892,BTC-31OCT25-100000-P,2025-10-31,100000.0,P,1760514713429,7,0.0438510455035515,112560.11,0.0065,112790.60980471678,,0.12036290319860699,2025-10-15,731.640715,0.11988808769745024,shock
391145476,BTC-31OCT25-102000-P,2025-10-31,102000.0,P,1760511971582,7,0.04393798890157281,112516.27,0.0075,112746.6800294719,,0.10017071925010844,2025-10-15,843.872025,0.10280171488368563,shock
391150369,BTC-31OCT25-105000-P,2025-10-31,105000.0,P,1760514166523,7,0.04386838777904617,112506.33,0.012,112736.71967440953,,0.07109483569517651,2025-10-15,1350.0759600000001,0.08060191622261798,shock
391152307,BTC-31OCT25-106000-P,2025-10-31,106000.0,P,1760514885803,7,0.043845579559868085,112585.19,0.0145,112815.74116336508,,0.06231678453640306,2025-10-15,1632.485255,0.07488517410111638,shock
391150235,BTC-31OCT25-107000-P,2025-10-31,107000.0,P,1760514101718,7,0.043870442732115676,112544.98,0.0165,112775.44882160876,,0.05256982862165264,2025-10-15,1856.99217,0.06767821428653287,shock
391150112,BTC-31OCT25-108000-P,2025-10-31,108000.0,P,1760514082317,7,0.04387105793378995,112506.77,0.019,112737.16057543845,,0.04292786961189098,2025-10-15,2137.62863,0.06098068436660835,shock
391150236,BTC-31OCT25-109000-P,2025-10-31,109000.0,P,1760514101736,7,0.043870442161339424,112544.98,0.0215,112775.44882160876,,0.03405078085441503,2025-10-15,2419.7170699999997,0.054933639868801926,shock
391148201,BTC-31OCT25-115000-C,2025-10-31,115000.0,C,1760513299584,7,0.043895878234398784,112533.3,0.025,112763.7449033866,,-0.019637251393664377,2025-10-15,2813.3325000000004,0.02494890979729699,shock
391146252,BTC-31OCT25-117000-C,2025-10-31,117000.0,C,1760512338802,7,0.04392634443176053,112583.92,0.0191,112814.46856266797,,-0.03642933655981835,2025-10-15,2150.352872,0.019060967085134897,shock
391153110,BTC-31OCT25-119000-C,2025-10-31,119000.0,C,1760515192423,7,0.04383585670345003,112646.03,0.0145,112876.70575109086,,-0.052827369629507626,2025-10-15,1633.3674350000001,0.014470367682432253,shock
391152945,BTC-31OCT25-120000-C,2025-10-31,120000.0,C,1760515083890,7,0.0438392982623034,112611.89,0.012,112842.49583943802,,-0.06149873850010755,2025-10-15,1351.34268,0.011975476702702555,shock
391147732,BTC-31OCT25-122000-C,2025-10-31,122000.0,C,1760512938776,7,0.04390731938102486,112539.69,0.0085,112770.14798878382,,-0.07866938618360035,2025-10-15,956.5873650000001,0.008482629331080977,shock
391153092,BTC-31OCT25-123000-C,2025-10-31,123000.0,C,1760515168025,7,0.043836630358954846,112646.02,0.008,112876.69573061293,,-0.08588832066405638,2025-10-15,901.1681600000001,0.007983651135135036,shock
391145706,BTC-31OCT25-124000-C,2025-10-31,124000.0,C,1760512070570,7,0.043934850012683914,112341.88,0.006,112571.93291485158,,-0.09668914460443472,2025-10-15,674.05128,0.005987738351351277,shock
391151186,BTC-31OCT25-126000-C,2025-10-31,126000.0,C,1760514499281,7,0.04385783609208524,112545.15,0.0045,112775.61916973357,,-0.11088173336188326,2025-10-15,506.45317499999993,0.004490803763513457,shock
391150218,BTC-31OCT25-128000-C,2025-10-31,128000.0,C,1760514097733,7,0.04387056909563673,112530.56,0.0034,112760.99929243379,,-0.12675973559490186,2025-10-15,382.60390399999994,0.0033930517324323897,shock
391150631,BTC-31OCT25-160000-C,2025-10-31,160000.0,C,1760514266674,7,0.0438652120116692,112466.21,0.0002,112696.5175169546,,-0.3504752951362037,2025-10-15,22.493242000000002,0.0001995912783783759,shock
414857508,BTC-27FEB26-50000-P,2026-02-27,50000.0,P,1770796451401,7,0.04384667044013191,67167.74,0.0038,67188.33369938679,,0.29547662136586306,2026-02-11,255.237412,0.25962202291595143,shock
414855983,BTC-27FEB26-56000-P,2026-02-27,56000.0,P,1770795935069,7,0.04386304322044648,67068.67,0.009,67089.23332442109,,0.18067188320572947,2026-02-11,603.61803,0.1742880455628159,shock
414850330,BTC-27FEB26-60000-P,2026-02-27,60000.0,P,1770793874600,7,0.043928380263825464,66649.09,0.0175,66669.52468075392,,0.10540338495023399,2026-02-11,1166.359075,0.1175332176624319,shock
414852300,BTC-27FEB26-62000-P,2026-02-27,62000.0,P,1770794775905,7,0.04389980006976154,66772.68,0.023,66793.15257357727,,0.07446618385979628,2026-02-11,1535.7716399999997,0.0947540873535731,shock
414850946,BTC-27FEB26-63000-P,2026-02-27,63000.0,P,1770794169981,7,0.043919013793759516,66711.78,0.0275,66732.23390157353,,0.05755337668436795,2026-02-11,1834.57395,0.08342007342035447,shock
414849535,BTC-27FEB26-64000-P,2026-02-27,64000.0,P,1770793592962,7,0.04393731094622019,66889.79,0.031,66910.29847962585,,0.04446981033716263,2026-02-11,2073.58349,0.07448602207541255,shock
414851744,BTC-27FEB26-65000-P,2026-02-27,65000.0,P,1770794567368,7,0.04390641273465246,66795.36,0.0365,66815.83952728902,,0.027552901210765132,2026-02-11,2438.03064,0.06366559482578449,shock
414851540,BTC-27FEB26-69000-C,2026-02-27,69000.0,C,1770794412299,7,0.04391132994038559,66795.53,0.0305,66816.0095794112,,-0.03216378840713169,2026-02-11,2037.263665,0.03049065153432578,shock
414852286,BTC-27FEB26-70000-C,2026-02-27,70000.0,C,1770794775747,7,0.04389980507990868,66772.68,0.025,66793.15257357727,,-0.04689467314447109,2026-02-11,1669.317,0.024992337323217855,shock
414850494,BTC-27FEB26-71000-C,2026-02-27,71000.0,C,1770794012251,7,0.043924015379249115,66667.65,0.0195,66688.09037126934,,-0.06265349521598987,2026-02-11,1300.019175,0.019494023112109925,shock
414858494,BTC-27FEB26-72000-C,2026-02-27,72000.0,C,1770796754434,7,0.0438370613267377,67006.26,0.016,67026.80418944976,,-0.07157351709966507,2026-02-11,1072.10016,0.015995095886859427,shock
414857352,BTC-27FEB26-74000-C,2026-02-27,74000.0,C,1770796381750,7,0.043848879058853374,67200.65,0.01,67221.25378962723,,-0.09607561904861886,2026-02-11,672.0065,0.009996934929287141,shock
414855819,BTC-27FEB26-75000-C,2026-02-27,75000.0,C,1770795885105,7,0.04386462756849315,67110.47,0.0085,67131.04614034484,,-0.1108414919092983,2026-02-11,570.4389950000001,0.00849739468989407,shock
414858496,BTC-27FEB26-80000-C,2026-02-27,80000.0,C,1770796757650,7,0.04383695934804668,67000.83,0.0025,67021.37252460608,,-0.17701507324576657,2026-02-11,167.50207500000002,0.0024992337323217857,shock
414856731,BTC-27FEB26-96000-C,2026-02-27,96000.0,C,1770796234518,7,0.04385354775494673,67073.74,0.0005,67094.3048788884,,-0.3582490262206374,2026-02-11,33.53687,0.000499846746464357,shock
376513402,BTC-25JUL25-100000-P,2025-07-25,100000.0,P,1752822294193,7,0.019282908644089297,120335.2,0.0006,120553.35206591312,,0.18692222468893913,2025-07-18,72.20111999999999,0.17109066510764465,calm
376514319,BTC-25JUL25-106000-P,2025-07-25,106000.0,P,1752822742446,7,0.019268694634703196,120212.53,0.001,120430.45968115849,,0.12763339415177855,2025-07-18,120.21253,0.12082219273829578,calm
376530735,BTC-25JUL25-107000-P,2025-07-25,107000.0,P,1752825221657,7,0.019190079369609335,119544.44,0.0014,119761.15852088523,,0.11267057929076348,2025-07-18,167.362216,0.10795253566815333,calm
376528422,BTC-25JUL25-111000-P,2025-07-25,111000.0,P,1752825064441,7,0.019195064656265855,119768.16,0.0023,119985.28409614656,,0.07783890141761612,2025-07-18,275.466768,0.07718238893967809,calm
376526879,BTC-25JUL25-113000-P,2025-07-25,113000.0,P,1752824889331,7,0.019200617357940132,119850.61,0.0035,120067.8835672725,,0.06066946051775561,2025-07-18,419.47713500000003,0.06235939603347319,calm
376531447,BTC-25JUL25-114000-P,2025-07-25,114000.0,P,1752825300126,7,0.01918759113394216,119580.09,0.005,119796.87314969832,,0.04959913635940195,2025-07-18,597.90045,0.05338013782469437,calm
376530443,BTC-25JUL25-116000-P,2025-07-25,116000.0,P,1752825203171,7,0.019190665556823947,119590.78,0.008,119807.5825292779,,0.03229678580475582,2025-07-18,956.72624,0.03976633756142794,calm
376533495,BTC-25JUL25-117000-P,2025-07-25,117000.0,P,1752825545641,7,0.01917980590436327,119469.84,0.0105,119686.42328078825,,0.022701248449335163,2025-07-18,1254.43332,0.03292651323987575,calm
376530240,BTC-25JUL25-118000-P,2025-07-25,118000.0,P,1752825187151,7,0.01919117354769153,119610.29,0.013,119827.12789837028,,0.01536547880641431,2025-07-18,1554.9337699999999,0.028224507485806738,calm
376534071,BTC-25JUL25-119000-P,2025-07-25,119000.0,P,1752825595725,7,0.019178217751141553,119448.43,0.017,119664.974467243,,0.005572465666396692,2025-07-18,2030.62331,0.022526205259675882,calm
376532843,BTC-25JUL25-120000-C,2025-07-25,120000.0,C,1752825450614,7,0.01918281919076611,119581.97,0.0195,119798.7565578938,,-0.0016784364709748914,2025-07-18,2331.848415,0.01946471300704289,calm
376519560,BTC-25JUL25-120000-P,2025-07-25,120000.0,P,1752823879313,7,0.01923264481861999,119828.66,0.02,120045.89377477748,,0.0003823750085032469,2025-07-18,2396.5732000000003,0.020346110124848455,calm
376531061,BTC-25JUL25-122000-C,2025-07-25,122000.0,C,1752825249917,7,0.019189183250887875,119582.95,0.013,119799.73833450633,,-0.01819954324038362,2025-07-18,1554.57835,0.012976475338028592,calm
376531087,BTC-25JUL25-123000-C,2025-07-25,123000.0,C,1752825250385,7,0.019189168410705226,119582.95,0.0105,119799.73833450633,,-0.02636285387954464,2025-07-18,1255.620975,0.010480999311484633,calm
376526891,BTC-25JUL25-124000-C,2025-07-25,124000.0,C,1752824892143,7,0.019200528190005072,119850.86,0.009,120068.13402048998,,-0.03222220044697387,2025-07-18,1078.6577399999999,0.008983713695558256,calm
376529955,BTC-25JUL25-125000-C,2025-07-25,125000.0,C,1752825150778,7,0.01919232692795535,119655.65,0.0065,119872.57013015043,,-0.041884474334166366,2025-07-18,777.761725,0.006488237669014296,calm
376515457,BTC-25JUL25-126000-C,2025-07-25,126000.0,C,1752823171392,7,0.01925509284627093,120011.85,0.006,120229.41587442043,,-0.04688019037768975,2025-07-18,720.0711,0.005989142463705504,calm
376524516,BTC-25JUL25-127000-C,2025-07-25,127000.0,C,1752824562854,7,0.019210969875697613,119826.8,0.0047,120044.0304028394,,-0.05632849095157381,2025-07-18,563.18596,0.004691494929902645,calm
376517975,BTC-25JUL25-128000-C,2025-07-25,128000.0,C,1752823694177,7,0.019238515442668695,119798.24,0.0038,120015.41862727412,,-0.06441004083090163,2025-07-18,455.233312,0.0037931235603468195,calm
376515238,BTC-25JUL25-129000-C,2025-07-25,129000.0,C,1752823060728,7,0.01925860197869102,120090.57,0.0033,120308.27858354153,,-0.069754967592972,2025-07-18,396.298881,0.0032940283550380272,calm
376513995,BTC-25JUL25-130000-C,2025-07-25,130000.0,C,1752822550697,7,0.01927477495560629,120401.65,0.0028,120619.92253112014,,-0.07488998468862573,2025-07-18,337.12462,0.0027949331497292354,calm
376518725,BTC-25JUL25-135000-C,2025-07-25,135000.0,C,1752823782560,7,0.019235712836123794,119757.43,0.001,119974.53464405217,,-0.11799526947595261,2025-07-18,119.75743,0.0009981904106175841,calm
376531017,BTC-25JUL25-140000-C,2025-07-25,140000.0,C,1752825248102,7,0.019189240804160325,119578.45,0.0004,119795.23017659163,,-0.1558585526071363,2025-07-18,47.83138,0.0003992761642470336,calm
376525379,BTC-25JUL25-85000-P,2025-07-25,85000.0,P,1752824667742,7,0.019207643899036023,119846.81,0.0002,120064.07667836675,,0.34537431609896285,2025-07-18,23.969362,0.29224433328515276,calm
376532849,BTC-25JUL25-86000-P,2025-07-25,86000.0,P,1752825453564,7,0.019182725646879756,119581.88,0.0003,119798.66639473551,,0.33146525743545946,2025-07-18,35.874564,0.2824283606567957,calm
376529892,BTC-25JUL25-94000-P,2025-07-25,94000.0,P,1752825137740,7,0.019192740360223236,119656.45,0.0004,119873.37158044637,,0.2431411665280576,2025-07-18,47.86258,0.21623846746523498,calm
376515362,BTC-25JUL25-95000-P,2025-07-25,95000.0,P,1752823148528,7,0.019255817858954843,120049.57,0.0005,120267.20425587428,,0.23583907788660954,2025-07-18,60.024785,0.21059131787074206,calm
383634004,BTC-12SEP25-100000-P,2025-09-12,100000.0,P,1757056121991,7,0.019275685216894975,112227.1,0.0016,112384.51858838873,,0.11675600700641818,2025-09-05,179.56336000000002,0.11179548665777551,calm
383646856,BTC-12SEP25-102000-P,2025-09-12,102000.0,P,1757058661987,7,0.019195142472095385,112965.05,0.0019,113123.5036953041,,0.10350736164550486,2025-09-05,214.633595,0.10022795369601653,calm
383644673,BTC-12SEP25-104000-P,2025-09-12,104000.0,P,1757058193982,7,0.019209982813292746,112769.32,0.0028,112927.4991489574,,0.08235511320561285,2025-09-05,315.754096,0.08185121706064756,calm
383638539,BTC-12SEP25-105000-P,2025-09-12,105000.0,P,1757056863742,7,0.01925216444698123,112675.09,0.0038,112833.13697452194,,0.07194971326983772,2025-09-05,428.165342,0.07321698694229668,calm
383648784,BTC-12SEP25-106000-P,2025-09-12,106000.0,P,1757059160110,7,0.019179347095383055,112961.45,0.004,113119.89864565994,,0.06500921204622485,2025-09-05,451.8458,0.06693556603491921,calm
383648068,BTC-12SEP25-107000-P,2025-09-12,107000.0,P,1757058922412,7,0.01918688444951801,112999.48,0.005,113157.98198953959,,0.05595607856341437,2025-09-05,564.9974,0.05941233018949626,calm
383645185,BTC-12SEP25-108000-P,2025-09-12,108000.0,P,1757058352999,7,0.019204940417300864,112789.22,0.007,112947.42706226808,,0.044791236090479566,2025-09-05,789.52454,0.050793114562098764,calm
383646548,BTC-12SEP25-109000-P,2025-09-12,109000.0,P,1757058603276,7,0.019197004185692545,112874.64,0.0085,113032.96687910215,,0.03633163622762885,2025-09-05,959.4344400000001,0.044167657073373376,calm
383643125,BTC-12SEP25-110000-P,2025-09-12,110000.0,P,1757057805685,7,0.019222295630390664,112834.88,0.011,112993.15110858796,,0.02684684142457117,2025-09-05,1241.1836799999999,0.037474260581676425,calm
383639431,BTC-12SEP25-112000-P,2025-09-12,112000.0,P,1757056918714,7,0.019250421296296297,112747.64,0.0175,112905.78873887823,,0.008054871698252968,2025-09-05,1973.0837000000001,0.025498005647312815,calm
383648624,BTC-12SEP25-113000-P,2025-09-12,113000.0,P,1757059109175,7,0.019180962233637747,112956.66,0.02,113115.10192682788,,0.0010180827002609586,2025-09-05,2259.1332,0.020989550346369495,calm
383648535,BTC-12SEP25-114000-C,2025-09-12,114000.0,C,1757059083653,7,0.019181771530948754,112939.34,0.017,113097.75763242882,,-0.00794589188427329,2025-09-05,1919.9687800000002,0.0169761878590021,calm
383646381,BTC-12SEP25-115000-C,2025-09-12,115000.0,C,1757058581691,7,0.01919768864155251,112852.94,0.0135,113011.2364409694,,-0.017444877063790443,2025-09-05,1523.51469,0.013481090358619312,calm
383648862,BTC-12SEP25-116000-C,2025-09-12,116000.0,C,1757059195075,7,0.019178238362506345,112972.65,0.01,113131.11435566394,,-0.02504274099406845,2025-09-05,1129.7265,0.009985992858236528,calm
383647794,BTC-12SEP25-119000-C,2025-09-12,119000.0,C,1757058873387,7,0.019188439022070014,112902.28,0.0045,113060.64564914774,,-0.051199131203636346,2025-09-05,508.06025999999997,0.004493696786206437,calm
383648016,BTC-12SEP25-120000-C,2025-09-12,120000.0,C,1757058915243,7,0.019187111777016742,112997.44,0.0034,113155.93912807459,,-0.058724883100107615,2025-09-05,384.19129599999997,0.003395237571800419,calm
383641264,BTC-12SEP25-122000-C,2025-09-12,122000.0,C,1757057316870,7,0.01923779585235921,112757.3,0.002,112915.46228875667,,-0.07738162734177031,2025-09-05,225.5146,0.0019971985716473054,calm
383647304,BTC-12SEP25-124000-C,2025-09-12,124000.0,C,1757058739556,7,0.019192682775240996,112930.56,0.0012,113088.96531690784,,-0.09210675296422283,2025-09-05,135.51667199999997,0.001198319142988383,calm
383647302,BTC-12SEP25-125000-C,2025-09-12,125000.0,C,1757058738625,7,0.01919271229705733,112931.66,0.001,113090.06685985466,,-0.10012918420998515,2025-09-05,112.93166000000001,0.0009985992858236527,calm
383632501,BTC-12SEP25-130000-C,2025-09-12,130000.0,C,1757055941431,7,0.019281410736935567,112257.35,0.0005,112414.81101942631,,-0.14533875104151395,2025-09-05,56.128675,0.0004992996429118263,calm
383639589,BTC-12SEP25-135000-C,2025-09-12,135000.0,C,1757056941756,7,0.019249690639269405,112724.27,0.0003,112882.38595827167,,-0.17892833399578545,2025-09-05,33.817281,0.0002995797857470958,calm
383644955,BTC-12SEP25-90000-P,2025-09-12,90000.0,P,1757058315400,7,0.01920613267376966,112796.77,0.0003,112954.98765249399,,0.2271797296654179,2025-09-05,33.839031,0.20352201493057673,calm
383634000,BTC-12SEP25-95000-P,2025-09-12,95000.0,P,1757056120680,7,0.019275726788432267,112227.92,0.0006,112385.33973858545,,0.16805660798038408,2025-09-05,67.33675199999999,0.15529317730569975,calm
383932213,BTC-26SEP25-100000-P,2025-09-26,100000.0,P,1757316350877,7,0.04938004575722983,111427.43,0.0055,111536.45527338712,,0.10918130459910476,2025-09-08,612.8508649999999,0.10892677294260378,calm
383934182,BTC-26SEP25-104000-P,2025-09-26,104000.0,P,1757318271772,7,0.04931913457635718,111256.49,0.01,111365.3480185179,,0.06842532088316913,2025-09-08,1112.5649,0.0761270275661348,calm
383932958,BTC-26SEP25-106000-P,2025-09-26,106000.0,P,1757316816993,7,0.04936526531582953,111568.05,0.0135,111677.21286189603,,0.0521735881247468,2025-09-08,1506.1686750000001,0.06432271501778296,calm
383932476,BTC-26SEP25-108000-P,2025-09-26,108000.0,P,1757316439748,7,0.049377227676306444,111547.18,0.0185,111656.32244181224,,0.033294376892421734,2025-09-08,2063.62283,0.05122813600450699,calm
383932077,BTC-26SEP25-112000-C,2025-09-26,112000.0,C,1757316311345,7,0.049381299308726534,111378.13,0.031,111487.10703619834,,-0.00458991904315855,2025-09-08,3452.72203,0.03096969794793355,calm
383934216,BTC-26SEP25-118000-C,2025-09-26,118000.0,C,1757318319480,7,0.04931762176560122,111260.37,0.011,111369.23181487272,,-0.05783353067919421,2025-09-08,1223.8640699999999,0.010989247658944164,calm
383931283,BTC-26SEP25-120000-C,2025-09-26,120000.0,C,1757315279148,7,0.049414030060882796,111229.43,0.007,111338.26154187837,,-0.07491877410692396,2025-09-08,778.60601,0.006993157601146286,calm
383933618,BTC-26SEP25-122000-C,2025-09-26,122000.0,C,1757317129171,7,0.04935536621638762,111263.44,0.005,111372.30481868955,,-0.09114235839387955,2025-09-08,556.3172000000001,0.004995112572247348,calm
383932538,BTC-26SEP25-126000-C,2025-09-26,126000.0,C,1757316531728,7,0.04937431100963978,111500.47,0.0023,111609.56673878814,,-0.12127513721247028,2025-09-08,256.451081,0.0022977517832337797,calm
383931097,BTC-26SEP25-128000-C,2025-09-26,128000.0,C,1757314951174,7,0.04942443004819888,111177.1,0.0016,111285.88034001044,,-0.1399278749614276,2025-09-08,177.88336,0.001598436023119151,calm
383931317,BTC-26SEP25-132000-C,2025-09-26,132000.0,C,1757315302492,7,0.04941328982749873,111193.79,0.001,111302.58667020679,,-0.17054942405195644,2025-09-08,111.19378999999999,0.0009990225144494696,calm
383932353,BTC-26SEP25-98000-P,2025-09-26,98000.0,P,1757316384066,7,0.04937899334094368,111507.06,0.0039,111616.16318672067,,0.13009839221180905,2025-09-08,434.87753399999997,0.12588715038712572,calm
