ticker,date_id,usable_slots,starts_converged,best_price_rmse,price_equivalent_count,median_pairwise_dispersion,disp_kappa_s,disp_theta_s,disp_sigma_s,disp_rho_s,disp_v0_s,disp_kappa_f,disp_theta_f,disp_sigma_f,disp_rho_f,disp_v0_f,max_pairwise_dispersion,params_near_bound,price_spread_within_equivalent
RELIANCE,2026-07-02,20,16,0.0010922746648190061,12,5.276397149100522,6.0453116536706855,1.6852962247291703,1.5589098223731934,3.3318434172906963,0.494351481517643,0.1849677454701375,1.1517981760434473,0.7983145028673264,1.6800127020863456,0.7523170792121383,9.67692128691203,kappa_f,4.0748397285302485e-05
RELIANCE,2026-07-09,20,16,0.001975941576377296,14,3.518961210462732,1.7107173562180833e-06,0.5944218153931382,2.014415271225671,3.06137249684347,0.44626053491661505,5.511311767269245,0.8271251547548253,2.8131339116055125,2.183575938735358,0.6770649141525521,7.228121967746293,kappa_s;kappa_f,7.87230618489866e-05
RELIANCE,2026-07-16,20,14,0.0027725249274709388,13,4.502931848672695,0.0003244890972773362,0.3633989984710031,1.9364553630229697,0.5442575398416127,0.9904951730521733,10.046225226541148,0.6504534899351099,4.151030796020171,1.4738768866114487,2.0165493313977825,6.145290354279823,kappa_s;kappa_f,7.975058646891593e-05
RELIANCE,2026-07-23,20,14,0.00211529861553304,12,5.728806552467308,10.528846904474628,2.8043277198380867,4.173024221349255,1.56111174396983,0.04731377595534207,8.065939546337749,3.0385389894824666,2.5796360903477806,2.2438973742898445,0.1398389484246254,10.010278568071456,kappa_s;kappa_f,6.783705258668182e-05
RELIANCE,2026-07-31,20,14,0.0006266402999639744,5,4.699455006262374,9.984949902657812,0.41680211442480597,4.307887305063687,3.146942320879798,0.2651596480804519,9.600878327908902e-05,0.4840939833034733,3.633918248878936,2.3504452905649202,0.3615793025486588,6.745176263863934,kappa_f,6.239080786297059e-05
RELIANCE,2026-08-06,20,16,0.001981079691364615,9,3.7491632158346815,1.330119339648661e-05,0.9329901531937674,5.63867163977927,2.487236621959293,0.19741204245224336,4.492618366214174e-08,0.7140995287809137,2.925294493083002,2.490961300555689,0.2532579931923843,5.12224178045302,kappa_s;kappa_f,5.649943746247315e-05
RELIANCE,2026-08-12,20,13,0.004747219260838003,13,4.143061259764831,9.509870053612975,0.3410162729299786,0.16277588486264538,1.0259803957507696,0.12282896134009083,1.4296715822794837,1.5358228884381602,1.6585104383092704,0.14873191107534423,0.16130109450610303,6.380570115424482,kappa_s,0.00014955616484279514
RELIANCE,2026-08-18,20,16,0.004504132637305954,15,4.367551511382467,0.00012778959546366764,2.17673494006886,5.890670290606849,1.2426849937032878,0.4531338635323456,5.545694465499402,1.902005654613374,1.698907620589257,2.034484954234167,0.2083593747437102,9.763479295837627,,0.0002003844731320089
RELIANCE,2026-08-24,19,15,0.06126411488514481,15,6.725178555839005,4.6800037167385735,7.043697986575037,8.618092270254776,2.9758101719901924,0.597704453486136,1.6422070143226482,11.702216595726272,8.420485174764268,2.3722292247165875,0.8089911256021929,11.588759643896463,theta_f,0.0011294335845770526
RELIANCE,2026-08-31,20,16,0.005663793452781688,10,5.822266540173574,5.255419195159838,2.446617266837915,5.388148463699155,2.454541498216258,0.031847054605010555,8.753714227626991,2.4015595166800505,2.1316204523235696,2.0413396523702483,0.012429964599211196,9.137363306326026,theta_f,0.00014272408511759906
RELIANCE,2026-09-04,19,15,0.001546259688548968,10,4.764154376921515,9.638430102591657,2.222308594208502,2.0811967569134344,1.82424205917594,0.25764695820966366,11.150371846025749,0.7161038664555294,1.1999065882135165,3.5757213216420736,0.5965481743705103,8.125257096754364,kappa_f,0.0001242629083385502
RELIANCE,2026-09-10,19,16,0.0030613441825171265,14,6.475201653437797,7.838346123726518,4.452388762445537,2.419036491963476,2.430665261622976,0.5533508531535002,4.201837952436554,1.7368986930359192,0.8157577016576736,2.5049212320299707,0.6473601224181369,9.028543830935964,kappa_f,0.00026860241814070365
RELIANCE,2026-09-17,19,15,0.0009229873588367393,8,4.529117627510013,6.042568585312278,2.012711095573114,2.399166756974501,1.1917801906426642,0.2845728447207465,8.172724239585705e-07,0.2091725227171347,0.6215834118881913,0.4359859323004184,0.4446940763834468,7.496810301951805,kappa_f,3.925197088049679e-05
RELIANCE,2026-09-23,20,16,0.002970132517277973,14,5.983569775029596,6.556361741350542,3.0183470599119078,5.23969163501549,1.4852023208058627,0.04067128342431265,5.663429936652296,1.9813325944718985,4.674660692231953,1.708044619122151,0.4785178862378327,10.131811581325739,kappa_f,0.0002702477375933405
SBIN,2026-07-02,18,15,0.001850587684376599,9,5.286479219426931,0.7544645029800159,7.215338347130004,3.341406064864327,2.6872967791787525,0.3403914851300198,0.48558805426864915,9.702838322382267,1.5544192162679689,2.486935454859543,0.43084243332214284,7.914059513641511,theta_f,1.3320585101504181e-05
SBIN,2026-07-09,19,15,0.0023211512595377602,8,3.2694220095294,1.065849031256505e-05,1.5947755847167928,4.472587078553985,2.824916267044803,0.35487061552206456,2.856878674280788,1.2716436517865286,3.5507694755756183,3.016540858340492,0.4599243146501649,7.702699539608101,kappa_s,8.103028878296819e-05
SBIN,2026-07-16,20,16,0.0008363782567140174,10,5.74005734369088,5.7406923866432695,2.285837079578604,4.187897621358234,2.7362964759185644,0.11157981061349265,11.415743859912507,2.0255264422066084,4.758140208242636,2.8444829427999414,0.1806753396889993,8.266254813856523,kappa_f,7.503299331693277e-05
SBIN,2026-07-23,19,15,0.0013333410089477712,8,3.3628624344509976,6.176482352436592,4.009393083086198,1.1779521429153772,1.9068387524036678,0.12264879587786819,2.309885545059842e-07,0.5883579900711883,1.4848602569178095,1.045811807879107,0.2693456215900427,8.823037549977144,kappa_f,2.2801117524478892e-05
SBIN,2026-07-31,19,16,0.0007430145521700823,13,2.8516894774676063,1.4947288396142948,0.3744101527954351,2.2516437410103496,1.8358612187694752,0.6504447140719604,2.9235612018360424,0.3833879767290235,2.683376661072532,1.1700812400139986,1.1248140483207283,5.645225465994707,kappa_f,6.623375604252336e-05
SBIN,2026-08-06,20,14,0.0029973554112028215,10,3.7107365919221045,1.0132646293314895,0.568435154034307,3.0488079809613633,2.9239376056994466,0.5986846505282546,7.573033451949488,0.09803768594773947,0.7829710257881262,2.300979830743125,0.6197366602697749,6.594534271301786,kappa_s;kappa_f,0.000290331016863037
SBIN,2026-08-12,20,15,0.0013862240729469383,13,4.7281388660706085,10.842167966272067,1.4890951465438305,4.379706989473243,4.958676892245025,0.016048460178659938,1.547085959785477e-06,0.49956984950428435,3.3558628920648936,1.5515799013621034,0.3664920969215607,6.6515158767975,kappa_f,0.00012891953825520377
SBIN,2026-08-18,20,14,0.0012731414724477354,14,5.503695418701899,7.514493225464365,1.8158765437027942,3.4217208470021974,2.838379316732371,0.37107407028250555,11.156766871778206,0.7909194749451117,2.2956861570423976,1.8219132186813578,0.5557272726046341,10.221916863621855,kappa_s;kappa_f,9.810510192916479e-05
SBIN,2026-08-24,20,16,0.06742537053802042,16,7.066190910970853,6.092826495876359,5.922209688944409,4.1990659216295905,2.517470760505632,0.7526311813680568,2.7655983899366197,5.829944779352359,5.651776070046731,2.124842943202621,0.8511734828686339,11.41857439483799,theta_f,0.0049697861070327615
SBIN,2026-08-31,19,16,0.0034579120386307406,14,5.0590774707438415,5.439117029151381,0.4106819637694159,3.3362316609269733,2.740727099555273,0.6183685978338215,12.204218626591906,0.7858775173529446,2.49458353238688,3.3321035931699443,0.6947260325974293,9.743033531683325,kappa_f,8.121205467482651e-05
SBIN,2026-09-04,19,13,0.00135488600639716,10,5.005993102838453,2.6343868985759813,0.7200614793993774,2.454390181733147,2.5266389155309907,0.30645007034140614,6.224951842812395,0.5032182682559533,2.291532569486927,2.8058576135953333,0.478016908347926,9.545485895058734,kappa_s,8.296775960710007e-05
SBIN,2026-09-10,19,15,0.0035851624267847744,13,4.723426478891509,6.071324047264308,0.79455791039478,3.4161294213089057,2.1458850378643133,0.5493926103218436,2.488117640746242,0.6239875867213026,1.5414697848902663,2.4642893364649545,0.4682913418259549,7.199411410110491,kappa_f,0.00031047095929804137
SBIN,2026-09-17,20,14,0.003058585935195655,9,5.645660181144884,7.915979990347175,2.838417114623641,5.576194864455415,1.9689459674317644,0.15403489663542952,11.363703160640927,2.4517469172780118,2.6832405422036807,3.083812457074422,0.27724541243838347,10.138076028255593,kappa_s;kappa_f,0.00029002043823931354
SBIN,2026-09-23,20,15,0.004312259540923737,13,4.9072401025299275,5.3640279373798005,2.443904305080519,9.49466041660462,3.2423690428287504,0.1059574531865117,2.665794437742621,1.9879705013380744,5.326642582297913,2.234859530394128,0.24576442478324567,7.85034539992869,,5.963836669083209e-05
TCS,2026-07-02,18,16,0.002369438060963035,12,5.4045568668894095,7.126878419558679,0.3757172971459126,0.21763306543929914,5.548358099558432,1.0088691471317042,0.5995745645925847,0.9624816355552148,3.494789443581225,0.9161852805467761,1.3521668432264349,8.604009989124535,kappa_s;kappa_f,0.00013871191978113507
TCS,2026-07-09,20,16,0.0025747230169823297,13,5.021142386330621,3.792049661590743,0.8697516816032186,2.17087643882763,1.1980269076375376,1.073250189642145,3.926399437561358,1.6034765119403909,4.897783135468544,0.9895977873380809,1.4773951640309546,7.478872145289335,kappa_s;kappa_f,0.00017937459664121034
TCS,2026-07-16,20,16,0.000812487533463912,7,4.605141222487893,3.3070976460699892,1.8642705326299263,4.739810628528205,4.306335116295304,0.50207250805194,0.27850226239524467,1.2451405363868067,1.5226283595350854,2.617811660990281,0.7257136268011541,5.18247486583946,kappa_s;kappa_f,7.58689070204069e-05
TCS,2026-07-23,20,13,0.00414547342723501,9,6.830006141787045,10.043789091933462,4.358458456667852,6.65676049286016,4.231952724119971,0.6753848916604821,11.210164521856434,4.648725266605505,4.808224428365888,2.748979714623449,0.9713299523418492,9.231949761060688,kappa_f,0.0001846003282085498
TCS,2026-07-31,20,16,0.0021886152855882532,13,4.3038449592230945,5.031682256660472,1.165102631277632,3.4569028189819297,2.6790527857705695,0.900954223082336,7.980233931168353,0.42511935650969646,2.644064696633361,2.907640781858154,1.6719823926413,6.747793813482456,kappa_s;kappa_f,0.00010265715730820501
TCS,2026-08-06,20,16,0.001349103729992703,7,3.2770473874985364,4.2336328160558026,1.0123256781668617,3.9061375127542894,1.269935704158279,0.00039202440476133565,5.602089139244981e-07,0.8109214422961705,2.476772807514492,0.950740190097661,0.24882670511123273,5.324333427006012,kappa_s;kappa_f,4.119921770286399e-05
TCS,2026-08-12,20,16,0.005558734205408028,16,5.982932789999989,8.019322098408509,2.965464201427709,4.3267146612444325,3.0368005221039907,0.8242665184277942,4.206774979716288,2.082439886329107,2.7872238980376616,2.02159242570687,1.4457974973845773,10.19885567579349,kappa_s;kappa_f,0.0005116741159974306
TCS,2026-08-18,20,16,0.004191961927496516,13,4.32572219419374,6.993046730509821,0.6621672405779091,3.8841030804873546,2.617914617589111,0.7589824975514542,3.038928549606924,0.8367677310124968,2.4067919387625656,2.4615530983639555,0.9361705271999385,7.341899868940088,,0.00034940805444104873
TCS,2026-08-24,20,14,0.003458481715438437,10,5.245696505627237,11.65604149367105,1.201029134877786,1.9592694289594936,0.36195446354263927,0.5207358698771354,4.031715913279484,0.9233659500271805,1.8592084429272653,1.5716670733861842,1.6617882117154261,9.987569501277441,,0.00024184666330690895
TCS,2026-08-31,19,14,0.00963819552924519,14,7.303064070716365,0.2285808790800855,2.376490556747578,3.243094495749086,2.790298330290926,0.00839133426450727,2.208876914529782,1.9585328234916854,1.7316491936106284,1.7267109406398946,1.2735907778871056,9.240157534274953,theta_s,0.0002484535694216618
TCS,2026-09-04,20,14,0.0024079640301542236,10,6.548815754156624,11.168917459185778,4.423277316681891,3.6801723361813536,2.303474395735449,0.6041723856051725,9.639275916765941,1.097935687186133,5.855440524162254,1.9193500522716243,0.8958584869942281,9.483826529514396,kappa_s;kappa_f,3.121937025086759e-05
TCS,2026-09-10,20,16,0.0005310604189739099,1,0.0,,,,,,,,,,,0.0,kappa_s;kappa_f,0.0
TCS,2026-09-17,19,15,0.000635249580718594,9,3.9419062280339303,1.4658147602375493e-06,1.0878626907452436,2.413378162693405,3.351745173894993,0.5305416832056933,6.248017011026992,1.0129309566006768,2.313181725428593,2.3024090593813726,0.6928054662941204,6.3450045131509984,kappa_f,4.99601653469521e-05
TCS,2026-09-23,19,15,0.0047939973880855346,12,6.519885771124585,6.447269739769128,5.801774212423341,7.409449594267836,1.8428622184063723,0.043159650714226866,8.467851647317094,5.88740340402631,5.063497348010258,0.7117920826826956,0.2625111249816108,9.85550887051158,theta_f,0.00013989836028434517
