ticker,date_id,spot,usable_slots,front_dte,in_training_support,best_rel_error,flat_bs_rel_error,best_started_at_flat_corner,best_on_bound,starts_converged,equiv_count,equiv_on_bound,equiv_interior,median_dispersion,max_dispersion,interior_median_dispersion,interior_max_dispersion,p_kappa_s,p_theta_s,p_sigma_s,p_rho_s,p_v0_s,p_kappa_f,p_theta_f,p_sigma_f,p_rho_f,p_v0_f
SOLARINDS,2026-07-01,18610.0,10,27,True,0.018177629573052127,0.025870017500322782,False,False,7,7,6,1,11.047198198075215,114.94340306430962,,,1.0226457371000628,0.03751940364407672,0.2683185404674924,-0.9537359233831918,0.12634737192015155,8.912727509312129,0.0012246872967963981,0.12766685914130052,-0.056576621739895465,0.0028339411828742643
SOLARINDS,2026-07-02,18659.0,10,26,True,0.010778851878400861,0.0205272926149989,False,True,7,7,7,0,6.455451142235351,9.731486375149263,,,4.418120346121351,0.47691969724597755,2.0206269787550357,0.4838938679008138,0.003002037165840785,7.346431438555452,0.1689557062396863,1.5509441974500007,-0.8493356470946449,0.0325162302042215
SOLARINDS,2026-07-03,18514.0,9,25,True,0.052825569177884155,0.06962790953686383,False,True,7,7,7,0,12.41575926761648,12.474823565050697,,,0.108303596989251,0.020178030511006424,0.06507371101190294,-0.9057809533069844,0.0005753788968910449,6.401563271597207,0.6256975954039814,2.7861519934296233,0.33361025654392396,0.018675958797828057
SOLARINDS,2026-07-06,18539.0,11,22,True,0.06508297996900178,0.07849694182445066,False,True,7,7,7,0,9.385093679402658,10.042160855057697,,,3.404508206362808,0.6008758051001198,1.9882386044977414,-0.6792127410475914,0.0036760248103708316,42.66157302480336,0.04498548570282379,1.9283033991125291,0.697961507841904,0.11859084849484453
SOLARINDS,2026-07-07,18268.0,10,21,True,0.024181030203898873,0.1243349974737419,False,True,7,7,7,0,0.29348689085146373,0.5507279671374954,,,2.1608102417187767,0.01750631005809119,0.2707387133842758,0.6621154445090393,0.012281074826413052,62.67038182912811,0.0010772512960531412,0.36168348813038903,0.706050358344079,0.39862575546385914
HDFCBANK,2026-07-01,796.15,20,27,True,0.028038640402186885,0.05754662628649728,False,True,7,7,7,0,4.966596448966704,5.4466406851059395,,,4.47433531250676,0.0009684566499623405,0.09163113503173709,-0.869166366160061,0.0036442296941883723,40.615213504621046,0.03003060945886177,1.537467641373286,-0.33129183084120006,0.11828637439732095
HDFCBANK,2026-07-02,795.9,19,26,True,0.03709453829040096,0.05708623517458766,False,True,7,7,7,0,1.357827152565862,3.536967156339566,,,1.4398105495989941,0.05472707606573198,0.07817663531025507,-0.8300063039510104,0.005379641933561918,67.30677500507089,0.023761012115413684,1.7605217691405257,-0.5157145598050527,0.17461532155793488
HDFCBANK,2026-07-03,801.05,20,25,True,0.012535508390026364,0.03356225848299848,False,True,7,7,7,0,1.1435139992292136,1.972030454703502,,,4.474343222733928,0.030731119172136192,0.5161769211499099,0.5864144393128135,0.0150572643651982,24.341644033093672,0.017936739363669473,0.9198695503930804,-0.7897938993920156,0.06645184208314747
HDFCBANK,2026-07-06,829.85,20,22,True,0.04415176153496962,0.047670593274731075,False,True,7,7,7,0,4.379555180921148,5.435965877792686,,,4.474343056066994,0.052173593016516105,0.6725651472688713,-0.7625441605885995,0.016350365638625516,45.01985599437301,0.015212029900672032,1.1520597115355558,0.6237647608699266,0.06421775594706426
HDFCBANK,2026-07-07,829.3,20,21,True,0.037779168579619965,0.03101548696021957,False,True,7,7,7,0,4.271982909113054,5.220689596994586,,,4.474012652144241,0.04708406858471071,0.6387758923381799,-0.8204792486131774,0.02021377462348354,35.78983885965459,0.010691454954150916,0.8611480400228345,0.5327642230139304,0.03662101327255669
